index,published,keyword,domain,language,valid,title,description,url,image,archive,content,quote,de,en,la,added
01a9373095db2d74cc14d3f0d89e2808,2026-07-02T04:44:23Z,'landslide',newsonjapan.com,en,0.9,Typhoon No. 9 Forms as Linear Rainbands Bring Disaster-Level Rain to Kyushu,"Successive linear rainbands formed across five prefectures in Kyushu through the morning of July 2, bringing disaster-level rain that caused river flooding, landslides and inundated roads, while Typhoon No. 9 formed over waters far southeast of Japan. (News O…",https://newsonjapan.com/article/149841.php,https://i2.ytimg.com/vi/ua-rukx-1eY/maxresdefault.jpg,http://web.archive.org/web/20260703040321/https://newsonjapan.com/article/149841.php,"Kumamoto -
 Successive linear rainbands formed across five prefectures in Kyushu through the morning of July 2, bringing disaster-level rain that caused river flooding, landslides and inundated road… [+2430 chars]",,"Taifun Nr. 9 bildet sich als lineare Regenbänder und bringt Regen auf Katastrophenniveau nach Kyushu. Bis zum Morgen des 2. Juli bildeten sich in fünf Präfekturen in Kyushu aufeinanderfolgende lineare Regenbänder, die katastrophenartige Regenfälle mit sich brachten, die zu Flussüberschwemmungen, Erdrutschen und überschwemmten Straßen führten, während sich Taifun Nr. 9 über den Gewässern weit südöstlich von Japan bildete. (Neuigkeiten O…","Typhoon No. 9 Forms as Linear Rainbands Bring Disaster-Level Rain to Kyushu. Successive linear rainbands formed across five prefectures in Kyushu through the morning of July 2, bringing disaster-level rain that caused river flooding, landslides and inundated roads, while Typhoon No. 9 formed over waters far southeast of Japan. (News O…","Typhoon No. 9 formae lineares Rainbands Profer malum-Level Nubila ad Kyushu. Iugae successivae lineares trans quinque praefecturas in Kyushu factae per mane Iulias II, pluviam inundationem, proruit et inundationem viae fluvii inundationem, calamitatem afferentes, formaverunt. (News O…",2026-07-03 12:08:40+00:00
48ec56a8d7a1c05c0865e57387843c59,2026-07-02T12:00:00Z,'landslide',www.nybooks.com,en,0.9,Hungary: The Flood,"Peter Magyar’s landslide electoral victory in April made clear that after sixteen years, Hungarians were tired of Viktor Orbán.",https://www.nybooks.com/articles/2026/07/23/hungary-the-flood-gordon-sander/,https://www.nybooks.com/wp-content/uploads/2026/06/sander_1-072326-1200.jpg,http://web.archive.org/web/20260703081054/https://www.nybooks.com/articles/2026/07/23/hungary-the-flood-gordon-sander/,"It isn’t every day that one is invited to a regime change party. But there it was on my phone on May 8, while I was traveling in Hungary. “Come along,” Péter Magyar, who was about to become the count… [+25711 chars]",,"Ungarn: Die Sintflut. Der Erdrutschsieg von Peter Magyar im April machte deutlich, dass die Ungarn Viktor Orbán nach 16 Jahren satt hatten.","Hungary: The Flood. Peter Magyar’s landslide electoral victory in April made clear that after sixteen years, Hungarians were tired of Viktor Orbán.",Hungaria: Diluvium. Petrus Magyar victoriam comitialem mense Aprili manifestavit post sedecim annos Hungari fessi Viktor Orbán.,2026-07-05 02:55:12+00:00
f04a9765cb47f2ae64124ce626e24235,2026-07-03T19:35:02Z,'landslide',timesofindia.indiatimes.com,en,0.9,NDRF deploys rescue teams in Maharashtra and Goa,"NDRF pre-positions monsoon rescue teams at 12 locations across Maharashtra and Goa from July 1 to speed response to floods, landslides and urban flooding.",https://timesofindia.indiatimes.com/city/pune/ndrf-deploys-rescue-teams-in-maharashtra-and-goa/articleshow/132170357.cms,"https://static.toiimg.com/thumb/msid-132170356,width-1280,height-720,resizemode-6,overlay-toi_sw,pt-32,y_pad-600/photo.jpg",http://web.archive.org/web/20260704010317/https://timesofindia.indiatimes.com/city/pune/ndrf-deploys-rescue-teams-in-maharashtra-and-goa/articleshow/132170357.cms,"Follow Us On Social Media
Foot in bus door costs tailor a leg, driver bookedInsecure battery software, not app alone, behind e-rick vulnerability, says top cybersecurity expertMobile app being used … [+1128 chars]",,"NDRF entsendet Rettungsteams in Maharashtra und Goa. NDRF positioniert ab dem 1. Juli Monsun-Rettungsteams an 12 Standorten in Maharashtra und Goa, um die Reaktion auf Überschwemmungen, Erdrutsche und städtische Überschwemmungen zu beschleunigen.","NDRF deploys rescue teams in Maharashtra and Goa. NDRF pre-positions monsoon rescue teams at 12 locations across Maharashtra and Goa from July 1 to speed response to floods, landslides and urban flooding.","NDRF explicat liberate turmas in Maharashtra et Goa. NDRF prae-positiones ETESIAE iunctiones liberandae in 12 locis per Maharashtra et Goam ab July 1 ut velocitatem responsionis ad inundationes, proruit et inundationes urbanas.",2026-07-05 07:56:23+00:00
6a6ef47a13e12152444012422ccfa3e2,2026-07-04T04:13:00Z,'landslide',economictimes.indiatimes.com,en,0.9,Arunachal Pradesh govt deploys helicopter to airlift essential supplies to areas cut off by flood,"Heavy rains have caused devastating floods and landslides in Arunachal Pradesh, isolating several villages in Lower Siang. A commercial helicopter is now crucial for delivering emergency food and medical supplies to the cut-off communities. The administration…",https://economictimes.indiatimes.com/news/india/arunachal-pradesh-govt-deploys-helicopter-to-airlift-essential-supplies-to-areas-cut-off-by-flood/articleshow/132174514.cms,"https://img.etimg.com/thumb/msid-132174593,width-1200,height-630,imgsize-172996,overlay-economictimes/articleshow.jpg",http://web.archive.org/web/20260704053605/https://economictimes.indiatimes.com/news/india/arunachal-pradesh-govt-deploys-helicopter-to-airlift-essential-supplies-to-areas-cut-off-by-flood/articleshow/132174514.cms,"Itanagar: Flash floods and massive landslides triggered by heavy rains around a week ago cut off several remote villages in Arunachal Pradesh from the rest of the state, requiring the administration … [+2351 chars]",,"Die Regierung von Arunachal Pradesh setzt einen Hubschrauber ein, um lebenswichtige Hilfsgüter in Gebiete zu befördern, die von der Überschwemmung abgeschnitten sind. Heftige Regenfälle haben in Arunachal Pradesh verheerende Überschwemmungen und Erdrutsche verursacht und mehrere Dörfer in Lower Siang isoliert. Ein kommerzieller Hubschrauber ist jetzt von entscheidender Bedeutung für die Lieferung von Notnahrungsmitteln und medizinischen Hilfsgütern an die abgeschnittenen Gemeinden. Die Verwaltung…","Arunachal Pradesh govt deploys helicopter to airlift essential supplies to areas cut off by flood. Heavy rains have caused devastating floods and landslides in Arunachal Pradesh, isolating several villages in Lower Siang. A commercial helicopter is now crucial for delivering emergency food and medical supplies to the cut-off communities. The administration…","Arunachal Pradesh govt helicopterum explicat ut commeatus essentiales airlift areis diluviis interclusis. Imbres graves fecerunt inundationes et ruinas in Arunachal Pradesh vastantes, plures vicos in inferiori Siang solitudines. Helicopterum commerciale nunc pendet ad subitis cibum et medicos commeatus communitatibus abscissorum tradendis. Administratio…",2026-07-05 07:56:23+00:00
55aa554b632a815a651efb7aac1f0dc2,2026-07-03T19:10:23Z,'landslide',timesofindia.indiatimes.com,en,0.9,"Sinhagad Fort shut after landslide, Varandha Ghat traffic halted as heavy rain lashes Pune district","Sinhagad Fort closed after landslide near entrance; Varandha Ghat road blocked on Bhor-Mahad route as heavy rain hits Pune district, traffic halted.",https://timesofindia.indiatimes.com/city/pune/sinhagad-fort-shut-after-landslide-varandha-ghat-traffic-halted-as-heavy-rain-lashes-pune-district/articleshow/132170098.cms,"https://static.toiimg.com/thumb/msid-132170096,width-1280,height-720,resizemode-6,overlay-toi_sw,pt-32,y_pad-600/photo.jpg",http://web.archive.org/web/20260704010317/https://timesofindia.indiatimes.com/city/pune/sinhagad-fort-shut-after-landslide-varandha-ghat-traffic-halted-as-heavy-rain-lashes-pune-district/articleshow/132170098.cms,"<ul><li>News</li>
<li>Sinhagad Fort shut after landslide, Varandha Ghat traffic halted as heavy rain lashes Pune district</li></ul>
Follow Us On Social Media
Copyright © 2026 Bennett, Coleman &amp… [+76 chars]",,"Das Sinhagad-Fort wurde nach einem Erdrutsch geschlossen, der Verkehr in Varandha Ghat kam zum Erliegen, als heftiger Regen den Bezirk Pune traf. Sinhagad-Festung nach Erdrutsch in der Nähe des Eingangs geschlossen; Die Straße Varandha Ghat auf der Strecke Bhor-Mahad wurde blockiert, als heftiger Regen den Bezirk Pune traf, der Verkehr kam zum Erliegen.","Sinhagad Fort shut after landslide, Varandha Ghat traffic halted as heavy rain lashes Pune district. Sinhagad Fort closed after landslide near entrance; Varandha Ghat road blocked on Bhor-Mahad route as heavy rain hits Pune district, traffic halted.","Sinhagad Fort clausa post prolapsionem, negotiatio Varandha Ghat constitit sicut pluviae plagae districtus Pune. Sinhagad Fort clausus post proiectum prope ostium; Varandha via Ghat saepta in itinere Bhor-Mahad sicut pluviae regionis Pune pervenit, negotiatio constitit.",2026-07-07 02:55:13+00:00
9c22c1b874a0708b7bfe7f2c78bdf15b,2026-07-06T02:30:16Z,'landslide road',economictimes.indiatimes.com,en,0.9,"Mumbai rain: Train services suspended after landslides, Mumbai-Pune Expressway shut; helplines issued",Heavy rains have crippled transport between Mumbai and Pune. Central Railway has suspended train services due to landslides and track damage in the Bhor Ghat section. The Mumbai-Pune Expressway and old highway are also closed to traffic following landslides. …,https://economictimes.indiatimes.com/news/new-updates/mumbai-rain-train-services-suspended-after-landslides-mumbai-pune-expressway-shut-helplines-issued/articleshow/132205694.cms,"https://img.etimg.com/thumb/msid-132205692,width-1200,height-630,imgsize-86988,overlay-economictimes/articleshow.jpg",,"Heavy rainfall has severely disrupted transport between Mumbai and Pune, with Central Railway suspending train services on key routes following landslides and track damage in the Bhor Ghat section. A… [+2584 chars]",,"Regen in Mumbai: Zugverkehr nach Erdrutschen eingestellt, Schnellstraße Mumbai-Pune gesperrt; Hotlines ausgegeben. Starke Regenfälle haben den Transport zwischen Mumbai und Pune lahmgelegt. Die Central Railway hat den Zugverkehr aufgrund von Erdrutschen und Gleisschäden im Abschnitt Bhor Ghat eingestellt. Auch der Mumbai-Pune Expressway und die alte Autobahn sind nach Erdrutschen für den Verkehr gesperrt. …","Mumbai rain: Train services suspended after landslides, Mumbai-Pune Expressway shut; helplines issued. Heavy rains have crippled transport between Mumbai and Pune. Central Railway has suspended train services due to landslides and track damage in the Bhor Ghat section. The Mumbai-Pune Expressway and old highway are also closed to traffic following landslides. …","Mumbai pluvia: Proverbium muneris suspensus post proruit, Mumbai-Pune Expressway clausa; helplines edita. Imbres graves onerariae clauduntur inter Mumbai et Pune. Central Railway suspensa officia traminis ob proruit et damna in sectione Bhor Ghat indagare. Mumbai-Pune Expressway et vetus via clauduntur etiam ad mercaturam sequentium ruinarum. ...",2026-07-07 21:22:53+00:00
93b0593a23cf7eb46fd60ec8414e2dba,2026-07-06T09:56:27Z,'rock fall',economictimes.indiatimes.com,en,0.9,"Nine weeks in, Mumbai-Pune Expressway's Missing Link partially shut as heavy rain triggers landslide","A recent landslide on the Mumbai-Pune Expressway's new Missing Link corridor, inaugurated just nine weeks ago, has caused significant traffic disruption. Heavy overnight rainfall led to mud and rock flow onto the Pune-to-Mumbai carriageway, forcing its comple…",https://economictimes.indiatimes.com/news/india/nine-weeks-in-mumbai-pune-expressways-missing-link-goes-missing-as-heavy-rain-landslide-shut-new-corridor/articleshow/132213430.cms,"https://img.etimg.com/thumb/msid-132213762,width-1200,height-630,imgsize-121942,overlay-economictimes/articleshow.jpg",,"A landslide on the Mumbai-Pune Expressway's newly-built Missing Link corridor disrupted traffic on Monday, barely nine weeks after the Rs 6,695-crore stretch was inaugurated as a permanent fix for th… [+5430 chars]",,"Neun Wochen später ist der Missing Link des Mumbai-Pune Expressway teilweise geschlossen, da heftiger Regen einen Erdrutsch auslöste. Ein kürzlicher Erdrutsch auf dem neuen Missing-Link-Korridor des Mumbai-Pune Expressway, der erst vor neun Wochen eingeweiht wurde, hat zu erheblichen Verkehrsbehinderungen geführt. Starke nächtliche Regenfälle führten dazu, dass Schlamm und Steine ​​auf die Fahrbahn von Pune nach Mumbai flossen und deren vollständige…","Nine weeks in, Mumbai-Pune Expressway's Missing Link partially shut as heavy rain triggers landslide. A recent landslide on the Mumbai-Pune Expressway's new Missing Link corridor, inaugurated just nine weeks ago, has caused significant traffic disruption. Heavy overnight rainfall led to mud and rock flow onto the Pune-to-Mumbai carriageway, forcing its comple…","Novem hebdomades in, Mumbai-Pune Expressway's Absentis Link partim inclusus ut pluviae triggers proruit. Recens lapsus in Mumbai-Pune Expressway novus Missing Link ANDRON, inauguratus ante novem hebdomades tantum, discidium mercaturae significantem effecit. Gravis pluviis pernoctans ad lutum et rupes fluit in Pune-ad-Mumbai vehiculis, quae comple…",2026-07-07 21:22:53+00:00
0f1e5341ffd24e1efffc5930d04b38b8,2026-07-06T05:39:46Z,'landslide road',economictimes.indiatimes.com,en,0.9,Pune Expressway reopens for traffic after debris and water clearance; vehicular movement restored,"Pune-Mumbai vehicular traffic has resumed after landslides and waterlogging were cleared from the expressway. However, authorities urge caution and suggest postponing non-essential travel. Mumbai faces a Red Alert with heavy rains, gusty winds, and disruption…",https://economictimes.indiatimes.com/news/india/pune-expressway-reopens-for-traffic-after-debris-and-water-clearance-vehicular-movement-restored/articleshow/132208421.cms,"https://img.etimg.com/thumb/msid-132208497,width-1200,height-630,imgsize-75776,overlay-economictimes/articleshow.jpg",http://web.archive.org/web/20260706060722/https://economictimes.indiatimes.com/news/india/pune-expressway-reopens-for-traffic-after-debris-and-water-clearance-vehicular-movement-restored/articleshow/132208421.cms,"Pune: The water accumulated near the Pune Expressway and the debris that fell on the road due to landslides have been completely removed, after which the road has been opened again for vehicular traf… [+3543 chars]",,"Pune Expressway wird nach Beseitigung von Trümmern und Wasser wieder für den Verkehr freigegeben; Fahrzeugbewegung wiederhergestellt. Der Fahrzeugverkehr zwischen Pune und Mumbai wurde wieder aufgenommen, nachdem Erdrutsche und Staunässe von der Schnellstraße beseitigt wurden. Die Behörden mahnen jedoch zur Vorsicht und schlagen vor, nicht unbedingt notwendige Reisen zu verschieben. In Mumbai herrscht Alarmstufe Rot mit starken Regenfällen, böigen Winden und Störungen …","Pune Expressway reopens for traffic after debris and water clearance; vehicular movement restored. Pune-Mumbai vehicular traffic has resumed after landslides and waterlogging were cleared from the expressway. However, authorities urge caution and suggest postponing non-essential travel. Mumbai faces a Red Alert with heavy rains, gusty winds, and disruption…","Pune Expressway mercaturam recludit post obstantia et aquam alvi; vehicular motus restitutus est. Pune-Mumbai vehicular negotiatio resumpsit postquam proruit et waterlogging ex expresso sedata sunt. Auctoritates tamen cautelam suadent et peregrinationem non essentialem differendam suadeant. Mumbai respicit Rubrum erecti cum imbribus, ventis procellosis, ac perturbatio…",2026-07-08 07:28:12+00:00
5bb5acc6132115fba337ff0e23b9d58e,2026-07-06T09:15:54Z,'landslide rain',timesofindia.indiatimes.com,en,0.9,"Potholes, now a landslide: Rs 6,695-crore Mumbai-Pune expressway link could not survive one monsoon","Heavy rains triggered a landslide near the Missing Link tunnel, forcing the closure of the Mumbai-Pune Expressway and old highway on Monday. This disruption, barely nine weeks after its inauguration, also impacted rail traffic, leading to train cancellations …",https://timesofindia.indiatimes.com/city/pune/potholes-now-a-landslide-rs-6695-crore-mumbai-pune-expressway-link-could-not-survive-one-monsoon/articleshow/132212668.cms,"https://static.toiimg.com/thumb/msid-132212702,width-1280,height-720,resizemode-6,overlay-toi_sw,pt-32,y_pad-600/photo.jpg",,"<ul><li>News</li>
<li>City News</li>
<li>pune News</li>
<li>Potholes, now a landslide: Rs 6,695-crore Mumbai-Pune expressway link could not survive one monsoon</li></ul>
Follow Us On Social Media… [+116 chars]",,"Schlaglöcher, jetzt ein Erdrutsch: Die Schnellstraßenverbindung Mumbai-Pune im Wert von 6.695 Crore konnte einen Monsun nicht überleben. Heftige Regenfälle lösten einen Erdrutsch in der Nähe des Missing-Link-Tunnels aus und erzwangen am Montag die Schließung des Mumbai-Pune Expressway und der alten Autobahn. Diese Störung wirkte sich kaum neun Wochen nach ihrer Eröffnung auch auf den Bahnverkehr aus und führte zu Zugausfällen …","Potholes, now a landslide: Rs 6,695-crore Mumbai-Pune expressway link could not survive one monsoon. Heavy rains triggered a landslide near the Missing Link tunnel, forcing the closure of the Mumbai-Pune Expressway and old highway on Monday. This disruption, barely nine weeks after its inauguration, also impacted rail traffic, leading to train cancellations …","Potholes, nunc lapsus: Rs 6,695-crore Mumbai-Pune expresse nexus unus monsoon superesse non potuit. Imbres graves urguere prope Missing Link cuniculum, clausuram Mumbai-Pune Expressway et antiquam viam die Lunae cogentes. Haec perturbatio, vix novem post hebdomades post inaugurationem suam, etiam commercium rail impingente, ducit ad cancellationes instituendi ...",2026-07-08 07:28:12+00:00
dbdf750f5147c30e6a7a42faaa4b55bc,2026-07-06T20:19:20Z,'landslide road',timesofindia.indiatimes.com,en,0.9,"Major landslide hits Pune-Mumbai Missing Link, traffic back to normal after 18-hour effort",MSRDC seeks IIT Bombay assessment after 600mm rain-triggered landslide blocks Missing Link Tunnel 2 on Mumbai-Pune Expressway; monitoring to intensify in monsoon.,https://timesofindia.indiatimes.com/city/pune/major-landslide-hits-pune-mumbai-missing-link-traffic-back-to-normal-after-18-hour-effort/articleshow/132225448.cms,"https://static.toiimg.com/thumb/msid-132225445,width-1280,height-720,resizemode-6,overlay-toi_sw,pt-32,y_pad-600/photo.jpg",,"<ul><li>News</li>
<li>City News</li>
<li>pune News</li>
<li>Major landslide hits Pune-Mumbai Missing Link, traffic back to normal after 18-hour effort</li></ul>
Follow Us On Social Media
Fraudst… [+1416 chars]",,"Schwerer Erdrutsch erschüttert Pune-Mumbai Missing Link, der Verkehr normalisiert sich nach 18-stündigem Einsatz wieder. MSRDC bittet um Bewertung durch IIT Bombay, nachdem ein durch Regen verursachter 600-mm-Erdrutsch den Missing-Link-Tunnel 2 auf dem Mumbai-Pune Expressway blockiert; Überwachung soll im Monsun intensiviert werden.","Major landslide hits Pune-Mumbai Missing Link, traffic back to normal after 18-hour effort. MSRDC seeks IIT Bombay assessment after 600mm rain-triggered landslide blocks Missing Link Tunnel 2 on Mumbai-Pune Expressway; monitoring to intensify in monsoon.","Maior LAPSUS ad Pune-Mumbai Absentis Link pervenit, negotiatio ad normales post XVIII horarum conatus redit. MSRDC quaerit IIT Bombayium censum post 600mm iactuum pluviarum in caudices Absentis Link cuniculum 2 in Mumbai-Pune Expressway; magna in ETESIA intendet.",2026-07-08 07:28:12+00:00
e661a7fc716b3a01cf3827337b23db9c,2026-07-02T16:40:44Z,'landslide',timesofindia.indiatimes.com,en,0.9,Labourer dies in landslide,"Hubballi landslide kills labourer during drainage pipeline work near Gujarat Bhavan; rain-soaked soil collapsed while digging, police complaint pending.",https://timesofindia.indiatimes.com/city/hubballi/labourer-dies-in-landslide/articleshow/132142644.cms,"https://static.toiimg.com/thumb/msid-131777963,width-1280,height-720,resizemode-6,overlay-toi_sw,pt-32,y_pad-600/photo.jpg",http://web.archive.org/web/20260703014346/https://timesofindia.indiatimes.com/city/hubballi/labourer-dies-in-landslide/articleshow/132142644.cms,"Follow Us On Social Media
UAE's $11.5-Bn Aluminium Bet India's Biggest Gulf Win Yet? Adani, IHC Plan Major Odisha InvestmentRussia's Shadow Fleet Caught Spying on NATO? Explosive Report Drops Bombsh… [+2662 chars]",,"Arbeiter kommt bei Erdrutsch ums Leben. Erdrutsch in Hubballi tötet Arbeiter bei Entwässerungsrohrarbeiten in der Nähe von Gujarat Bhavan; Regendurchnässter Boden stürzte beim Graben ein, Beschwerde bei der Polizei anhängig.","Labourer dies in landslide. Hubballi landslide kills labourer during drainage pipeline work near Gujarat Bhavan; rain-soaked soil collapsed while digging, police complaint pending.","Operarius in LAPSUS moritur. Hubballi in terra laboratum laborantem in adficio operis pipelini prope Gujarat Bhavan necat; pluviis madefactis humus dum fodiendo concidit, vigilum querimonia pendente.",2026-07-08 16:29:11+00:00
bdf162eea08d208cacadd780ddfd58ee,2026-07-04T17:38:28Z,'landslide rain',timesofindia.indiatimes.com,en,0.9,"233mm rain lashes Mahabaleshwar in 24 hours, landslide shuts Ambenali ghat traffic till July 6","Mahabaleshwar gets 233mm rain in 24 hours; Ambenali ghat shut till July 6 after landslide, heavy rain hits Satara-Kolhapur; NDRF deployed.",https://timesofindia.indiatimes.com/city/kolhapur/233mm-rain-lashes-mahabaleshwar-in-24-hours-landslide-shuts-ambenali-ghat-traffic-till-july-6/articleshow/132185215.cms,"https://static.toiimg.com/thumb/msid-132185213,width-1280,height-720,resizemode-6,overlay-toi_sw,pt-32,y_pad-600/photo.jpg",http://web.archive.org/web/20260705012741/https://timesofindia.indiatimes.com/city/kolhapur/233mm-rain-lashes-mahabaleshwar-in-24-hours-landslide-shuts-ambenali-ghat-traffic-till-july-6/articleshow/132185215.cms,"<ul><li>News</li>
<li>233mm rain lashes Mahabaleshwar in 24 hours, landslide shuts Ambenali ghat traffic till July 6</li></ul>
Follow Us On Social Media
&amp;lt;b&amp;gt;Tarun Chugh meets Amit Sha… [+1454 chars]",,"233 mm Regen peitschen Mahabaleshwar in 24 Stunden, Erdrutsch legt den Verkehr am Ambenali Ghat bis zum 6. Juli lahm. Mahabaleshwar verzeichnet 233 mm Regen in 24 Stunden; Ambenali-Ghat nach Erdrutsch bis zum 6. Juli geschlossen, heftiger Regen trifft Satara-Kolhapur; NDRF bereitgestellt.","233mm rain lashes Mahabaleshwar in 24 hours, landslide shuts Ambenali ghat traffic till July 6. Mahabaleshwar gets 233mm rain in 24 hours; Ambenali ghat shut till July 6 after landslide, heavy rain hits Satara-Kolhapur; NDRF deployed.","233mm pluvia verbera Mahabaleshwar in 24 horis, LAPSUS claudit negotiationem Ambenali ghat usque ad Iulium VI. Mahabaleshwar 233mm pluviam in 24 horis accipit; Ambenali ghat inclusi usque ad VI Kalendas Augusti post ruinam, pluvia gravis Satara-Kolhapur pervenit; instruit NDRF.",2026-07-08 16:29:11+00:00
28deb57c1c107c2c07d621618b5c860a,2026-07-05T07:45:16Z,'landslide',economictimes.indiatimes.com,en,0.9,"Rain in Odisha: Depression over Bay of Bengal triggers red alert in Odisha, IMD warns of extremely heavy rainfall, flash floods and landslide risk across state","Odisha rain today: Odisha is bracing for continued heavy rainfall over the next 48 hours as a Bay of Bengal depression intensifies. The India Meteorological Department has issued red alerts for five districts, warning of extremely heavy showers, potential fla…",https://economictimes.indiatimes.com/news/new-updates/rain-in-odisha-depression-over-bay-of-bengal-triggers-red-alert-in-odisha-imd-warns-of-extremely-heavy-rainfall-flash-floods-and-landslide-risk-across-state/articleshow/132192460.cms,"https://img.etimg.com/thumb/msid-132192465,width-1200,height-630,imgsize-53490,overlay-economictimes/articleshow.jpg",http://web.archive.org/web/20260705081900/https://economictimes.indiatimes.com/news/new-updates/rain-in-odisha-depression-over-bay-of-bengal-triggers-red-alert-in-odisha-imd-warns-of-extremely-heavy-rainfall-flash-floods-and-landslide-risk-across-state/articleshow/132192460.cms,"Heavy rain in Odisha is set to continue over the next 48 hours as a low-pressure area over the Bay of Bengal has intensified into a depression, prompting the India Meteorological Department (IMD) to … [+4671 chars]",,"Regen in Odisha: Tiefdruckgebiet über dem Golf von Bengalen löst in Odisha Alarmstufe Rot aus, IMD warnt vor extrem starken Regenfällen, Sturzfluten und Erdrutschgefahr im gesamten Bundesstaat. Odisha-Regen heute: Odisha bereitet sich auf anhaltende starke Regenfälle in den nächsten 48 Stunden vor, da sich das Tiefdruckgebiet in der Bucht von Bengalen verschärft. Das India Meteorological Department hat für fünf Bezirke Alarmstufe Rot herausgegeben und warnt vor extrem heftigen Regenschauern, potenziellen Flammen …","Rain in Odisha: Depression over Bay of Bengal triggers red alert in Odisha, IMD warns of extremely heavy rainfall, flash floods and landslide risk across state. Odisha rain today: Odisha is bracing for continued heavy rainfall over the next 48 hours as a Bay of Bengal depression intensifies. The India Meteorological Department has issued red alerts for five districts, warning of extremely heavy showers, potential fla…","Pluviis in Odisha: Depressione super Bay of Bengal triggers rubrae erectae in Odisha, IMD monet pluviarum gravissimarum, diluvia fulgura et periculum contra statum ruinae. Odisha pluvia hodie: Odisha comprehendit continuas pluvias graves super proximas 48 horas sicut sinus depressionis Bengalicae auget. In India Meteorologico Department per quinque regiones summis montibus rubrum dedit monens imbres maximos, potentiales fla…",2026-07-08 16:29:11+00:00
f1cf8ee82bfc99fa1e91618ad29f08bf,2026-07-05T10:08:50Z,'landslide rain',economictimes.indiatimes.com,en,0.9,"IMD issues orange alert for parts of Kerala, heavy rain likely over next three days","Kerala is bracing for heavy to very heavy rainfall over the next three days, with the IMD issuing orange and yellow alerts for several districts. Authorities are urging residents in landslide and flood-prone areas to relocate to safer grounds and to remain vi…",https://economictimes.indiatimes.com/news/india/imd-issues-orange-alert-for-parts-of-kerala-heavy-rain-likely-over-next-three-days/articleshow/132193835.cms,"https://img.etimg.com/thumb/msid-132193845,width-1200,height-630,imgsize-561362,overlay-economictimes/articleshow.jpg",http://web.archive.org/web/20260706030123/https://economictimes.indiatimes.com/news/india/imd-issues-orange-alert-for-parts-of-kerala-heavy-rain-likely-over-next-three-days/articleshow/132193835.cms,Thiruvananthapuram: Several parts of Kerala received rain on Sunday as the IMD forecast isolated heavy showers in the northern districts and issued orange and yellow alerts for various parts of the s… [+2198 chars],,"Das IMD gibt für Teile von Kerala einen orangefarbenen Alarm aus, in den nächsten drei Tagen ist starker Regen zu erwarten. Kerala bereitet sich auf starke bis sehr starke Regenfälle in den nächsten drei Tagen vor, wobei das IMD für mehrere Bezirke orange und gelbe Warnungen ausgibt. Die Behörden fordern die Bewohner in erdrutsch- und überschwemmungsgefährdeten Gebieten auf, in sicherere Gebiete umzusiedeln und dort zu bleiben.","IMD issues orange alert for parts of Kerala, heavy rain likely over next three days. Kerala is bracing for heavy to very heavy rainfall over the next three days, with the IMD issuing orange and yellow alerts for several districts. Authorities are urging residents in landslide and flood-prone areas to relocate to safer grounds and to remain vi…","IMD exit intentum aureum ad partes Kerala, pluviam gravem per tres dies proximos probabile. Kerala magnas pluvias gravissimas in dies proximos comprehendit, cum IMD aurantiaco et flavo exeuntis per plures regiones. Auctoritates hortantur incolas in locis pronis et inundationibus ad loca tutiora relocare et manere vi…",2026-07-08 16:29:11+00:00
f47c8be8a1849e5f2e5632b638f900ab,2026-07-06T01:51:22Z,'landslide',economictimes.indiatimes.com,en,0.9,Mumbai-Pune train services suspended as heavy rain triggers landslides in Karjat-Lonavala section,"Mumbai rains today: Heavy rains have caused significant disruptions to Mumbai-Pune train services, with landslides in the Karjat-Lonavala Bhor Ghat section halting operations early Monday. Multiple railway lines were affected, leading to the cancellation, div…",https://economictimes.indiatimes.com/industry/transportation/railways/mumbai-rains-today-weather-pune-train-services-suspended-as-rain-triggers-landslides-in-karjat-lonavala-section/articleshow/132205299.cms,"https://img.etimg.com/thumb/msid-132205398,width-1200,height-630,imgsize-87280,overlay-economictimes/articleshow.jpg",,Heavy rains in Maharashtra triggered landslides in the Karjat-Lonavala Bhor Ghat section early on Monday leading to suspension of train services on the busy Mumbai-Pune route.Officials quoted by PTI … [+4105 chars],,"Der Zugverkehr zwischen Mumbai und Pune wurde eingestellt, da starker Regen Erdrutsche im Abschnitt Karjat-Lonavala auslöste. Mumbai regnet heute: Heftige Regenfälle haben zu erheblichen Störungen im Zugverkehr Mumbai-Pune geführt, wobei Erdrutsche im Abschnitt Karjat-Lonavala Bhor Ghat den Betrieb am frühen Montag zum Erliegen brachten. Mehrere Eisenbahnstrecken waren betroffen, was zur Annullierung, Teilung… führte.","Mumbai-Pune train services suspended as heavy rain triggers landslides in Karjat-Lonavala section. Mumbai rains today: Heavy rains have caused significant disruptions to Mumbai-Pune train services, with landslides in the Karjat-Lonavala Bhor Ghat section halting operations early Monday. Multiple railway lines were affected, leading to the cancellation, div…","Mumbai-Pune operas tramen suspensas sicut pluviae graves proruit in sectione Karjat-Lonavala. Mumbai pluit hodie: Imbres graves fecerunt perturbationes significantes ad officia traminis Mumbai-Pune, cum proruit in sectione operationum primae Lunae in Karjat-Lonavala Bhor Ghat. Multae lineae ferriviariae affectae sunt, ducens ad tabulas, div...",2026-07-08 16:29:11+00:00
7491d4ee9c04198811532eddf059dde6,2026-07-07T17:40:16Z,'landslide rain',timesofindia.indiatimes.com,en,0.9,"Monsoon fury continues as rain shuts schools, swells rivers","Karnataka monsoon rains shut schools, swell rivers and reservoirs; Tunga dam gates opened, landslides and road cave-ins reported, evacuations issued in low-lying villages.",https://timesofindia.indiatimes.com/city/bengaluru/monsoon-fury-continues-as-rain-shuts-schools-swells-rivers/articleshow/132244723.cms,"https://static.toiimg.com/thumb/msid-132244721,width-1280,height-720,resizemode-6,overlay-toi_sw,pt-32,y_pad-600/photo.jpg",,"Follow Us On Social Media
Before Its Takedown, Satluj Won Over Viewers: Why X Is Calling It Diljit's Best PerformanceChinese blockade, cyberattacks, invasion: Inside Taiwan's worst-case war exercise… [+2827 chars]",,"Die Monsunwut hält an, während der Regen Schulen schließt und Flüsse anschwellen lässt. Monsunregen in Karnataka schließen Schulen, lassen Flüsse und Stauseen anschwellen; Tore des Tunga-Staudamms wurden geöffnet, Erdrutsche und Straßeneinbrüche wurden gemeldet, Evakuierungen in tiefer gelegenen Dörfern wurden angeordnet.","Monsoon fury continues as rain shuts schools, swells rivers. Karnataka monsoon rains shut schools, swell rivers and reservoirs; Tunga dam gates opened, landslides and road cave-ins reported, evacuations issued in low-lying villages.","ETESIA furor pergit, imbres scholas claudit, flumina tumet. Karnataka ETESIA, imbres scholarum claudunt, flumina inundant et receptacula; Tunga dam portae apertae, proruit et via speluncis retulit, purgationes edita in villas iacentes.",2026-07-08 21:06:03+00:00
9389c6dd5ee3d4d8e0a0699da092bad1,2026-07-07T20:25:29Z,'rockfall',www.cbc.ca,en,0.9,Large rockslide closes Rundle Rock climbing area in Banff National Park,No injuries were reported after a large rockfall at the Rundle Rock climbing area in Banff National Park prompted closures Tuesday.,https://www.cbc.ca/news/canada/calgary/rundle-rock-rockslide-9.7261762,"https://i.cbc.ca/ais/8ad10092-4c94-458c-864e-21f3037010dc,1783455889995/full/max/0/default.jpg?im=Crop%2Crect%3D%280%2C462%2C1200%2C675%29%3BResize%3D620",,"A large rockfall occurred at the Rundle Rock climbing area in Banff National Park.
EMS spokesperson Stuart Brideaux says there were people in the area when the rockslide occurred but no one was inju… [+642 chars]",,"Ein großer Felssturz verschließt das Klettergebiet Rundle Rock im Banff-Nationalpark. Es wurden keine Verletzten gemeldet, nachdem ein großer Steinschlag im Klettergebiet Rundle Rock im Banff-Nationalpark am Dienstag zu Schließungen führte.",Large rockslide closes Rundle Rock climbing area in Banff National Park. No injuries were reported after a large rockfall at the Rundle Rock climbing area in Banff National Park prompted closures Tuesday.,Large rockslide claudit Rundle Rock aream in Banff National Park. Nullae iniuriae nuntiatae sunt postquam magnas ruinas ad Rundle Rock aream ascendentem in Banff National Park Martis commissuras suasit.,2026-07-09 17:22:28+00:00
86d40f5d806881b758f4f9c1cc24ecb3,2026-07-08T02:54:07Z,'rockfall',economictimes.indiatimes.com,en,0.9,"Heavy rainfall triggers rockfall in Uttarakhand, 32 roads closed",Most parts of Uttarakhand experienced moderate to heavy rainfall on Tuesday. Falling debris from hills led to the closure of thirty-two roads across the state. Pantnagar recorded the highest rainfall at one hundred and seven millimeters. Light to moderate rai…,https://economictimes.indiatimes.com/news/india/heavy-rainfall-triggers-rockfall-in-uttarakhand-32-roads-closed/articleshow/132252230.cms,"https://img.etimg.com/thumb/msid-132252313,width-1200,height-630,imgsize-225760,overlay-economictimes/articleshow.jpg",http://web.archive.org/web/20260708031534/https://economictimes.indiatimes.com/news/india/heavy-rainfall-triggers-rockfall-in-uttarakhand-32-roads-closed/articleshow/132252230.cms,"Dehradun: Most parts of Uttarakhand received moderate to heavy rainfall on Tuesday, with falling debris from the hills leading to closure of 32 roads, officials said.According to the Dehradun Meteoro… [+718 chars]",,"Starke Regenfälle lösen Steinschlag in Uttarakhand aus, 32 Straßen gesperrt. In den meisten Teilen von Uttarakhand kam es am Dienstag zu mäßigen bis starken Regenfällen. Herabfallende Trümmer von Hügeln führten zur Sperrung von 32 Straßen im ganzen Bundesstaat. Pantnagar verzeichnete mit einhundertsieben Millimetern den höchsten Niederschlag. Leichter bis mäßiger Regen…","Heavy rainfall triggers rockfall in Uttarakhand, 32 roads closed. Most parts of Uttarakhand experienced moderate to heavy rainfall on Tuesday. Falling debris from hills led to the closure of thirty-two roads across the state. Pantnagar recorded the highest rainfall at one hundred and seven millimeters. Light to moderate rai…","Imbribus gravibus triggers ruinae in Uttarakhand, 32 viae clausae sunt. Pleraque partes Uttarakhand moderatae sunt expertae pluviae die Martis. Strages ruinae ex collibus deductae sunt ad claudendum triginta duas vias publicas transversas. Pantnagar memoratur pluviae altissimae centum et septem millimetris. Lux moderari rai ...",2026-07-09 17:22:28+00:00
873f529dee39e099ac19f80399d7d5fb,2026-07-09T00:51:32Z,'landslide rain',www.aljazeera.com,en,0.9,Eight killed as landslide hits Rohingya school in Bangladesh,At least seven children and a teacher were killed after a landslide hit a girls’ school at a refugee camp in Bangladesh.,https://www.aljazeera.com/video/newsfeed/2026/7/9/eight-killed-as-landslide-hits-rohingya-school-in-bangladesh,https://www.aljazeera.com/wp-content/uploads/2026/07/ap_6a4ef065051d0-1783558245.jpg?resize=1920%2C1440,,"NewsFeed
At least seven children and a teacher were killed after a landslide hit a girls school at a refugee camp in Bangladesh. The weather office has forecast more rain, leaving the overcrowded ca… [+65 chars]",,"Acht Tote bei Erdrutsch in Rohingya-Schule in Bangladesch. Mindestens sieben Kinder und eine Lehrerin kamen ums Leben, nachdem ein Erdrutsch eine Mädchenschule in einem Flüchtlingslager in Bangladesch erschüttert hatte.",Eight killed as landslide hits Rohingya school in Bangladesh. At least seven children and a teacher were killed after a landslide hit a girls’ school at a refugee camp in Bangladesh.,Octo interfecti in LAPSUS in schola Rohingya in Bangladesia pervenit. Saltem septem pueri et magister occisi sunt post lapsus puellarum scholam in castris profugis in Bangladesia percusserunt.,2026-07-10 02:51:44+00:00
644996005d5ac05f9b172f25ddd6f501,2026-07-09T01:43:49Z,'landslide rain',economictimes.indiatimes.com,en,0.9,"Monsoon batters Delhi, Mumbai; 11 feared trapped in Pune building collapse","Heavy monsoon rains battered India, causing widespread floods and disruptions. Flash floods and waterlogging affected Delhi, Mumbai, and Gujarat, with several deaths reported. Maharashtra faced landslides and disrupted train services due to swollen rivers. Ke…",https://economictimes.indiatimes.com/news/india/delhi-mumbai-grapple-with-monsoon-havoc-11-feared-trapped-in-pune-building-collapse-amid-heavy-rain/articleshow/132275026.cms,"https://img.etimg.com/thumb/msid-132275048,width-1200,height-630,imgsize-320938,overlay-economictimes/articleshow.jpg",,"New Delhi: Heavy monsoon rains battered large parts of the country on Wednesday, triggering flash floods and widespread disruption to rail and road traffic, with 11 people feared trapped under a coll… [+7428 chars]",,"Monsun verwüstet Delhi und Mumbai; 11 Personen befürchteten, beim Einsturz eines Gebäudes in Pune eingeschlossen zu sein. Heftige Monsunregenfälle erschütterten Indien und führten zu großflächigen Überschwemmungen und Störungen. Sturzfluten und Staunässe betrafen Delhi, Mumbai und Gujarat, wobei mehrere Todesfälle gemeldet wurden. In Maharashtra kam es aufgrund anschwellender Flüsse zu Erdrutschen und Unterbrechungen des Zugverkehrs. Ke…","Monsoon batters Delhi, Mumbai; 11 feared trapped in Pune building collapse. Heavy monsoon rains battered India, causing widespread floods and disruptions. Flash floods and waterlogging affected Delhi, Mumbai, and Gujarat, with several deaths reported. Maharashtra faced landslides and disrupted train services due to swollen rivers. Ke…","Monsoon quatit Delhi, Mumbai; 11 Timui capti in pUne edificii ruina. Imbres graves ETESIAE Indiae quassatae sunt, inundationes et disruptiones diffundentes. Inundationes Flash et waterlogging affectus Delhi, Mumbai et Gujarat cum pluribus mortibus nuntiaverunt. Maharashtra ante proruit et turbato officia ob flumina tumida. Ke…",2026-07-10 02:51:44+00:00
32fb0aaa2aaa7c18d9327e81c825303b,2026-07-07T04:10:02Z,'landslide',www.aljazeera.com,en,0.9,At least 16 people buried following landslide in China,"The country has been hit by damaging thunderstorms, leaving at least 275 people injured.",https://www.aljazeera.com/news/2026/7/7/at-least-people-buried-following-landslide-in-china,https://www.aljazeera.com/wp-content/uploads/2026/07/2026-07-07T021649Z_1216044457_RC2F8MAFW3SC_RTRMADP_3_ASIA-WEATHER-CHINA-1783395390.jpg?resize=1920%2C1440,,"At least 16 people are still buried following a landslide in the mountainous region of Chinas western province of Gansu.
A total of 33 people were initially trapped, with 17 now successfully rescued… [+1436 chars]",,"Nach einem Erdrutsch in China sind mindestens 16 Menschen begraben. Das Land wurde von verheerenden Gewittern heimgesucht, bei denen mindestens 275 Menschen verletzt wurden.","At least 16 people buried following landslide in China. The country has been hit by damaging thunderstorms, leaving at least 275 people injured.","Saltem XVI homines sequentes in Sinis lapsu sepulti sunt. Terra tonitribus percussa damno, 275 Incolumis saltem populis.",2026-07-10 12:24:28+00:00
e769d094448e4e2f3b84202f1dcb2e86,2026-07-07T07:55:00Z,'landslide rain',www.dw.com,en,0.9,"India news: Kerala landslide kills 1, several feared trapped",A landslide in Kerala's Wayanad district killed one and injured at least seven. Officials said more than 10 people could be trapped under the debris. DW has the latest.,https://www.dw.com/en/india-news-kerala-landslide-kills-1-several-feared-trapped/live-77859097,https://static.dw.com/image/77861604_6.jpg,,"One person was killed, and at least seven injured after a landslide in the southern state of Kerala's Wayanad district on Tuesday, media reports said.
According to Chief Minister VD Satheeshan, the … [+1005 chars]",,"Nachrichten aus Indien: Erdrutsch in Kerala tötet 1, mehrere befürchten, eingeschlossen zu sein. Bei einem Erdrutsch im Bezirk Wayanad in Kerala kam ein Mensch ums Leben und mindestens sieben wurden verletzt. Beamte sagten, mehr als zehn Menschen könnten unter den Trümmern eingeschlossen sein. DW hat das Neueste.","India news: Kerala landslide kills 1, several feared trapped. A landslide in Kerala's Wayanad district killed one and injured at least seven. Officials said more than 10 people could be trapped under the debris. DW has the latest.","Indiae nuntius: Kerala LAPSUS I necat, complures capti timuerunt. Lapsus in regione Wayanad Kerala unum occidit et saltem septem vulneravit. Magistratus dixerunt plus quam X homines sub strages capi posse. DW novissimam habet.",2026-07-10 12:24:28+00:00
c644d067ca4af82b2d375368f56a744c,2026-07-07T10:41:27Z,'landslide',www.aljazeera.com,en,0.9,"Bangladesh landslides kill nine, including eight Rohingya in refugee camp",Hillsides collapse at four locations at camps in Cox's Bazar in southeastern Bangladesh amid monsoon rains.,https://www.aljazeera.com/news/2026/7/7/bangladesh-landslides-kill-nine-including-eight-rohingya-in-refugee-camp,https://www.aljazeera.com/wp-content/uploads/2026/07/2017-12-19T134853Z_428447843_RC1BD7140C50_RTRMADP_3_GLOBAL-POY-MYANMAR-ROHINGYA-1783407685.jpg?resize=1920%2C1440,,"Landslides caused by heavy monsoon rains have killed at least nine people, including eight Rohingya refugees, in southeastern Bangladesh.
Hillsides collapsed at four locations in Coxs Bazar refugee … [+1662 chars]",,"Bei Erdrutschen in Bangladesch kommen neun Menschen ums Leben, darunter acht Rohingya im Flüchtlingslager. An vier Stellen in Lagern in Cox's Bazar im Südosten Bangladeschs stürzen während des Monsunregens Hänge ein.","Bangladesh landslides kill nine, including eight Rohingya in refugee camp. Hillsides collapse at four locations at camps in Cox's Bazar in southeastern Bangladesh amid monsoon rains.","Bangladesh proruit novem occidunt, inter octo castra fugitivorum Rohingya. Montes quattuor locis in castris cadunt in Cox Bazar in Bangladesia australi inter imbres eTESIAE.",2026-07-10 12:24:28+00:00
5043d8c0211fd28fa803e2f4449b461e,2026-07-07T19:55:37Z,'landslide',www.aljazeera.com,en,0.9,Deadly landslide buries tunnel construction site in India,At least five people were killed after a massive landslide buried a tunnel construction site in Kerala,https://www.aljazeera.com/video/newsfeed/2026/7/7/deadly-landslide-buries-tunnel-construction-site-in-india,https://www.aljazeera.com/wp-content/uploads/2026/07/image-1783454124.jpg?resize=1920%2C1080&quality=80,,"NewsFeed
At least five people were killed after a massive landslide buried a tunnel construction site in Kerala during heavy monsoon rain. CCTV footage captured the dramatic collapse as rescuers sea… [+56 chars]",,"Tödlicher Erdrutsch verschüttet Tunnelbaustelle in Indien. Mindestens fünf Menschen kamen ums Leben, nachdem ein gewaltiger Erdrutsch eine Tunnelbaustelle in Kerala verschüttet hatte",Deadly landslide buries tunnel construction site in India. At least five people were killed after a massive landslide buried a tunnel construction site in Kerala,Cuniculum letale situm in India situm sepelit. Saltem quinque homines interfecti sunt postquam ingens ruina cuniculi in Kerala . situm sepelivit,2026-07-10 12:24:28+00:00
ae4a512ea39285d97c4dc5f16452d398,2026-07-08T10:19:30Z,'landslide',abcnews.com,en,0.9,Rescuers search for 5 missing people after a deadly landslide in India's Kerala state,Rescue teams in the southern Indian state of Kerala are racing to find five people still missing a day after heavy monsoon rains caused a deadly landslide,https://abcnews.com/International/wireStory/rescuers-search-5-missing-people-after-deadly-landslide-134575943,https://i.abcnewsfe.com/a/c5644f96-0a7d-431e-ad25-82ca3807a146/wirestory_1fd8d65607023deb9a074b688b1d22ef_16x9.jpg?w=1600,,"NEW DELHI -- Rescue teams in the southern Indian state of Kerala raced to find five people still missing a day after heavy monsoon rains caused a deadly landslide, officials said.
The landslide kill… [+2047 chars]",,"Retter suchen nach einem tödlichen Erdrutsch im indischen Bundesstaat Kerala nach fünf vermissten Menschen. Rettungsteams im südindischen Bundesstaat Kerala beeilen sich, fünf Menschen zu finden, die einen Tag nach dem tödlichen Erdrutsch durch schwere Monsunregen immer noch vermisst werden",Rescuers search for 5 missing people after a deadly landslide in India's Kerala state. Rescue teams in the southern Indian state of Kerala are racing to find five people still missing a day after heavy monsoon rains caused a deadly landslide,Salutores quaerendi 5 absentis homines post ruinam funestam in statu Kerala Indiae. Partes liberae in statu Indiae meridionali Kerala currentes ad inveniendum quinque homines adhuc absentes post diem gravem imbribus ETESIA letiferum LAPSUS causant.,2026-07-10 12:24:28+00:00
d728c93b6cdbe897893dc535eebc9e0e,2026-07-08T10:55:53Z,'landslide rain',www.rt.com,en,0.9,Couple makes miraculous escape from landslide in India (VIDEO),"Four people were killed in a landslide in Kerala’s Wayanad district as torrential monsoon rains battered the region, while CCTV captured a couple’s dramatic escape",https://www.rt.com/india/642728-miraculous-escape-landslide-kerala/,https://mf.b37mrtl.ru/files/2026.07/article/6a4e2d1e85f5407c953c222a.jpg,,"A couple made a miraculous escape from a landslide during a devastating spell of torrential monsoon rains that claimed four lives in a mountainous district in India’s southern state.
Four people wer… [+1856 chars]",,"Paar gelingt auf wundersame Weise die Flucht vor einem Erdrutsch in Indien (VIDEO). Vier Menschen kamen bei einem Erdrutsch im Bezirk Wayanad in Kerala ums Leben, als sintflutartige Monsunregen die Region heimsuchten, während CCTV die dramatische Flucht eines Paares festhielt","Couple makes miraculous escape from landslide in India (VIDEO). Four people were killed in a landslide in Kerala’s Wayanad district as torrential monsoon rains battered the region, while CCTV captured a couple’s dramatic escape","Coniuges miraculosos ex lapsu in Indiae fugas (VIDEO). Quattuor homines in propatulo in regione Kerala Wayanad interfecti sunt sicut monsoons imbres torrentes regionem quassati sunt, cum CCTV duorum effugium dramaticum cepit.",2026-07-10 12:24:28+00:00
df8ba3323df3336c6e22882d3bb0eff4,2026-07-08T14:30:39Z,'landslide rain',abcnews.com,en,0.9,At least 5 children die in monsoon landslide at a Rohingya camp in Bangladesh,Monsoon rains have triggered a landslide that killed at least five children at a Rohingya refugee camp in Bangladesh,https://abcnews.com/International/wireStory/5-children-die-monsoon-landslide-rohingya-camp-bangladesh-134582530,https://i.abcnewsfe.com/a/3c9d044b-149a-4b48-a1c9-0a6991d2a2f1/wirestory_8a65c76c0f30e7c8821816d249bb54ff_16x9.jpg?w=1600,,"DHAKA, Bangladesh -- A landslide caused by monsoon rains killed at least five children as it swept through an Islamic school at a camp for Rohingya refugees in Bangladeshs southeastern Coxs Bazar dis… [+916 chars]",,"Mindestens fünf Kinder sterben bei einem Monsun-Erdrutsch in einem Rohingya-Lager in Bangladesch. Monsunregen haben einen Erdrutsch ausgelöst, bei dem mindestens fünf Kinder in einem Rohingya-Flüchtlingslager in Bangladesch ums Leben kamen",At least 5 children die in monsoon landslide at a Rohingya camp in Bangladesh. Monsoon rains have triggered a landslide that killed at least five children at a Rohingya refugee camp in Bangladesh,Saltem 5 pueri moriuntur in ETESIA ad castra Rohingya in Bangladesha. Monsoon imbres Urguet LAPSUS qui occisus est a Rohingya profugi castra in Bangladesia saltem quinque liberos,2026-07-10 12:24:28+00:00
e40ef25c5253ffeb6104d463f48ed9d1,2026-07-08T14:46:23Z,'landslide',newsonjapan.com,en,0.9,Landslide Tears Through Shiga Neighborhood,"A landslide that occurred directly in front of homes in Koka, Shiga Prefecture, on July 7 caused part of a garden to collapse and cut off a road, bringing down an area about 25 meters wide and 80 meters long, including residential property. (News On Japan)",https://newsonjapan.com/article/149913.php,https://i2.ytimg.com/vi/0v36aJmIeaM/maxresdefault.jpg,,"SHIGA -
 A landslide that occurred directly in front of homes in Koka, Shiga Prefecture, on July 7 caused part of a garden to collapse and cut off a road, bringing down an area about 25 meters wide … [+770 chars]",,"Erdrutsch reißt durch Shiga-Viertel. Ein Erdrutsch, der sich am 7. Juli direkt vor Häusern in Koka in der Präfektur Shiga ereignete, ließ einen Teil eines Gartens einstürzen und eine Straße abschneiden, wodurch ein etwa 25 Meter breites und 80 Meter langes Gebiet, einschließlich Wohngrundstücken, zum Einsturz gebracht wurde. (Neuigkeiten über Japan)","Landslide Tears Through Shiga Neighborhood. A landslide that occurred directly in front of homes in Koka, Shiga Prefecture, on July 7 caused part of a garden to collapse and cut off a road, bringing down an area about 25 meters wide and 80 meters long, including residential property. (News On Japan)","Lacrimae per Shiga Neighborhood. Lapsus qui proxime ante domos in Koka, Shiga Praefecturae occurrit, die 7 mensis Iulii partem horti construxit et viam interclusit, deducens ambitum circiter 25 metrorum latum et 80 metra longum, inter res residentiales. (News On Japan)",2026-07-10 12:24:28+00:00
fb361f9ff572668e0f0b01f9069df99c,2026-07-09T07:49:17Z,'landslide',abcnews.com,en,0.9,Bangladesh relocates refugees after landslide kills at least 5 children,Authorities in Rohingya refugee camps in Bangladesh are using loudspeakers and a network of volunteers and community leaders to relocate people from risky areas to safety,https://abcnews.com/International/wireStory/bangladesh-relocates-refugees-after-landslide-kills-5-children-134608086,https://i.abcnewsfe.com/a/ce6a531f-86d8-49a3-bc70-76565e043912/wirestory_addd6d36f597d4db38b0facd054de459_16x9.jpg?w=1600,,"DHAKA, Bangladesh -- Authorities in Rohingya refugee camps in Bangladesh used loudspeakers and a network of volunteers and community leaders to relocate people from risky areas to safety Thursday aft… [+2132 chars]",,"Bangladesch ordnet Flüchtlinge um, nachdem bei einem Erdrutsch mindestens fünf Kinder getötet wurden. Behörden in Rohingya-Flüchtlingslagern in Bangladesch nutzen Lautsprecher und ein Netzwerk von Freiwilligen und Gemeindeführern, um Menschen aus Risikogebieten in Sicherheit zu bringen",Bangladesh relocates refugees after landslide kills at least 5 children. Authorities in Rohingya refugee camps in Bangladesh are using loudspeakers and a network of volunteers and community leaders to relocate people from risky areas to safety,Bangladesh relocat exules post LAPSUS necat saltem 5 filios. Auctoritates in Rohingya castris profugorum in Bangladesha utuntur loudspeakers et retis voluntariorum et ducum communium ut homines ex periculosis locis ad salutem transvolare,2026-07-10 12:24:28+00:00
9ad047262c2ed33f5f7231335cec1048,2026-07-09T11:47:30Z,'landslide',www.cbc.ca,en,0.9,At least 13 Rohingya refugees among the dead in Bangladesh landslides,Authorities in Rohingya refugee camps in Bangladesh used loudspeakers and a network of volunteers and community leaders to relocate people from risky areas to safety Thursday after landslides killed at least 13 refugees in the past few days.,https://www.cbc.ca/news/world/bangladesh-landslide-deaths-rohingya-9.7263886,"https://i.cbc.ca/ais/b942e2d3-6e13-4060-9e89-3033d91b6b25,1783595106249/full/max/0/default.jpg?im=Crop%2Crect%3D%280%2C0%2C2775%2C1560%29%3BResize%3D620",,Authorities in Rohingya refugee camps in Bangladesh used loudspeakers and a network of volunteers and community leaders to relocate people from risky areas to safety Thursday after landslides killed … [+2453 chars],,"Mindestens 13 Rohingya-Flüchtlinge unter den Toten bei Erdrutschen in Bangladesch. Behörden in Rohingya-Flüchtlingslagern in Bangladesch setzten am Donnerstag Lautsprecher und ein Netzwerk von Freiwilligen und Gemeindevorstehern ein, um Menschen aus Risikogebieten in Sicherheit zu bringen, nachdem in den vergangenen Tagen bei Erdrutschen mindestens 13 Flüchtlinge ums Leben gekommen waren.",At least 13 Rohingya refugees among the dead in Bangladesh landslides. Authorities in Rohingya refugee camps in Bangladesh used loudspeakers and a network of volunteers and community leaders to relocate people from risky areas to safety Thursday after landslides killed at least 13 refugees in the past few days.,Profugi Rohingya saltem XIII inter mortuos in Bangladesh proruit. Auctoritates in castris exulibus Rohingya in Bangladesh adhibiti clamores et retia voluntariorum et ducum communitatis relocare homines ex locis periculosis ad salutem quinta feria post prolapsa occisis saltem XIII profugi in hos dies.,2026-07-10 12:24:28+00:00
20c70bf83b4d9074ff690b734dbab022,2026-07-08T14:02:54Z,'landslide rain',www.bbc.co.uk,en,0.9,Eight killed after landslide hits girls' school in Bangladesh,Rescuers pull bodies from the mud after heavy monsoon rains batter the south-eastern coast.,https://www.bbc.co.uk/news/articles/cx2wkzww20ro,https://ichef.bbci.co.uk/ace/branded_news/1200/cpsprodpb/116a/live/3c94ce00-7acf-11f1-b976-0b9c15b0ccfc.jpg,,"Seven students and a teacher have been killed in Bangladesh after a landslide hit a girls' school inside a refugee camp.
The Islamic study centre in the coastal city of Cox's Bazar was buried by mud… [+748 chars]",,"Acht Tote nach Erdrutsch in Mädchenschule in Bangladesch. Retter ziehen Leichen aus dem Schlamm, nachdem schwere Monsunregen die Südostküste heimgesucht haben.",Eight killed after landslide hits girls' school in Bangladesh. Rescuers pull bodies from the mud after heavy monsoon rains batter the south-eastern coast.,Duodeviginti interfecti postquam LAPSUS ferit scholam puellarum in Bangladesia. Reservatores corpora e luto trahunt postquam graves imbres ETESIA meridiem-orientalem oram quatiunt.,2026-07-11 02:29:46+00:00
4c6c85aeeec6721eb9dad6a2dc71b49c,2026-07-08T10:32:36Z,'landslide death',timesofindia.indiatimes.com,en,0.3,Trivial bicycle row turns fatal; 3 stab 30-year-old to death in MP,"A bicycle dispute escalated into a fatal stabbing in Madhya Pradesh's Dhar district. Three men allegedly stabbed a 30-year-old man to death late Tuesday night. The victim, Vishnu Bagri, was attacked after an argument over a hidden bicycle. Police registered a…",https://timesofindia.indiatimes.com/city/indore/trivial-bicycle-row-turns-fatal-3-kill-50-year-old-man-in-mp/articleshow/132260501.cms,"https://static.toiimg.com/thumb/msid-132260729,width-1280,height-720,resizemode-6,overlay-toi_sw,pt-32,y_pad-600/photo.jpg",http://web.archive.org/web/20260709010704/https://timesofindia.indiatimes.com/city/indore/trivial-bicycle-row-turns-fatal-3-kill-50-year-old-man-in-mp/articleshow/132260501.cms,"Follow Us On Social Media
IIT Mandi builds landslide warning system for HimalayasFresh out of jail, Bengaluru MBA graduate restarts fake currency printing unit; cigarette purchase gives him awayATEE… [+1789 chars]",,"Trivialer Fahrradstreit endet tödlich; 3 30-Jährige im MP erstochen. Ein Fahrradstreit eskalierte zu einem tödlichen Messerangriff im Bezirk Dhar in Madhya Pradesh. Drei Männer sollen am späten Dienstagabend einen 30-Jährigen erstochen haben. Das Opfer, Vishnu Bagri, wurde nach einem Streit um ein verstecktes Fahrrad angegriffen. Die Polizei registrierte einen…","Trivial bicycle row turns fatal; 3 stab 30-year-old to death in MP. A bicycle dispute escalated into a fatal stabbing in Madhya Pradesh's Dhar district. Three men allegedly stabbed a 30-year-old man to death late Tuesday night. The victim, Vishnu Bagri, was attacked after an argument over a hidden bicycle. Police registered a…","Versa levis birota letale volvitur; 3 XXX annos in MP confodit. Disceptatio birota in Madhya Pradesh's Dhar regio punctionem funestam evasit. Tres viri XXX annos dicebatur confixerunt ad multam noctem Martis. Hostia, Vishnu Bagri, post argumentum super birotam absconditam oppugnata est. Aliquam relatus est ...",2026-07-11 11:04:03+00:00
615a8e5d5f54f69403b2afaee0bc4b04,2026-07-07T13:14:59Z,'landslide death',timesofindia.indiatimes.com,en,0.9,Heavy downpour leaves trail of damage,"Heavy rain disrupts life in Chikkamagaluru and Hassan’s Malnad; landslides, house damage and rising rivers reported, schools closed, helplines issued.",https://timesofindia.indiatimes.com/city/mysuru/heavy-downpour-leaves-trail-of-damage/articleshow/132240902.cms,"https://static.toiimg.com/thumb/msid-132240901,width-1280,height-720,resizemode-6,overlay-toi_sw,pt-32,y_pad-600/photo.jpg",http://web.archive.org/web/20260708024816/https://timesofindia.indiatimes.com/city/mysuru/heavy-downpour-leaves-trail-of-damage/articleshow/132240902.cms,"<ul><li>News</li>
<li>Heavy downpour leaves trail of damage</li></ul>
Follow Us On Social Media
Shilpa Shinde says Bhabiji producer 'begged' her return, targets Akanksha on Lock Upp 2AB de Villier… [+2933 chars]",,"Heftiger Regenguss hinterlässt Spuren von Schäden. Heftiger Regen stört das Leben in Chikkamagaluru und Hassan’s Malnad; Erdrutsche, Hausschäden und steigende Flüsse wurden gemeldet, Schulen geschlossen, Notrufnummern eingerichtet.","Heavy downpour leaves trail of damage. Heavy rain disrupts life in Chikkamagaluru and Hassan’s Malnad; landslides, house damage and rising rivers reported, schools closed, helplines issued.","Gravis imber folia trahens damna. Imber gravis vitam in Chikkamagaluru et Hassan Malnad agit; proruit domus damna et flumina ortu nuntiata, scholae clausae, subsidia edita.",2026-07-11 11:04:03+00:00
fb955290221de54c213dcf58b81ea71d,2026-07-08T02:23:11Z,'landslide',economictimes.indiatimes.com,en,0.9,"Earthquake of magnitude 5.0 strikes China, emergency response underway",China earthquake: A magnitude 5.0 earthquake struck China's Sichuan region shortly after a landslide. Rescue operations concluded after 33 people were buried in Gansu province. State media reported that the death toll from the landslide rose to 21. All trappe…,https://economictimes.indiatimes.com/news/international/world-news/earthquake-of-magnitude-5-0-strikes-china/articleshow/132251831.cms,"https://img.etimg.com/thumb/msid-132251865,width-1200,height-630,imgsize-23330,overlay-economictimes/articleshow.jpg",http://web.archive.org/web/20260708030708/https://economictimes.indiatimes.com/news/international/world-news/earthquake-of-magnitude-5-0-strikes-china/articleshow/132251831.cms,"An earthquake of magnitude 5.0 struck the Sichuan Province in Southwest China, Reuters reported, citing GFZ. The tremors have left two people with minor injuries, according to Global Times.The epicen… [+988 chars]",,"Erdbeben der Stärke 5,0 erschüttert China, Notfallmaßnahmen sind im Gange. Erdbeben in China: Ein Erdbeben der Stärke 5,0 erschütterte kurz nach einem Erdrutsch die chinesische Region Sichuan. Die Rettungsaktionen wurden abgeschlossen, nachdem 33 Menschen in der Provinz Gansu begraben worden waren. Staatliche Medien berichteten, dass die Zahl der Todesopfer durch den Erdrutsch auf 21 gestiegen sei. Alle Trappe…","Earthquake of magnitude 5.0 strikes China, emergency response underway. China earthquake: A magnitude 5.0 earthquake struck China's Sichuan region shortly after a landslide. Rescue operations concluded after 33 people were buried in Gansu province. State media reported that the death toll from the landslide rose to 21. All trappe…","Terrae motus magnitudinis 5.0 Sinas pulsat, subitis responsio comparatis. Terrae motus Sinarum: Magnitudo 5.0 terrae motus Sichuan regionem Sinarum percussit paulo post prolapsum. Libera operationibus conclusis postquam 33 homines in provincia Gansu sepeliebantur. Instrumenta publica nuntiaverunt mortem vectigal ex lapso ad 21. Omnes trappe…",2026-07-11 11:04:03+00:00
cc1bacaf3d4b6991059c6e645feb2860,2026-07-09T04:10:37Z,'landslide',economictimes.indiatimes.com,en,0.9,One more body recovered from Wayanad landslide site; death toll rises to four,"One more body was recovered from the Wayanad landslide site, bringing the total fatalities to four. Search operations will continue in zones one and two, focusing near the river. The landslide occurred on July 7 at the Anakkompoyil-Meppadi tunnel project site…",https://economictimes.indiatimes.com/news/india/one-more-body-recovered-from-wayanad-landslide-site-death-toll-rises-to-four/articleshow/132276806.cms,"https://img.etimg.com/thumb/msid-132276810,width-1200,height-630,imgsize-194200,overlay-economictimes/articleshow.jpg",http://web.archive.org/web/20260709141612/https://economictimes.indiatimes.com/news/india/one-more-body-recovered-from-wayanad-landslide-site-death-toll-rises-to-four/articleshow/132276806.cms,"Wayanad(Kerala), One more body was recovered from the Wayanad landslide site bringing the total number of persons killed in the disaster to four, Kerala Minister A P Anilkumar said.The minister told … [+684 chars]",,"Eine weitere Leiche wurde von der Erdrutschstelle in Wayanad geborgen; Die Zahl der Todesopfer steigt auf vier. Eine weitere Leiche wurde von der Erdrutschstelle in Wayanad geborgen, wodurch sich die Gesamtzahl der Todesopfer auf vier erhöhte. Die Suchaktionen werden in den Zonen eins und zwei fortgesetzt, wobei der Schwerpunkt in der Nähe des Flusses liegt. Der Erdrutsch ereignete sich am 7. Juli am Standort des Tunnelprojekts Anakkompoyil-Meppadi…","One more body recovered from Wayanad landslide site; death toll rises to four. One more body was recovered from the Wayanad landslide site, bringing the total fatalities to four. Search operations will continue in zones one and two, focusing near the river. The landslide occurred on July 7 at the Anakkompoyil-Meppadi tunnel project site…","Unum corpus a Wayanad LAPSUS situm recuperavit; mortuorum quatuor. Unum corpus e Lapsu Wayanad factum est, totas clades ad quattuor deferens. Quaerere operationes in zonis unum et duo pergent, prope flumen positis. Lapsus factus est die 7 mensis Iulii apud Anakkompoyil-Meppadi cuniculum project situm…",2026-07-11 11:04:03+00:00
12212a1bc7ef31fd7dd739e142b42d55,2026-07-09T10:45:46Z,'landslide',economictimes.indiatimes.com,en,0.9,Suspend Wayanad tunnel work pending fresh study: Congress leader; CPI(M) says it shouldn't be derailed,A senior Congress leader demanded a halt to the tunnel project pending a new environmental study. Recent Wayanad landslides claimed six lives at the proposed tunnel construction site. The government stated the project would not be abandoned but safety is para…,https://economictimes.indiatimes.com/news/india/suspend-wayanad-tunnel-work-pending-fresh-study-congress-leader-cpim-says-it-shouldnt-be-derailed/articleshow/132284063.cms,"https://img.etimg.com/thumb/msid-132284201,width-1200,height-630,imgsize-336560,overlay-economictimes/articleshow.jpg",http://web.archive.org/web/20260710114150/https://economictimes.indiatimes.com/news/india/suspend-wayanad-tunnel-work-pending-fresh-study-congress-leader-cpim-says-it-shouldnt-be-derailed/articleshow/132284063.cms,Thiruvananthapuram: Senior Congress leader M M Hassan on Thursday sought suspension of work on the Anakkompoyil-Meppadi tunnel project pending a fresh environmental study.CPI(M) state secretary M V G… [+3475 chars],,"Setzen Sie die Arbeiten am Wayanad-Tunnel aus, bis eine neue Studie vorliegt: Kongressleiter; CPI(M) sagt, es sollte nicht entgleist werden. Ein hochrangiger Kongressabgeordneter forderte einen Stopp des Tunnelprojekts bis zu einer neuen Umweltstudie. Bei den jüngsten Erdrutschen in Wayanad kamen an der geplanten Tunnelbaustelle sechs Menschen ums Leben. Die Regierung erklärte, das Projekt werde nicht aufgegeben, aber die Sicherheit sei von größter Bedeutung.",Suspend Wayanad tunnel work pending fresh study: Congress leader; CPI(M) says it shouldn't be derailed. A senior Congress leader demanded a halt to the tunnel project pending a new environmental study. Recent Wayanad landslides claimed six lives at the proposed tunnel construction site. The government stated the project would not be abandoned but safety is para…,Suspende Wayanad cuniculum operis lite nova studiorum: Congressus princeps; CPI (M) dicit non esse derailed. Princeps Congressus seniorum claudum postulavit ad cuniculum proiectum pendens novum studium environmental. Recent Wayanad proruit petita sex vitas in cuniculo constructionis propositus. Imperium declaravit consilium non deserendum sed salus para…,2026-07-11 11:04:03+00:00
73f8bfe9bbb9573ee34525aa45714c4f,2026-07-09T10:57:00Z,'landslide rain',economictimes.indiatimes.com,en,0.9,"Wayanad Landslides: The hills are alive, but have a warning","Wayanad faces escalating ecological crises and deadly landslides. Recent disasters highlight unscientific development and policy conflicts. Heavy rains saturate porous soil, causing catastrophic hillside liquefaction. Infrastructure projects destabilize the m…",https://economictimes.indiatimes.com/news/india/why-keralas-wayanad-keeps-getting-hit-by-landslides-explained/articleshow/132283868.cms,"https://img.etimg.com/thumb/msid-132284399,width-1200,height-630,imgsize-238202,overlay-economictimes/articleshow.jpg",http://web.archive.org/web/20260710035204/https://economictimes.indiatimes.com/news/india/why-keralas-wayanad-keeps-getting-hit-by-landslides-explained/articleshow/132283868.cms,"Wayanad is a landscape structurally holding its breath. For anyone tracking the changing terrain of the Western Ghats, this picturesque high-range district in Kerala has rapidly transitioned from a m… [+6507 chars]",,"Wayanad-Erdrutsche: Die Hügel leben, aber es gibt eine Warnung. Wayanad ist mit eskalierenden Umweltkrisen und tödlichen Erdrutschen konfrontiert. Die jüngsten Katastrophen machen unwissenschaftliche Entwicklungen und politische Konflikte deutlich. Starke Regenfälle sättigen porösen Boden und führen zu einer katastrophalen Verflüssigung der Hänge. Infrastrukturprojekte destabilisieren die Welt","Wayanad Landslides: The hills are alive, but have a warning. Wayanad faces escalating ecological crises and deadly landslides. Recent disasters highlight unscientific development and policy conflicts. Heavy rains saturate porous soil, causing catastrophic hillside liquefaction. Infrastructure projects destabilize the m…","Wayanad Landslides: Montes vivunt, sed moniti sunt. Facies Wayanad escalating discrimina oecologica et mortifera proruit. Recentes calamitates progressionem et consilium indisciplinatum pugnas urgent. Imbres graves saturate solo raro, collis liquatio calamitosas efficiens. Infrastructuram incepta destabilitare m…",2026-07-11 11:04:03+00:00
fb485a2c7df92a658a68473bcfded44e,2026-07-10T07:19:19Z,'landslide death',economictimes.indiatimes.com,en,0.9,"Wayanad landslide: Ensure ex-gratia to deceased, injured disbursed on time, says Kerala HC",The Kerala High Court ordered timely ex-gratia payments for Wayanad landslide victims. It also directed the swift handover of deceased individuals to their families. The court sought a government report on work stoppage at the tunnel project site. Ex-gratia p…,https://economictimes.indiatimes.com/news/india/wayanad-landslide-ensure-ex-gratia-to-deceased-injured-disbursed-on-time-says-kerala-hc/articleshow/132305608.cms,"https://img.etimg.com/thumb/msid-132305731,width-1200,height-630,imgsize-292884,overlay-economictimes/articleshow.jpg",http://web.archive.org/web/20260710073804/https://economictimes.indiatimes.com/news/india/wayanad-landslide-ensure-ex-gratia-to-deceased-injured-disbursed-on-time-says-kerala-hc/articleshow/132305608.cms,The Kerala High Court on Friday directed the state government to ensure the ex-gratia amounts are paid on time to the next of kin of those who died in the Wayanad landslide and the persons injured in… [+1982 chars],,"Erdrutsch in Wayanad: Stellen Sie sicher, dass die Entschädigung für Verstorbene und Verletzte rechtzeitig ausgezahlt wird, sagt Kerala HC. Das Oberste Gericht von Kerala ordnete rechtzeitige freiwillige Zahlungen für die Opfer des Erdrutschs in Wayanad an. Es ordnete auch die rasche Übergabe verstorbener Personen an ihre Familien an. Das Gericht forderte einen Bericht der Regierung über die Arbeitsunterbrechung am Tunnelprojektstandort. Ex-gratia p…","Wayanad landslide: Ensure ex-gratia to deceased, injured disbursed on time, says Kerala HC. The Kerala High Court ordered timely ex-gratia payments for Wayanad landslide victims. It also directed the swift handover of deceased individuals to their families. The court sought a government report on work stoppage at the tunnel project site. Ex-gratia p…","Wayanad in LAPSUS: Ex-gratia curare defuncti, in tempore laesa eroganda, dicit Kerala HC. Kerala High Court iussit ex-gratia opportune praestationes pro victimarum lapsorum Wayanadarum. Etiam defunctorum hominum celerem ornatum suis familiis direxit. Curia imperium de sistendis operis sistendis in cuniculo project situm quaesivit. Ex-gratia p...",2026-07-11 11:04:03+00:00
b7cc6d48978f92315be8e852a573638a,2026-07-10T12:49:14Z,'landslide',www.aljazeera.com,en,0.9,Philippines landslides kill 15 as Typhoon Bavi threatens region,Typhoon Bavi is intensifying seasonal monsoon rains across the region as it moves towards Taiwan and China.,https://www.aljazeera.com/news/2026/7/10/philippines-landslides-kill-15-as-typhoon-bavi-threatens-region,https://www.aljazeera.com/wp-content/uploads/2026/07/afp_6a4a7e69900b-1783266921.jpg?resize=1920%2C1440,http://web.archive.org/web/20260710192951/https://www.aljazeera.com/news/2026/7/10/philippines-landslides-kill-15-as-typhoon-bavi-threatens-region,"More than a dozen people have been killed in landslides in the Philippines as Typhoon Bavi bears down on the region.
A landslide early on Friday killed 10 people as it hit Malapatan in the southern … [+1783 chars]",,"Bei Erdrutschen auf den Philippinen kommen 15 Menschen ums Leben, während der Taifun Bavi die Region bedroht. Der Taifun Bavi verstärkt die saisonalen Monsunregen in der gesamten Region, während er sich Richtung Taiwan und China bewegt.",Philippines landslides kill 15 as Typhoon Bavi threatens region. Typhoon Bavi is intensifying seasonal monsoon rains across the region as it moves towards Taiwan and China.,Philippinae proruit 15 sicut Typhoon Bavi regioni imminet. Typhoon Bavi auget imbres temporis temporis ETESIA per regionem movens ad Taiwan et Sinas.,2026-07-11 15:55:04+00:00
8cf0543a370f4281216d635b62ad8eb8,2026-07-07T15:00:33Z,'landslide road',1000mg.jp,en,0.7,【動画】インドで恐怖の地すべり。人々が飲み込まれる瞬間が撮影される。,"うわあ。橋の向こうで巻き込まれた人は助かってないやろこれ。インド・ケーララ州ワイナードのトンネル工事の現場で発生した地すべりのビデオです。NDTVによるとこれまでに5人の死亡が確認され、10人が行方不明に。負傷者6人が病院で治療を受けています。 （x.com）（予備）（予備）（予備）（予備） VIDEO | Kerala: Landslide near Meenakshi Bridge at Kalladi, where work on a tunnel road project connecting Malap…",https://1000mg.jp/250895/,https://1000mg.jp/wp-content/uploads/2026/07/videoframe_2422.jpg,,"VIDEO | Kerala: Landslide near Meenakshi Bridge at Kalladi, where work on a tunnel road project connecting Malappuram and Wayanad districts was going on. One killed, seven injured, another seven miss… [+149 chars]",,"【動画】インドで恐怖の地すべり.人々が飲み込まれる瞬間が撮影される. うわあ.橋の向こうで巻き込まれた人は助かってないやろこれ.インド・ケーララ州ワイナードのトンネル工事の現場で発生した地すべWeitere Informationen finden Sie unter NDTVれ、10人が行方不明に.負傷者6人が病院で治療を受けています。 （x.com）（予備）（予備）（予備）（予備） VIDEO | Kerala: Erdrutsch in der Nähe der Meenakshi-Brücke in Kalladi, wo an einem Tunnelstraßenprojekt gearbeitet wird, das Malap verbindet…","【動画】インドで恐怖の地すべり。人々が飲み込まれる瞬間が撮影される。. うわあ。橋の向こうで巻き込まれた人は助かってないやろこれ。インド・ケーララ州ワイナードのトンネル工事の現場で発生した地すべりのビデオです。NDTVによるとこれまでに5人の死亡が確認され、10人が行方不明に。負傷者6人が病院で治療を受けています。 （x.com）（予備）（予備）（予備）（予備） VIDEO | Kerala: Landslide near Meenakshi Bridge at Kalladi, where work on a tunnel road project connecting Malap…","【動画】インドで恐怖の地すべり。人々が飲み込まれる瞬間が撮影される。. うわあ。橋の向こうで巻き込まれた人は助かってないやろこれ。インド・ケーララ州ワイナードのトンネル工事の現場で発生した地すべりのビデオです。NDTVによるとこれまでに5人の死亡が確認され、10人が行方不明に。負傷者6人が病院で治療を受けています。 （x.com）（予備）（予備）（予備）（予備） VIDEO | Kerala: Landslide prope Pontem Meenakshi Kalladi, ubi opus in cuniculo via project connectens Malap…",2026-07-11 20:44:23+00:00
b972eb97978539d2862c6e2bd9100e2c,2026-07-05T17:00:00Z,'landslide',www.nzherald.co.nz,en,0.9,Weather-hit Northland community frustrated as Helena Bay slip drags on,"The landslide has isolated 800 homes since January 21, with wet weather delaying progress.",https://www.nzherald.co.nz/northern-advocate/news/weather-hit-northland-community-frustrated-as-helena-bay-slip-drags-on/3HGVQ6FEQ5HX5BABSKAYFZQHK4/,https://www.nzherald.co.nz/resizer/v2/6LZJUZC3OBHWHACS6QG2I7SJSA.jpg?auth=d0b053424853cac1d3a58b4649a7c382b51dfd30644e8164bc4497de5b77267e&width=1200&height=675&quality=70&focal=1396%2C466&smart=false,http://web.archive.org/web/20260705175322/https://www.nzherald.co.nz/northern-advocate/news/weather-hit-northland-community-frustrated-as-helena-bay-slip-drags-on/3HGVQ6FEQ5HX5BABSKAYFZQHK4/,"Now, it aims to reopen at least one lane by the end of July but said wet weather continued to be the key risk to progress.
Helena Bay resident Tony Hoskins said the further delay added to locals fru… [+2900 chars]",,"Die vom Wetter betroffene Northland-Gemeinde ist frustriert, als sich der Ausrutscher in Helena Bay hinzieht. Der Erdrutsch hat seit dem 21. Januar 800 Häuser isoliert, wobei nasses Wetter den Fortschritt verzögert.","Weather-hit Northland community frustrated as Helena Bay slip drags on. The landslide has isolated 800 homes since January 21, with wet weather delaying progress.","Tempestas ledo Northland communitas frustrata est sicut Helena Bay lapsus trahit. In prolapso octingentos domos separatas post XXI Kalendas Februarii, tempestatibus udo morantibus progressus est.",2026-07-12 02:35:24+00:00
9c357d9966d3cd62a3f37ef63a37fffa,2026-07-07T03:30:56Z,'landslide road',www.thehindubusinessline.com,en,0.9,"Mumbai schools and colleges closed, IMD declares ‘orange’ alert",Traffic on Mumbai-Pune Expressway's 'Missing Link' bypass section resumes after remaining shut for more than 18 hours following a landslide,https://www.thehindubusinessline.com/news/national/mumbai-schools-and-colleges-closed-imd-declares-orange-alert/article71192067.ece,https://bl-i.thgim.com/public/incoming/vcsoy7/article71192096.ece/alternates/LANDSCAPE_1200/6th-chinmay--foG1JG7CLNJ.3.jpg.jpg,,"Mumbaikars woke up to overcast skies and strong winds on Tuesday, amid the India Meteorological Departments orange alert for heavy rain and gusty winds in the metropolis, officials said.
All governm… [+1776 chars]",,"Schulen und Hochschulen in Mumbai geschlossen, IMD erklärt „orangefarbenen“ Alarm. Der Verkehr auf dem Umgehungsabschnitt „Missing Link“ des Mumbai-Pune Expressway wird wieder aufgenommen, nachdem er nach einem Erdrutsch mehr als 18 Stunden lang gesperrt war","Mumbai schools and colleges closed, IMD declares ‘orange’ alert. Traffic on Mumbai-Pune Expressway's 'Missing Link' bypass section resumes after remaining shut for more than 18 hours following a landslide","Mumbai scholae et collegia clausa, IMD declarat 'intentum orange'. Negotiationis Mumbai-pune Expressway scriptor Absentis Link, bypass section repetit post reliqua clausa plusquam XVIII horas post LAPSUS",2026-07-12 11:09:02+00:00
b62be1d799f12bf1f32abfb9ad204a34,2026-07-07T06:43:30Z,'landslide road',economictimes.indiatimes.com,en,0.9,Wayanad landslide: Several people feared trapped at Kerala's tunnel project site,"A severe landslide hit Kalladi near Meppady on Tuesday, alarming authorities with concerns that several individuals could be trapped beneath the debris from a tunnel road construction site. Quick action from local residents led to the rescue of three individu…",https://economictimes.indiatimes.com/news/india/wayanad-landslide-several-people-feared-trapped-at-keralas-tunnel-project-site/articleshow/132232646.cms,"https://img.etimg.com/thumb/msid-132232685,width-1200,height-630,imgsize-315936,overlay-economictimes/articleshow.jpg",http://web.archive.org/web/20260707132204/https://economictimes.indiatimes.com/news/india/wayanad-landslide-several-people-feared-trapped-at-keralas-tunnel-project-site/articleshow/132232646.cms,"A major landslide struck Kalladi near Meppady in Kerala's Wayanad district on Tuesday, with authorities fearing that some people may be trapped under the debris, PTI reported citing Fire and Rescue S… [+915 chars]",,"Erdrutsch in Wayanad: Mehrere Menschen befürchteten, auf dem Tunnelprojektgelände in Kerala eingeschlossen zu sein. Am Dienstag wurde Kalladi in der Nähe von Meppady von einem schweren Erdrutsch heimgesucht, der die Behörden alarmierte und befürchtete, dass mehrere Personen unter den Trümmern einer Tunnelstraßenbaustelle eingeklemmt sein könnten. Schnelle Maßnahmen der Anwohner führten zur Rettung von drei Personen…","Wayanad landslide: Several people feared trapped at Kerala's tunnel project site. A severe landslide hit Kalladi near Meppady on Tuesday, alarming authorities with concerns that several individuals could be trapped beneath the debris from a tunnel road construction site. Quick action from local residents led to the rescue of three individu…","Wayanad in LAPSUS: Plures homines timebant capti ad locum cuniculi Kerala project. Gravis prolapsus ictus Kalladi prope Meppady die Martis, auctoritates atroces cum curis aliquot homines sub strages ex cuniculo viae constructionis situs capi posse. Actio celeris ab incolarum localium subsidio trium individuorum ducitur.",2026-07-12 11:09:02+00:00
0f3eb7c20c1099eb0ff631ee1dc0d03c,2026-07-07T06:52:33Z,'landslide',economictimes.indiatimes.com,en,0.9,"Jammu and Kashmir floods: Several houses, shops buried under debris after heavy rainfall triggers landslide in upper reaches of Doda",Multiple vehicles were upturned with as stones covered the cars and mud made them look as if they were sunk to the ground. Currently there has been no reported casualties in the landslide.,https://economictimes.indiatimes.com/news/india/jammu-and-kashmir-floods-several-houses-shops-buried-under-debris-after-heavy-rainfall-triggers-landslide-in-upper-reaches-of-doda/articleshow/132232768.cms,"https://img.etimg.com/thumb/msid-132232819,width-1200,height-630,imgsize-101022,overlay-economictimes/articleshow.jpg",http://web.archive.org/web/20260708030105/https://economictimes.indiatimes.com/news/india/jammu-and-kashmir-floods-several-houses-shops-buried-under-debris-after-heavy-rainfall-triggers-landslide-in-upper-reaches-of-doda/articleshow/132232768.cms,"Doda: Several houses, shops, and vehicles were buried under a pile of debris on Tuesday morning after heavy rainfall triggered a landslide in the upper reaches of the Thathri area of Doda district in… [+2800 chars]",,"Überschwemmungen in Jammu und Kaschmir: Mehrere Häuser und Geschäfte unter Trümmern begraben, nachdem heftige Regenfälle einen Erdrutsch im Oberlauf von Doda ausgelöst haben. Mehrere Fahrzeuge wurden umgedreht, Steine ​​bedeckten die Autos und Schlamm ließ sie aussehen, als wären sie auf dem Boden versunken. Derzeit wurden keine Opfer durch den Erdrutsch gemeldet.","Jammu and Kashmir floods: Several houses, shops buried under debris after heavy rainfall triggers landslide in upper reaches of Doda. Multiple vehicles were upturned with as stones covered the cars and mud made them look as if they were sunk to the ground. Currently there has been no reported casualties in the landslide.","Jammu et Kashmir inundationes: Plures domus, tabernae obrutae obrutae post graves pluvias triggers prolapsae in superiori spatio Dodae. Vehicula multa sunt inversa, ut lapides tegerent, carros lutumque fecerunt ut demersi essent ad terram. Nunc nulla in ruina nuntiata sunt.",2026-07-12 11:09:02+00:00
48c832833c38b582a5b5075c2dd2ffdf,2026-07-07T08:16:18Z,'landslide',economictimes.indiatimes.com,en,0.9,Wayanad landslide: Eyewitness urges people to 'run fast' as mound of mud comes down,"A significant mudslide hit the Kalladi region of Wayanad, Kerala, during a tunnel road project, forcing locals to flee as mud cascaded over the roads and bridge. Rapid response teams, including NDRF personnel, have been dispatched to aid the situation. This d…",https://economictimes.indiatimes.com/news/india/wayanad-landslide-video-eyewitness-urges-people-to-run-fast-as-mound-of-mud-comes-down/articleshow/132234450.cms,"https://img.etimg.com/thumb/msid-132234450,width-1200,height-630,imgsize-110820,overlay-economictimes/articleshow.jpg",http://web.archive.org/web/20260708063644/https://economictimes.indiatimes.com/news/india/wayanad-landslide-video-eyewitness-urges-people-to-run-fast-as-mound-of-mud-comes-down/articleshow/132234450.cms,"A significant mudslide hit the Kalladi region of Wayanad, Kerala, during a tunnel road project, forcing locals to flee as mud cascaded over the roads and bridge. Rapid response teams, including NDRF … [+228 chars]",,"Erdrutsch in Wayanad: Augenzeuge fordert die Menschen auf, „schnell zu rennen“, während der Schlammhaufen herunterfällt. Während eines Tunnelstraßenprojekts ereignete sich in der Region Kalladi in Wayanad, Kerala, eine schwere Schlammlawine, die die Anwohner zur Flucht zwang, da Schlamm über die Straßen und die Brücke strömte. Es wurden Schnellreaktionsteams, darunter auch NDRF-Personal, entsandt, um Abhilfe zu schaffen. Dieses d…","Wayanad landslide: Eyewitness urges people to 'run fast' as mound of mud comes down. A significant mudslide hit the Kalladi region of Wayanad, Kerala, during a tunnel road project, forcing locals to flee as mud cascaded over the roads and bridge. Rapid response teams, including NDRF personnel, have been dispatched to aid the situation. This d…","LAPSUS Wayanad: Testis homines hortatur ut 'celeriter currunt' ut agger limo descendat. Nota mudslide percussit Kalladi regionem Wayanad, Kerala, in cuniculo viae iniectae, incolis ut lutum per vias et pontem cascades fugere cogeret. Celeri responsionis iunctiones, inter personas NDRF, missae sunt ad condicionem adiuvandam. Hoc d…",2026-07-12 11:09:02+00:00
67948e7d9c525ff409dcab8d25caf11f,2026-07-07T08:37:26Z,'landslide',www.thehindubusinessline.com,en,0.9,"Landslide in Wayanad tunnel project, several feared trapped","A landslide in Wayanad's tunnel project has trapped several workers, prompting emergency rescue operations amid heavy rainfall.",https://www.thehindubusinessline.com/news/national/landslide-in-wayanad-tunnel-project-several-feared-trapped/article71192772.ece,https://bl-i.thgim.com/public/blexplainer/1h5ea5/article71192800.ece/alternates/LANDSCAPE_1200/pic1.jpg,,"Several people are reported to be trapped following a landslide triggered by heavy rainfall in Wayanad on Tuesday.
The landslide occurred near Meenakshi Bridge at Kalladi, where work on a road tunne… [+949 chars]",,"Erdrutsch im Wayanad-Tunnelprojekt, mehrere befürchteten eingeschlossen. Bei einem Erdrutsch im Tunnelprojekt von Wayanad sind mehrere Arbeiter eingeklemmt, was angesichts heftiger Regenfälle zu Notrettungsmaßnahmen führte.","Landslide in Wayanad tunnel project, several feared trapped. A landslide in Wayanad's tunnel project has trapped several workers, prompting emergency rescue operations amid heavy rainfall.","Landslide in cuniculo Wayanad proiecto, plures capti metuebantur. Lapsus in cuniculo in Wayanad projectus complures operarios comprehendit, subitis sistendis operationes inter graves pluvias monens.",2026-07-12 11:09:02+00:00
7be84684f78b088a9d62ed96216c8a3c,2026-07-07T09:16:07Z,'landslide',economictimes.indiatimes.com,en,0.9,Wayanad landslide: IMD issues red alert after heavy rains; one dead and seven missing,"A landslide at a tunnel project site in Wayanad district has prompted authorities to issue a red alert amid severe rainfall in Mananthavady and Vythiri. The disaster has resulted in one confirmed fatality, with seven people reported missing. To safeguard near…",https://economictimes.indiatimes.com/news/india/wayanad-landslide-imd-issues-red-alert-after-heavy-rains-one-dead-and-seven-missing/articleshow/132235529.cms,"https://img.etimg.com/thumb/msid-132235563,width-1200,height-630,imgsize-201706,overlay-economictimes/articleshow.jpg",http://web.archive.org/web/20260708063645/https://economictimes.indiatimes.com/news/india/wayanad-landslide-imd-issues-red-alert-after-heavy-rains-one-dead-and-seven-missing/articleshow/132235529.cms,"Wayanad: A red alert was issued by the IMD on Tuesday in Kerala's Wayanad district, where very heavy rainfall was received in Mananthavady and Vythiri areas during the day.The alert was issued at 12.… [+1430 chars]",,"Erdrutsch in Wayanad: IMD gibt nach heftigen Regenfällen Alarmstufe Rot aus; ein Toter und sieben Vermisste. Ein Erdrutsch an einem Tunnelprojektstandort im Distrikt Wayanad hat die Behörden dazu veranlasst, angesichts starker Regenfälle in Mananthavady und Vythiri Alarmstufe Rot auszulösen. Die Katastrophe hat einen bestätigten Todesfall zur Folge, sieben Personen wurden als vermisst gemeldet. Zum Schutz in der Nähe…","Wayanad landslide: IMD issues red alert after heavy rains; one dead and seven missing. A landslide at a tunnel project site in Wayanad district has prompted authorities to issue a red alert amid severe rainfall in Mananthavady and Vythiri. The disaster has resulted in one confirmed fatality, with seven people reported missing. To safeguard near…","Wayanad landslide: IMD exites rubrae erectae post imbres; unus mortuus est et septem desunt. Lapsus ad cuniculum projecti situm in regione Wayanad auctoritates suasit ut inter graves pluvias in Mananthavady et Vythiri rubram erectam moveret. Clades consecuta est in uno fato confirmata, cum septem homines absentes nuntiaverunt. Prope custodire.",2026-07-12 11:09:02+00:00
3692eec0ab604245fab14b0d48d0a37c,2026-07-07T09:55:00Z,'landslide',www.dw.com,en,0.9,India news: Several trapped after deadly Kerala landslide,A landslide in Kerala's Wayanad district killed one and injured at least seven. Officials said more than 10 people could be trapped under the debris. DW has the latest. One person was killed and at least seven injured after a landslide in Kerala's Wayanad dis…,https://www.dw.com/en/india-news-several-trapped-after-deadly-kerala-landslide/live-77859097,https://static.dw.com/image/77861604_6.jpg,http://web.archive.org/web/20260708164041/https://www.dw.com/en/india-news-several-trapped-after-deadly-kerala-landslide/live-77859097,"One person was killed, and at least seven injured after a landslide in the southern state of Kerala's Wayanad district on Tuesday, media reports said.
According to Chief Minister VD Satheeshan, the … [+1005 chars]",,"Nachrichten aus Indien: Mehrere nach tödlichem Erdrutsch in Kerala gefangen. Bei einem Erdrutsch im Bezirk Wayanad in Kerala kam ein Mensch ums Leben und mindestens sieben wurden verletzt. Beamte sagten, mehr als zehn Menschen könnten unter den Trümmern eingeschlossen sein. DW hat das Neueste. Bei einem Erdrutsch im Bezirk Wayanad in Kerala wurden eine Person getötet und mindestens sieben verletzt.",India news: Several trapped after deadly Kerala landslide. A landslide in Kerala's Wayanad district killed one and injured at least seven. Officials said more than 10 people could be trapped under the debris. DW has the latest. One person was killed and at least seven injured after a landslide in Kerala's Wayanad dis…,Nuntii Indiae: Plures capti post mortem Kerala prolapsi sunt. Lapsus in regione Kerala's Wayanad unum occidit et saltem septem vulneravit. Magistratus dixerunt plus quam X homines sub strages capi posse. DW novissimam habet. Una persona occisus est et saltem septem laesa post prolapsionem in Kerala's Wayanad dis…,2026-07-12 11:09:02+00:00
79e2c0d69ed4740d5e30e570db04221f,2026-07-07T10:13:41Z,'landslide rain',www.thehindubusinessline.com,en,0.9,"Red alert issued in Wayanad following heavy rains, landslide",The alert was issued at 12.30 pm after the landslide at the Kalladi tunnel project site in Wayanad at around 11 am,https://www.thehindubusinessline.com/news/national/red-alert-issued-in-wayanad-following-heavy-rains-landslide/article71192819.ece,https://bl-i.thgim.com/public/incoming/28tfbc/article71193085.ece/alternates/LANDSCAPE_1200/PTI07_07_2026_000322B.jpg,,"A red alert was issued by the IMD on Tuesday in Keralam's Wayanad district, where very heavy rainfall was received in Mananthavady and Vythiri areas during the day.
The alert was issued at 12.30 pm … [+1456 chars]",,In Wayanad wurde nach heftigen Regenfällen und Erdrutsch Alarmstufe Rot ausgegeben. Die Warnung wurde um 12.30 Uhr nach dem Erdrutsch am Standort des Kalladi-Tunnelprojekts in Wayanad gegen 11 Uhr ausgegeben,"Red alert issued in Wayanad following heavy rains, landslide. The alert was issued at 12.30 pm after the landslide at the Kalladi tunnel project site in Wayanad at around 11 am",Rubra erecta edita in Wayanad sequentibus imbribus proruit. Intentus ad 12.30 post meridiem edita est postquam in Kalladi cuniculi parte proiectae in Wayanad ad circiter 11 sum editae sunt.,2026-07-12 11:09:02+00:00
0c5785f0a9e949cf88335d46d6ccbde7,2026-07-07T13:01:47Z,'landslide',economictimes.indiatimes.com,en,0.9,"Kerala: Three killed, several injured in landslide in Wayanad","Three people died and eighteen were trapped in a landslide at the Kalladi tunnel construction site. Rescue teams worked to free those still buried in debris after the incident. The agriculture minister stated this was a man-made landslide, not a natural event…",https://economictimes.indiatimes.com/news/india/kerala-three-killed-several-injured-in-landslide-in-wayanad/articleshow/132240747.cms,"https://img.etimg.com/thumb/msid-132240720,width-1200,height-630,imgsize-125724,overlay-economictimes/articleshow.jpg",http://web.archive.org/web/20260708063631/https://economictimes.indiatimes.com/news/india/kerala-three-killed-several-injured-in-landslide-in-wayanad/articleshow/132240747.cms,"Three people were killed and 18 others were trapped in a landslide at the Kalladi tunnel road construction area at Meppadi, in Wayanad district, on Tuesday two years after the region suffered its wor… [+1718 chars]",,"Kerala: Drei Tote, mehrere Verletzte bei Erdrutsch in Wayanad. Bei einem Erdrutsch auf der Baustelle des Kalladi-Tunnels kamen drei Menschen ums Leben und achtzehn wurden eingeschlossen. Rettungsteams arbeiteten daran, die nach dem Vorfall noch in den Trümmern Verschütteten zu befreien. Der Landwirtschaftsminister erklärte, es handele sich um einen von Menschen verursachten Erdrutsch und nicht um ein Naturereignis …","Kerala: Three killed, several injured in landslide in Wayanad. Three people died and eighteen were trapped in a landslide at the Kalladi tunnel construction site. Rescue teams worked to free those still buried in debris after the incident. The agriculture minister stated this was a man-made landslide, not a natural event…","Kerala: Tres occisi, complures in LAPSA in Wayanad vulnerati. Tres homines mortui sunt et duodeviginti capti sunt in lapsus in cuniculo constructionis Kalladi. Eripe iugis laboraverunt ut liberaret eos adhuc in obstantia post incidentes sepultos. Minister agri culturae declaravit hunc hominem factum esse prolapsum, non eventum naturalem.",2026-07-12 11:09:02+00:00
59bb957f4256cd2064255820537a478a,2026-07-11T08:21:00Z,'landslide',www.dw.com,en,0.9,"Typhoon Bavi: Taiwan, Japan and China face disruption after 17 killed in Philippines","The storm has triggered deadly landslides in the Philippines, knocked out power in Japan and Taiwan, and forced hundreds of thousands to evacuate in China ahead of its expected landfall.",https://www.dw.com/en/typhoon-bavi-taiwan-japan-and-china-face-disruption-after-17-killed-in-philippines/a-77914270,https://static.dw.com/image/77914162_6.jpg,http://web.archive.org/web/20260711141127/https://www.dw.com/en/typhoon-bavi-taiwan-japan-and-china-face-disruption-after-17-killed-in-philippines/a-77914270,"Typhoon Bavi caused severe disruption across East Asia on Saturday, as it battered Japan's southern islands with heavy rain and strong winds, and brought life in Taiwan to a near standstill.
Bavi ca… [+3263 chars]",,"Taifun Bavi: Taiwan, Japan und China stehen vor Störungen, nachdem auf den Philippinen 17 Menschen getötet wurden. Der Sturm hat auf den Philippinen tödliche Erdrutsche ausgelöst, in Japan und Taiwan Stromausfälle verursacht und Hunderttausende Menschen vor der erwarteten Landung in China zur Evakuierung gezwungen.","Typhoon Bavi: Taiwan, Japan and China face disruption after 17 killed in Philippines. The storm has triggered deadly landslides in the Philippines, knocked out power in Japan and Taiwan, and forced hundreds of thousands to evacuate in China ahead of its expected landfall.","Typhoon Bavi: Taiwan, Iaponia et Sinis distractionem faciei post 17 in Philippinis occisam. Tempestas perniciosissimas ruinas in Philippinis eiecit, potestatem in Iaponia et Taiwan eiecit et centum milia in Sinis ante casum casum expectatum decedere coegit.",2026-07-12 20:43:25+00:00
0c3abc0de1c02ecdbfe65dce407cf145,2026-07-11T08:21:00Z,'landslide',www.dw.com,en,0.9,"Typhoon Bavi: China, Taiwan and Japan face disruption after 17 killed in Philippines","Bavi has forced hundreds of thousands to evacuate in China, knocked out power in Japan and Taiwan and triggered deadly landslides in the Philippines.",https://www.dw.com/en/typhoon-bavi-china-taiwan-and-japan-face-disruption-after-17-killed-in-philippines/a-77914270,https://static.dw.com/image/77918139_6.jpg,http://web.archive.org/web/20260711165104/https://www.dw.com/en/typhoon-bavi-china-taiwan-and-japan-face-disruption-after-17-killed-in-philippines/a-77914270,"Typhoon Bavi made landfall in China's eastern province of Zhejiang late Saturday night, state media reported.
Over 1.7 million people had been evacuated as the country braced for Bavi, which is expe… [+2402 chars]",,"Taifun Bavi: China, Taiwan und Japan stehen vor Störungen, nachdem auf den Philippinen 17 Menschen getötet wurden. Bavi hat Hunderttausende in China zur Evakuierung gezwungen, in Japan und Taiwan den Strom abgeschaltet und auf den Philippinen tödliche Erdrutsche ausgelöst.","Typhoon Bavi: China, Taiwan and Japan face disruption after 17 killed in Philippines. Bavi has forced hundreds of thousands to evacuate in China, knocked out power in Japan and Taiwan and triggered deadly landslides in the Philippines.","Typhoon Bavi: China, Taiwan et Iaponia distractionem faciei post 17 in Philippinis occidit. Bavi centena milia in Sinis decedere coegit, potestatem in Iaponia et Taiwan excussit et in Philippinis ruinas funestas utitur.",2026-07-12 20:43:25+00:00
d74303ec323c259cb24377a81cd9d35f,2026-07-10T09:33:53Z,'landslide',www.thehindubusinessline.com,en,0.7,Landslide occurred over 200 meters away from tunnel project worksite: Konkan Railway,"A sudden debris flow from over 100 metre caused a huge pressure on the downward portions of the protected slope and the soil was swept away in a single move, a note from the Konkan Railway said.",https://www.thehindubusinessline.com/news/national/landslide-occurred-over-200-meters-away-from-tunnel-project-worksite-konkan-railway/article71205831.ece,https://bl-i.thgim.com/public/incoming/e2y42v/article71205960.ece/alternates/LANDSCAPE_1200/PTI07_09_2026_000423B.jpg,,"The Konkan Railway Corporation, which was given the overall contract for the Wayanad-Kozhikode tunnel construction, on Friday claimed that the July 7 landslide occurred around 200 meters away from th… [+2092 chars]",,"Der Erdrutsch ereignete sich mehr als 200 Meter von der Baustelle des Tunnelprojekts entfernt: Konkan Railway. Ein plötzlicher Murgang aus über 100 Metern Höhe verursachte einen enormen Druck auf die abfallenden Teile des geschützten Hangs und der Boden wurde mit einer einzigen Bewegung weggeschwemmt, heißt es in einer Mitteilung der Konkan-Eisenbahn.","Landslide occurred over 200 meters away from tunnel project worksite: Konkan Railway. A sudden debris flow from over 100 metre caused a huge pressure on the downward portions of the protected slope and the soil was swept away in a single move, a note from the Konkan Railway said.","LAPSUS super 200 metra facta est ab cuniculo project operata: Konkan Railway. Subita strages e super 100 metro profluens ingens pressionis in partes deorsum clivi tutatae effecit et solum in uno motu raptus est, notatio ab Konkan Railway dicta.",2026-07-13 02:36:43+00:00
ad30e664857e01656cbf7950710ff190,2026-07-10T14:41:31Z,'landslide',tw.news.yahoo.com,en,0.7,颱風巴威侵菲律賓釀土石流 至少15人喪生,"中度颱風巴威（Bavi，菲律賓稱Inday）正逼近台灣，然而它已在菲律賓南部造成慘重災情，至少造成15人死亡。 英國廣播公司（BBC）報導，菲律賓民答那峨島數個家庭深夜被土石流掩埋，搜救人員仍在搜尋失蹤者。 LANDSLIDE DISASTER: 5 dead, 6 missing after Super Typhoon Inday triggers massive hillside collapse in Lanao del Sur, Philippines. Tragic news coming out of…",https://tw.news.yahoo.com/%E9%A2%B1%E9%A2%A8%E5%B7%B4%E5%A8%81%E4%BE%B5%E8%8F%B2%E5%BE%8B%E8%B3%93%E9%87%80%E5%9C%9F%E7%9F%B3%E6%B5%81-%E8%87%B3%E5%B0%9115%E4%BA%BA%E5%96%AA%E7%94%9F-144131204.html,https://s.yimg.com/lo/mysterio/api/e48631deab9e572b3c2c648a0c693c073cd9e6b3f4ea7a305b0b4d482a437ab9/lightyear_networkapi/resizefill_w1200;quality_80;format_webp/https:%2F%2Fmedia.zenfs.com%2Fen%2Ftaisounds_com_380%2Fe7b652eaca21b57e7b609c77a10985b1,,BaP4611131110502000 20001000,,"颱風巴威侵菲律賓釀土石流 至少15人喪生. 中度颱風巴威（Bavi，菲律賓稱Inday）正逼近台灣然而它已在菲律賓南部造成慘重災情,至少造成15人死亡.英國廣播公司（BBC）報導,菲律賓民答那峨島數個家庭深夜被土石流掩埋,搜救人員仍在搜尋失蹤者. Erdrutschkatastrophe: 5 Tote, 6 Vermisste, nachdem der Supertaifun Inday in Lanao del Sur, Philippinen, einen massiven Hangeinsturz auslöste. Tragische Nachrichten kommen aus ...","颱風巴威侵菲律賓釀土石流 至少15人喪生. 中度颱風巴威（Bavi，菲律賓稱Inday）正逼近台灣，然而它已在菲律賓南部造成慘重災情，至少造成15人死亡。 英國廣播公司（BBC）報導，菲律賓民答那峨島數個家庭深夜被土石流掩埋，搜救人員仍在搜尋失蹤者。 LANDSLIDE DISASTER: 5 dead, 6 missing after Super Typhoon Inday triggers massive hillside collapse in Lanao del Sur, Philippines. Tragic news coming out of…","15人喪生. Bavi，菲律賓稱Inday）正逼近台灣，然而它已在菲律賓南部造成慘重災情，至少造成15人死亡。 BBC）報導，菲律賓民答那峨島數個家庭深夜被土石流掩埋，搜救人員仍在搜尋失蹤者。 LANDSLIDE DISASTER: 5 mortuus, 6 absentis post Super Typhon Inday triggers ingens collis ruina in Lanao del Sur, Philippines. Tragicus nuntius e…",2026-07-13 02:36:43+00:00
98ba8f246740d3e3ae4bc044b8763309,2026-07-10T04:14:57Z,'landslide',economictimes.indiatimes.com,en,0.9,Wayanad landslide: Search continues for two missing persons on fourth day,Search operations continued Friday for two missing individuals in Wayanad. Six lives were claimed by the Wayanad landslide which occurred on July 7. Teams used heavy earthmovers to clear mud on the fourth day of the search. The missing persons are Rakesh Guch…,https://economictimes.indiatimes.com/news/india/wayanad-landslide-search-continues-for-two-missing-persons-on-fourth-day/articleshow/132302709.cms,"https://img.etimg.com/thumb/msid-132302713,width-1200,height-630,imgsize-369744,overlay-economictimes/articleshow.jpg",,Wayanad: Search operations continued on Friday under rainy conditions for the two persons still missing in the Wayanad landslide which claimed six lives.Several teams of National Disaster Response Fo… [+739 chars],,"Erdrutsch in Wayanad: Die Suche nach zwei vermissten Personen wird am vierten Tag fortgesetzt. Die Suchaktionen nach zwei vermissten Personen in Wayanad wurden am Freitag fortgesetzt. Bei dem Erdrutsch in Wayanad am 7. Juli kamen sechs Menschen ums Leben. Am vierten Tag der Suche setzten die Teams schwere Erdbewegungsmaschinen ein, um den Schlamm zu beseitigen. Bei den vermissten Personen handelt es sich um Rakesh Guch…",Wayanad landslide: Search continues for two missing persons on fourth day. Search operations continued Friday for two missing individuals in Wayanad. Six lives were claimed by the Wayanad landslide which occurred on July 7. Teams used heavy earthmovers to clear mud on the fourth day of the search. The missing persons are Rakesh Guch…,Wayanad LAPSUS: Quaero duos absentes homines die quarto pergit. Quaerere operationes Veneris continuas duos homines in Wayanad absentes. Sex vitae petitae sunt ab lapsus Wayanad quae die 7 mensis Iulii incidit 7. Teams motores graves usi sunt ut quarto die inquisitionis lutum purgaret. Desiderati sunt Rakesh Guch…,2026-07-13 02:36:43+00:00
fa301c2fbe638ee6778eb2ccf6107a8a,2026-07-10T04:57:05Z,'landslide road',economictimes.indiatimes.com,en,0.9,Inter-Ministerial Central Team surveys flood-hit Arunachal Pradesh; satellite images to aid assessment of inaccessible areas,A central team is assessing flood and landslide damage in Arunachal Pradesh.  The team assured the state of full assistance from the Centre.  Several areas remain inaccessible due to continuing heavy rainfall and blocked roads.  Satellite imagery is being use…,https://economictimes.indiatimes.com/news/india/inter-ministerial-central-team-surveys-flood-hit-arunachal-pradesh-satellite-images-to-aid-assessment-of-inaccessible-areas/articleshow/132303265.cms,"https://img.etimg.com/thumb/msid-132303299,width-1200,height-630,imgsize-63432,overlay-economictimes/articleshow.jpg",http://web.archive.org/web/20260710195344/https://economictimes.indiatimes.com/news/india/inter-ministerial-central-team-surveys-flood-hit-arunachal-pradesh-satellite-images-to-aid-assessment-of-inaccessible-areas/articleshow/132303265.cms,An inter-ministerial central team (IMCT) led by Ministry of Home Affairs (MHA) Joint Secretary Nishtha Tiwari visited flood-affected areas of Arunachal Pradesh to assess the damage caused by recent f… [+3314 chars],,Interministerielles Zentralteam untersucht das von Überschwemmungen betroffene Arunachal Pradesh; Satellitenbilder zur Unterstützung der Beurteilung unzugänglicher Gebiete. Ein zentrales Team bewertet Überschwemmungs- und Erdrutschschäden in Arunachal Pradesh.  Das Team sicherte dem Staat volle Unterstützung durch das Zentrum zu.  Aufgrund anhaltender starker Regenfälle und blockierter Straßen sind mehrere Gebiete weiterhin unzugänglich.  Es werden Satellitenbilder verwendet...,Inter-Ministerial Central Team surveys flood-hit Arunachal Pradesh; satellite images to aid assessment of inaccessible areas. A central team is assessing flood and landslide damage in Arunachal Pradesh.  The team assured the state of full assistance from the Centre.  Several areas remain inaccessible due to continuing heavy rainfall and blocked roads.  Satellite imagery is being use…,Inter-Ministerial Central Team lustrat diluvium Arunachal Pradesh; satellites imagines adiuvare taxationem in locis inaccessis. Turma centralis diluvium aestimat et damnum in Arunachal Pradesh lapsus.  Manipulus statui confirmato plena subsidia a Centre.  Plures areae inaccessibiles manent ob pluvias graves continuas et vias obstructas.  Satellite usui est...,2026-07-13 02:36:43+00:00
5dc8475984db0334eb202a11fc52bc08,2026-07-10T07:24:42Z,'landslide',economictimes.indiatimes.com,en,0.9,"Wayanad landslide: one more body recovered; toll rises to 7, one person still missing",One more body was recovered from the Wayanad landslide site on Friday. This recovery brings the total number of persons killed in the disaster to seven. Search operations continued on the fourth day since the Anakkompoyil Meppadi tunnel project landslide. Tea…,https://economictimes.indiatimes.com/news/india/wayanad-landslide-one-more-body-recovered-toll-rises-to-7-one-person-still-missing/articleshow/132305759.cms,"https://img.etimg.com/thumb/msid-132305858,width-1200,height-630,imgsize-252316,overlay-economictimes/articleshow.jpg",,"Wayanad: One more body was recovered from the Wayanad landslide site on Friday, taking the total number of persons killed in the disaster to seven, district officials said.The two persons missing til… [+818 chars]",,"Erdrutsch in Wayanad: eine weitere Leiche geborgen; Die Zahl der Opfer steigt auf 7, eine Person wird immer noch vermisst. Am Freitag wurde am Erdrutschort Wayanad eine weitere Leiche geborgen. Durch diese Erholung steigt die Gesamtzahl der bei der Katastrophe getöteten Personen auf sieben. Die Suchoperationen wurden am vierten Tag seit dem Erdrutsch beim Anakkompoyil-Meppadi-Tunnelprojekt fortgesetzt. Tee…","Wayanad landslide: one more body recovered; toll rises to 7, one person still missing. One more body was recovered from the Wayanad landslide site on Friday. This recovery brings the total number of persons killed in the disaster to seven. Search operations continued on the fourth day since the Anakkompoyil Meppadi tunnel project landslide. Tea…","Wayanad LAPSUS: unum corpus recuperavit; theloneum erigitur ad VII, unus homo adhuc deest. Unum corpus die Veneris in LAPSA Wayanad ex parte restitutum est. Haec recuperatio numerum hominum in calamitate septem occisorum adfert. Quaerere operationes quarto die continuaverunt ab Anakkompoyil Meppadi cuniculum projectum prolapsum. Tea…",2026-07-13 02:36:43+00:00
356c3ad039b9fd48ea492d94b70f0fce,2026-07-10T08:45:32Z,'landslide',economictimes.indiatimes.com,en,0.9,Gangotri National Highway reopened after debris clearance; Uttarakhand on high alert amid heavy rainfall warning,"The road stretch had been blocked due to landslide debris accumulation, disrupting movement along the highway. Uttarkashi District Magistrate Prashant Arya has directed the deployment of a permanent JCB machine at the location.",https://economictimes.indiatimes.com/news/india/gangotri-national-highway-reopened-after-debris-clearance-uttarakhand-on-high-alert-amid-heavy-rainfall-warning/articleshow/132307541.cms,"https://img.etimg.com/thumb/msid-132307565,width-1200,height-630,imgsize-191674,overlay-economictimes/articleshow.jpg",http://web.archive.org/web/20260711050742/https://economictimes.indiatimes.com/news/india/gangotri-national-highway-reopened-after-debris-clearance-uttarakhand-on-high-alert-amid-heavy-rainfall-warning/articleshow/132307541.cms,"Uttarkashi: Traffic movement has been restored on the Gangotri National Highway after debris caused by a landslide near Nalupwas cleared, officials said on Friday.The road stretch had been blocked du… [+2815 chars]",,"Gangotri National Highway nach Trümmerräumung wieder geöffnet; Uttarakhand in höchster Alarmbereitschaft wegen starker Regenwarnung. Der Straßenabschnitt war aufgrund der Ansammlung von Erdrutschtrümmern blockiert, was den Verkehr auf der Autobahn behinderte. Prashant Arya, Bezirksrichter von Uttarkashi, hat den Einsatz einer permanenten JCB-Maschine am Standort angeordnet.","Gangotri National Highway reopened after debris clearance; Uttarakhand on high alert amid heavy rainfall warning. The road stretch had been blocked due to landslide debris accumulation, disrupting movement along the highway. Uttarkashi District Magistrate Prashant Arya has directed the deployment of a permanent JCB machine at the location.","Gangotri National Highway post obstantia alvi fodit; Uttarakhand in altum intentus inter graves pluvias monitus. Protentum via obstructa erat propter stragem ruinae cumulus, motus per viam turbans. Uttarkashi Magistratus Districtus Prashant Arya instruere machinam permanentem JCB apud situm direxit.",2026-07-13 02:36:43+00:00
08b4cd6631fcfe63342c5f9ccc87224a,2026-07-10T09:15:57Z,'landslide',economictimes.indiatimes.com,en,0.9,"Mumbai-Pune rail disruption: Central Railway cancels 30 trains till July 17, check the full list here","Mumbai-Pune rail services face continued disruption until July 17. Heavy monsoon rains caused landslides between Karjat and Lonavala stations. Thirty long-distance and inter-city trains have been cancelled by Central Railway. Repair work is ongoing, but chall…",https://economictimes.indiatimes.com/industry/transportation/railways/mumbai-pune-rail-disruption-central-railway-cancels-30-trains-till-july-17-check-the-full-list-here/articleshow/132307864.cms,"https://img.etimg.com/thumb/msid-132307920,width-1200,height-630,imgsize-100652,overlay-economictimes/articleshow.jpg",http://web.archive.org/web/20260711032325/https://economictimes.indiatimes.com/industry/transportation/railways/mumbai-pune-rail-disruption-central-railway-cancels-30-trains-till-july-17-check-the-full-list-here/articleshow/132307864.cms,"Rail transportation along the Mumbai-Pune route will continue to be hindered until July 17, as a result of 30 long-distance and inter-city trains having been called off by the Central Railway due to … [+2678 chars]",,"Bahnstörung Mumbai-Pune: Central Railway streicht bis zum 17. Juli 30 Züge, die vollständige Liste finden Sie hier. Der Bahnverkehr zwischen Mumbai und Pune ist bis zum 17. Juli weiterhin unterbrochen. Heftige Monsunregenfälle führten zu Erdrutschen zwischen den Bahnhöfen Karjat und Lonavala. Dreißig Fern- und Überlandzüge wurden von der Central Railway gestrichen. Die Reparaturarbeiten sind im Gange, aber eine Herausforderung…","Mumbai-Pune rail disruption: Central Railway cancels 30 trains till July 17, check the full list here. Mumbai-Pune rail services face continued disruption until July 17. Heavy monsoon rains caused landslides between Karjat and Lonavala stations. Thirty long-distance and inter-city trains have been cancelled by Central Railway. Repair work is ongoing, but chall…","Mumbai-Pune perturbatio plenas blasphemiae: Central Railway destruit 30 impedimenta usque ad diem Iulii 17, hic plenam indicem reprehendo. Mumbai-Pune officia rail faciem distractionem continuavit usque ad diem Iulii 17. Imbres graves monsoons inter Karjat et Lonavala stationes proruit. Triginta longum spatium et impedimenta inter urbem a Central Railway cassata sunt. Reparare opus permanentem, sed voca...",2026-07-13 02:36:43+00:00
edd7b782eef0ccd4e584b083f8ef6831,2026-07-10T17:26:13Z,'landslide',timesofindia.indiatimes.com,en,0.9,Tehri villagers hail decision to halt pasture land auction,"Tehri villagers welcome halt on 1.6-hectare pasture land auction as DM orders inquiry amid monsoon damage, landslide fears and unregulated construction.",https://timesofindia.indiatimes.com/city/dehradun/tehri-villagers-hail-decision-to-halt-pasture-land-auction/articleshow/132317564.cms,"https://static.toiimg.com/thumb/msid-132317559,width-1280,height-720,resizemode-6,overlay-toi_sw,pt-32,y_pad-600/photo.jpg",http://web.archive.org/web/20260710234135/https://timesofindia.indiatimes.com/city/dehradun/tehri-villagers-hail-decision-to-halt-pasture-land-auction/articleshow/132317564.cms,Follow Us On Social Media,,"Die Dorfbewohner von Tehri begrüßen die Entscheidung, die Versteigerung von Weideland zu stoppen. Die Dorfbewohner von Tehri begrüßen den Stopp der Versteigerung von 1,6 Hektar Weideland, da DM angesichts von Monsunschäden, Erdrutschängsten und unregulierter Bautätigkeit eine Untersuchung anordnet.","Tehri villagers hail decision to halt pasture land auction. Tehri villagers welcome halt on 1.6-hectare pasture land auction as DM orders inquiry amid monsoon damage, landslide fears and unregulated construction.","Tehri vicani gran- tius pascendi consisterent auctionem. Tehri vicani suscipiunt claudum in 1.6-hectare pasturae auctionis sicut DM ordines inquisitionis inter ETESIA damnum, LAPSUS metus et inordinata constructione.",2026-07-13 02:36:43+00:00
cd6df93e427511bf8c0deb224155c05b,2026-07-10T17:27:55Z,'landslide',timesofindia.indiatimes.com,en,0.9,Nashik collector plans geological surveys in Peth and Trimbakeshwar talukas,Nashik Collector Ayush Prasad orders geological surveys near Peth Ashramshala and Trimbakeshwar’s Neel Parvat to assess landslide risk and ensure safety.,https://timesofindia.indiatimes.com/city/nashik/nashik-collector-plans-geological-surveys-in-peth-and-trimbakeshwar-talukas/articleshow/132317590.cms,"https://static.toiimg.com/thumb/msid-132317589,width-1280,height-720,resizemode-6,overlay-toi_sw,pt-32,y_pad-600/photo.jpg",http://web.archive.org/web/20260710234135/https://timesofindia.indiatimes.com/city/nashik/nashik-collector-plans-geological-surveys-in-peth-and-trimbakeshwar-talukas/articleshow/132317590.cms,"<ul><li>News</li>
<li>Nashik collector plans geological surveys in Peth and Trimbakeshwar talukas</li></ul>
Follow Us On Social Media",,"Nashik-Sammler plant geologische Untersuchungen in den Talukas Peth und Trimbakeshwar. Der Nashik-Sammler Ayush Prasad ordnet geologische Untersuchungen in der Nähe von Peth Ashramshala und Trimbakeshwars Neel Parvat an, um das Erdrutschrisiko einzuschätzen und die Sicherheit zu gewährleisten.",Nashik collector plans geological surveys in Peth and Trimbakeshwar talukas. Nashik Collector Ayush Prasad orders geological surveys near Peth Ashramshala and Trimbakeshwar’s Neel Parvat to assess landslide risk and ensure safety.,Collector Nashik consilia geologica recenset in Peth et Trimbakeshwar talukas. Nashik Collector Ayush Prasad ordines geologicas lustrat prope Peth Ashramshala et Trimbakeshwar's Neel Parvat ut periculum terrestre perpendat et salutem conservet.,2026-07-13 02:36:43+00:00
8e8626944a1f70b4160114e8eac8c391,2026-07-08T17:52:12Z,'landslide',punchng.com,en,0.9,FG condoles China over Gansu landslide,"Nigeria’s Federal Government expresses deep condolences to China following the devastating Gansu landslide, which claimed at least 21 lives. Read more.

Read More: https://punchng.com/fg-condoles-china-over-gansu-landslide/",https://punchng.com/fg-condoles-china-over-gansu-landslide/,https://punchng.com/wp-content/uploads/2026/06/Minister.webp,http://web.archive.org/web/20260709005237/https://punchng.com/fg-condoles-china-over-gansu-landslide/,"The Federal Government has expressed sympathy to the Government and people of China following the devastating landslide that struck Tanchang County in Gansu Province, killing at least 21 people.
In … [+1858 chars]",,"FG drückt China sein Beileid zum Erdrutsch in Gansu aus. Die nigerianische Bundesregierung drückt China ihr tiefes Beileid nach dem verheerenden Erdrutsch in Gansu aus, bei dem mindestens 21 Menschen ums Leben kamen. Mehr lesen.

Weiterlesen: https://punchng.com/fg-condoles-china-over-gansu-landslide/","FG condoles China over Gansu landslide. Nigeria’s Federal Government expresses deep condolences to China following the devastating Gansu landslide, which claimed at least 21 lives. Read more.

Read More: https://punchng.com/fg-condoles-china-over-gansu-landslide/","FG condolat Sinas in Gansu ruina. Gubernatio Foederalis Nigeria solacia alta Sinae exprimit sequentes landem vastantem Gansu, quae saltem 21 vitas asseruit. Lege plura.

Lege More: https://punchng.com/fg-condoles-china-over-gansu-landslide/",2026-07-13 12:30:15+00:00
687f9167c799be9670c8793d2749c279,2026-07-09T17:39:18Z,'landslide road',timesofindia.indiatimes.com,en,0.9,"10 months on, Mussoorie-Doon journey still via temp bridges, landslide zone",Mussoorie-Dehradun road commuters face monsoon risk as Galogi landslide treatment remains unfinished and permanent Shiv Mandir bridge is delayed despite PWD timeline.,https://timesofindia.indiatimes.com/city/dehradun/10-months-on-mussoorie-doon-journey-still-via-temp-bridges-landslide-zone/articleshow/132295289.cms,"https://static.toiimg.com/thumb/msid-132295286,width-1280,height-720,resizemode-6,overlay-toi_sw,pt-32,y_pad-600/photo.jpg",,"<ul><li>News</li>
<li>10 months on, Mussoorie-Doon journey still via temp bridges, landslide zone</li></ul>
Follow Us On Social Media
Copyright © 2026 Bennett, Coleman &amp; Co. Ltd. All rights re… [+52 chars]",,"10 Monate später führt die Reise Mussoorie-Doon immer noch über temporäre Brücken und eine Erdrutschzone. Pendler auf der Straße Mussoorie-Dehradun sind dem Monsunrisiko ausgesetzt, da die Erdrutschbehandlung in Galogi noch nicht abgeschlossen ist und sich die dauerhafte Shiv-Mandir-Brücke trotz des PWD-Zeitplans verzögert.","10 months on, Mussoorie-Doon journey still via temp bridges, landslide zone. Mussoorie-Dehradun road commuters face monsoon risk as Galogi landslide treatment remains unfinished and permanent Shiv Mandir bridge is delayed despite PWD timeline.","X menses supra, iter Mussoorie-Doon adhuc per pontes temp, zona lapsus. Mussoorie-Dehradun via commuters facie monsoon periculum sicut curatio Galog prolapsus manet imperfectus et permanens pons Shiv Mandir moratus est obstante PWD timeline.",2026-07-13 12:30:15+00:00
297e8063c19b11d66116d582b621adeb,2026-07-11T12:08:15Z,'landslide',www.irishtimes.com,en,0.9,China evacuates more than one million people as region braces for Typhoon Bavi,At least 17 killed in landslides set off by intense rains in southern Philippines,https://www.irishtimes.com/world/asia-pacific/2026/07/11/china-evacuates-more-than-one-million-people-as-region-braces-for-typhoon-bavi/,https://www.irishtimes.com/resizer/v2/72QWYVK4NZDI7ANCVMDVX6KD5Q.jpg?smart=true&auth=f893248bd69f42259f291b54fe77f8c6ca20ed91697d263448ff12a04ecdec50&width=1200&height=630,http://web.archive.org/web/20260711135634/https://www.irishtimes.com/world/asia-pacific/2026/07/11/china-evacuates-more-than-one-million-people-as-region-braces-for-typhoon-bavi/,"Chinese authorities evacuated more than one million people on Saturday and issued high alerts as eastern China braced for Typhoon Bavi, which has brought strong winds and rain to Japans southern isla… [+3062 chars]",,"China evakuiert mehr als eine Million Menschen, während sich die Region auf den Taifun Bavi vorbereitet. Mindestens 17 Tote bei Erdrutschen, die durch heftige Regenfälle im Süden der Philippinen ausgelöst wurden",China evacuates more than one million people as region braces for Typhoon Bavi. At least 17 killed in landslides set off by intense rains in southern Philippines,Sinae plus quam unum miliones hominum regionis Typhoon Bavi adstringit. Saltem XVII occidit in proruit profectus a magnis imbribus in Philippinis australibus,2026-07-13 12:30:15+00:00
8fd7e7bb7704aadc5b1fb30aebe4f2c4,2026-07-11T17:02:00Z,veryUnusualAndNeverUsedKeyword,www.dw.com,en,0.9,"Typhoon Bavi hits China after battering Taiwan, Japan","Bavi has forced hundreds of thousands to evacuate in China, knocked out power in Japan and Taiwan, and triggered deadly landslides in the Philippines. Typhoon Bavi made landfall in China's eastern province of Zhejiang late Saturday night, state media reported…",https://www.dw.com/en/typhoon-bavi-hits-china-after-battering-taiwan-japan/a-77914270,https://static.dw.com/image/77918139_6.jpg,http://web.archive.org/web/20260712031652/https://www.dw.com/en/typhoon-bavi-hits-china-after-battering-taiwan-japan/a-77914270,"Typhoon Bavi made landfall in China's eastern province of Zhejiang late Saturday night, state media reported.
Over 1.7 million people had been evacuated as the country braced for Bavi, which is expe… [+2402 chars]",,"Taifun Bavi trifft China, nachdem er Taiwan und Japan verwüstet hat. Bavi hat Hunderttausende in China zur Evakuierung gezwungen, in Japan und Taiwan den Strom abgeschaltet und auf den Philippinen tödliche Erdrutsche ausgelöst. Der Taifun Bavi traf am späten Samstagabend auf Chinas östliche Provinz Zhejiang, wie staatliche Medien berichteten.","Typhoon Bavi hits China after battering Taiwan, Japan. Bavi has forced hundreds of thousands to evacuate in China, knocked out power in Japan and Taiwan, and triggered deadly landslides in the Philippines. Typhoon Bavi made landfall in China's eastern province of Zhejiang late Saturday night, state media reported…","Typhoon Bavi Sinas percusserit cum Taiwan, Iaponia. Bavi centena milia in Sinis decedere coegit, potestatem in Iaponia et Taiwan excussit, et in Philippinis ruinas funestas utitur. Typhoon Bavi lapsus in Sinarum orientali provincia Zhejiang nuper Saturni nocte facta est, publica media nuntiata…",2026-07-13 12:30:15+00:00
6d2ce818e5193de1b218689709f319b7,2026-07-06T15:05:37Z,'landslide',timesofindia.indiatimes.com,en,0.9,"Morbe dam receives record single-day rainfall, storage volume up to 43%","Morbe dam catchment sees record 333 mm rain; storage rises to 43% in Navi Mumbai. NMMC denies overflow rumour; heavy rain triggers tree falls, landslide.",https://timesofindia.indiatimes.com/city/mumbai/morbe-dam-receives-record-single-day-rainfall-storage-volume-up-to-43/articleshow/132220346.cms,"https://static.toiimg.com/thumb/msid-132220345,width-1280,height-720,resizemode-6,overlay-toi_sw,pt-32,y_pad-600/photo.jpg",http://web.archive.org/web/20260706210809/https://timesofindia.indiatimes.com/city/mumbai/morbe-dam-receives-record-single-day-rainfall-storage-volume-up-to-43/articleshow/132220346.cms,"Follow Us On Social Media
Ram Mandir Trust Chief Demands Strict Action As Donation Probe Intensifies FurtherIran Terms India's Attendance At Khamenei Funeral 'Deeply Valued Gesture', Sends Formal Gr… [+1387 chars]",,"Morbe-Staudamm erhält Rekordniederschläge an einem Tag, Stauvolumen bis zu 43 %. Im Einzugsgebiet des Morbe-Staudamms fallen Rekordregenmengen von 333 mm; Die Speicherkapazität steigt in Navi Mumbai auf 43 %. NMMC bestreitet Überlaufgerücht; Starker Regen löst Baumsturz und Erdrutsch aus.","Morbe dam receives record single-day rainfall, storage volume up to 43%. Morbe dam catchment sees record 333 mm rain; storage rises to 43% in Navi Mumbai. NMMC denies overflow rumour; heavy rain triggers tree falls, landslide.","Morbe dam recordum unius diei pluviam accipit, volumen repono usque ad 43%. AQUIVERGIUM Morbe dam videt recordum 333 mm pluviam; tabularium ascendit ad 43% in Navi Mumbai. nmmc rumor negat; gravis imber, triggers arbor, proruit, proruit.",2026-07-14 02:21:24+00:00
3db8672eddbf174527b800a457b4b779,2026-07-06T15:09:04Z,'landslide rain',timesofindia.indiatimes.com,en,0.9,"Amid landslide threat in Munnar, tourists urged to exercise caution",Munnar landslide alert: Idukki authorities warn tourists to avoid NH 85 (Kochi–Dhanushkodi) unless necessary; traffic curbs near CSI Church after heavy rain.,https://timesofindia.indiatimes.com/city/kochi/amid-landslide-threat-in-munnar-tourists-urged-to-exercise-caution/articleshow/132220373.cms,"https://static.toiimg.com/thumb/msid-132220372,width-1280,height-720,resizemode-6,overlay-toi_sw,pt-32,y_pad-600/photo.jpg",http://web.archive.org/web/20260706194145/https://timesofindia.indiatimes.com/city/kochi/amid-landslide-threat-in-munnar-tourists-urged-to-exercise-caution/articleshow/132220373.cms,"Follow Us On Social Media
Ram Mandir Trust Chief Demands Strict Action As Donation Probe Intensifies FurtherIran Terms India's Attendance At Khamenei Funeral 'Deeply Valued Gesture', Sends Formal Gr… [+1387 chars]",,"Angesichts der drohenden Erdrutschgefahr in Munnar werden Touristen zur Vorsicht aufgefordert. Erdrutschwarnung in Munnar: Behörden von Idukki warnen Touristen, NH 85 (Kochi–Dhanushkodi) zu meiden, sofern dies nicht erforderlich ist; Nach starkem Regen kommt es in der Nähe der CSI-Kirche zu Verkehrseinschränkungen.","Amid landslide threat in Munnar, tourists urged to exercise caution. Munnar landslide alert: Idukki authorities warn tourists to avoid NH 85 (Kochi–Dhanushkodi) unless necessary; traffic curbs near CSI Church after heavy rain.","Inter minationem in Munnar, peregrinatores ad cautelam exercendam suaserunt. Munnar intenti: Idukki auctoritates monent peregrinatores ad vitandum NH 85 (Kochi-Dhanushkodi) nisi necessarium; mercaturas cohibet prope CSI Ecclesia post pluviam.",2026-07-14 02:21:24+00:00
6ee7fd5152c79bb26b8fd5c605f566a6,2026-07-07T12:28:57Z,'landslide',timesofindia.indiatimes.com,en,0.9,Met issues heavy rain alert across N Bengal,"North Bengal rain alert: IMD forecasts heavy to extremely heavy rain July 7–9 in Darjeeling, Kalimpong, Jalpaiguri, Alipurduar, Cooch Behar; landslide risk.",https://timesofindia.indiatimes.com/city/kolkata/met-issues-heavy-rain-alert-across-n-bengal/articleshow/132239443.cms,https://static.toiimg.com/photo/msid-47529300/47529300.jpg,http://web.archive.org/web/20260708024649/https://timesofindia.indiatimes.com/city/kolkata/met-issues-heavy-rain-alert-across-n-bengal/articleshow/132239443.cms,"Follow Us On Social Media
Copyright © 2026 Bennett, Coleman &amp; Co. Ltd. All rights reserved. For reprint rights: Times Syndication Service",,"Met gibt für Nordbengalen eine Warnung vor starkem Regen heraus. Regenwarnung für Nordbengalen: IMD prognostiziert starken bis extrem starken Regen vom 7. bis 9. Juli in Darjeeling, Kalimpong, Jalpaiguri, Alipurduar und Cooch Behar; Erdrutschgefahr.","Met issues heavy rain alert across N Bengal. North Bengal rain alert: IMD forecasts heavy to extremely heavy rain July 7–9 in Darjeeling, Kalimpong, Jalpaiguri, Alipurduar, Cooch Behar; landslide risk.","Occurrit quaestiones pluviae graves trans N Bengalam erectae. Pluviae Bengalicae septentrionales erecti: IMD praenuntiationes gravissimae ad pluviam valde gravem Iulii 7-9 in Darjeeling, Kalimpong, Jalpaiguri, Alipurduar, Cooch Behar; periculum proruit.",2026-07-14 02:21:24+00:00
d333ba439df7fb0544f2b5ebdc29c9b7,2026-07-07T18:04:48Z,'landslide rain',timesofindia.indiatimes.com,en,0.9,State transport utility cancels over 521 bus trips in Nashik due to heavy rain & possibility of landslides,"MSRTC cancels 521 bus trips in Nashik amid heavy rain and landslide risk; key ghat routes shut, revenue loss tops Rs 11 lakh; services to resume when safe.",https://timesofindia.indiatimes.com/city/nashik/state-transport-utility-cancels-over-521-bus-trips-in-nashik-due-to-heavy-rain-possibility-of-landslides/articleshow/132245495.cms,"https://static.toiimg.com/thumb/msid-132245494,width-1280,height-720,resizemode-6,overlay-toi_sw,pt-32,y_pad-600/photo.jpg",http://web.archive.org/web/20260708061807/https://timesofindia.indiatimes.com/city/nashik/state-transport-utility-cancels-over-521-bus-trips-in-nashik-due-to-heavy-rain-possibility-of-landslides/articleshow/132245495.cms,"<ul><li>News</li>
<li>City News</li>
<li>nashik News</li>
<li>State transport utility cancels over 521 bus trips in Nashik due to heavy rain &amp; possibility of landslides</li></ul>
Follow Us On… [+2962 chars]",,"Das staatliche Transportunternehmen storniert über 521 Busfahrten in Nashik wegen starken Regens und möglicher Erdrutsche. MSRTC storniert 521 Busfahrten in Nashik wegen starken Regens und Erdrutschgefahr; wichtige Ghat-Routen geschlossen, Umsatzverlust übersteigt 11 Lakh Rupien; Dienste können wieder aufgenommen werden, wenn die Sicherheit gewährleistet ist.","State transport utility cancels over 521 bus trips in Nashik due to heavy rain & possibility of landslides. MSRTC cancels 521 bus trips in Nashik amid heavy rain and landslide risk; key ghat routes shut, revenue loss tops Rs 11 lakh; services to resume when safe.","Publica oneraria utilitas super 521 bus itinera in Nashik destruit propter pluviam & facultatem proruit. MSRTC destruit 521 bus itinera in Nashik inter pluvias et ruinae periculum; key ghat itinera clausa, vectigal damnum cacumina Rs 11 lakh; officia resumere cum incolume.",2026-07-14 02:21:24+00:00
910a2d0eb4026b0b75f4dacff2a0ba8d,2026-07-07T19:53:05Z,'landslide rain',timesofindia.indiatimes.com,en,0.9,"Debris blocks trains for second day, travel uncertainty grips passengers","Central Railway restores Pune–Lonavla Karjat–Lonavla line after rain-triggered landslide; many trains cancelled/diverted, passengers seek clearer updates.",https://timesofindia.indiatimes.com/city/pune/debris-blocks-trains-for-second-day-travel-uncertainty-grips-passengers/articleshow/132248597.cms,"https://static.toiimg.com/thumb/msid-132248594,width-1280,height-720,resizemode-6,overlay-toi_sw,pt-32,y_pad-600/photo.jpg",http://web.archive.org/web/20260707234551/https://timesofindia.indiatimes.com/city/pune/debris-blocks-trains-for-second-day-travel-uncertainty-grips-passengers/articleshow/132248597.cms,"Follow Us On Social Media
Pune pummeled by two days of heavy rain, many areas floodedSpecial CBI court awards 3-year RI to two traders in 25-year-old bank fraud caseUS revokes Iran oil waiver amid a… [+1278 chars]",,"Trümmer blockieren Züge am zweiten Tag, Reiseunsicherheit lastet auf Passagieren. Central Railway stellt die Strecke Pune–Lonavla Karjat–Lonavla nach einem durch Regen ausgelösten Erdrutsch wieder her; Viele Züge wurden gestrichen/umgeleitet, Fahrgäste suchen nach klareren Informationen.","Debris blocks trains for second day, travel uncertainty grips passengers. Central Railway restores Pune–Lonavla Karjat–Lonavla line after rain-triggered landslide; many trains cancelled/diverted, passengers seek clearer updates.","Obstantia impedimenta diei secundo impedimenta peregrinationis incerti viatores tenet. Central Railway restituit Pune-Lonavla Karjat-Lonavla lineam post pluviam Urguet ruina; multa impedimenta cancellata/diversa, viatores updates clariora quaerunt.",2026-07-14 02:21:24+00:00
5256dc1d629a3a59ab72ae64375ecce6,2026-07-12T17:38:05Z,'landslide',timesofindia.indiatimes.com,en,0.9,"Heavy rain after-effect leaves Doon, Mussoorie struggling on weekend","Heavy rain in Dehradun triggers landslide blocking Mussoorie highway, washes away Tons river temporary bridge, floods low-lying areas, injures 62-year-old.",https://timesofindia.indiatimes.com/city/dehradun/heavy-rain-after-effect-leaves-doon-mussoorie-struggling-on-weekend/articleshow/132349957.cms,"https://static.toiimg.com/thumb/msid-132349953,width-1280,height-720,resizemode-6,overlay-toi_sw,pt-32,y_pad-600/photo.jpg",http://web.archive.org/web/20260712180418/https://timesofindia.indiatimes.com/city/dehradun/heavy-rain-after-effect-leaves-doon-mussoorie-struggling-on-weekend/articleshow/132349957.cms,"Follow Us On Social Media
Bulls**t aside: Jake Paul trolls Conor McGregors UFC 329 setback, then posts heartfelt messageWarm, humid weather returns as rains take a break in Mumbai, lake levels remai… [+1403 chars]",,"Die Nachwirkung starker Regenfälle führt dazu, dass Doon, Mussoorie, am Wochenende Probleme hat. Heftiger Regen in Dehradun löst einen Erdrutsch aus, der den Mussoorie-Highway blockiert, spült die provisorische Brücke über den Tons River weg, überschwemmt tief gelegene Gebiete und verletzt einen 62-Jährigen.","Heavy rain after-effect leaves Doon, Mussoorie struggling on weekend. Heavy rain in Dehradun triggers landslide blocking Mussoorie highway, washes away Tons river temporary bridge, floods low-lying areas, injures 62-year-old.","Imbribus gravis post-effectum Doon relinquit, Mussoorie in volutpat vestibulum luctans. Imbribus gravis in Dehradun triggers lapsus in via Mussooriae claudebant, Tons flumen pontem temporalem abluit, areas humiles inundat, iniurias 62 annos natus.",2026-07-14 02:21:24+00:00
d5d83f06d50e7d578ae6b36bc1bede96,2026-07-01T20:56:11Z,'landslide',www.esquire.com,en,0.9,"Trump Announces a Midterm Convention to Celebrate His “Successes,” Which Is Certainly Not the Word I’d Use",Let’s hope the party is ruined by a Democratic landslide.,https://www.esquire.com/news-politics/politics/a71799506/trump-midterm-convention-announcement/,"https://hips.hearstapps.com/hmg-prod/images/eff8aa41-773d-4799-a9b7-09c425a7a570.jpeg?crop=1xw:0.749916303984xh;center,top&resize=1200:*",http://web.archive.org/web/20260701220637/https://www.esquire.com/news-politics/politics/a71799506/trump-midterm-convention-announcement/,"I have told the story before of attending the 1982 Democratic ""Midterm"" Convention in Philadelphia, which began the party's slow slide toward ineffectual corporate banality. The Democratic elite was … [+2455 chars]",,"Trump kündigt eine Zwischenkonferenz an, um seine „Erfolge“ zu feiern, was sicherlich nicht das Wort ist, das ich verwenden würde. Hoffen wir, dass die Partei durch einen Erdrutsch der Demokraten ruiniert wird.","Trump Announces a Midterm Convention to Celebrate His “Successes,” Which Is Certainly Not the Word I’d Use. Let’s hope the party is ruined by a Democratic landslide.","BUCINUM Annuntiat Conventum Midterm ad Celebrandum Suos ""Successes,"" Quod utique non est Verbum quo usus sum. Speremus partium ruinae democraticae ruinae.",2026-07-14 11:24:53+00:00
96cc06922d9f553de9759eb76fd7843d,2026-07-03T09:30:00Z,'landslide',www.thenation.com,en,0.9,My Doppelgänger Trying to Attack AOC,"Martin Dolan



Martin W. Dolan, New York candidate for Congress, lost his primary by a landslide. But first, he drove me insane. 




The post My Doppelgänger Trying to Attack AOC appeared first on The Nation.",https://www.thenation.com/article/politics/my-doppelganger-trying-to-attack-aoc/,https://www.thenation.com/wp-content/uploads/2026/06/MD-edit.jpg,,"Martin W. Dolan, New York candidate for Congress, lost his primary by a landslide. But first, he drove me insane. 
Ad Policy
Molly Spears and Marty Dolan attend Yorkville Ball at The Union Club on … [+12064 chars]",,"Mein Doppelgänger versucht, AOC anzugreifen. Martin Dolan



Martin W. Dolan, New Yorker Kongresskandidat, verlor seine Vorwahl durch einen Erdrutsch. Aber zuerst machte er mich wahnsinnig. 




Der Beitrag „My Doppelgänger Trying to Attack AOC“ erschien zuerst auf The Nation.","My Doppelgänger Trying to Attack AOC. Martin Dolan



Martin W. Dolan, New York candidate for Congress, lost his primary by a landslide. But first, he drove me insane. 




The post My Doppelgänger Trying to Attack AOC appeared first on The Nation.","Meus Doppelgänger oppugnare conatus AOC. Martinus Dolan



Martin W. Dolan, candidatus Congressus Novi Eboraci, primarium amisit in lapsu. Sed primum me insanum adegit. 




Stipes My Doppelgänger AOC oppugnare conatus primus in Natione apparuit.",2026-07-14 11:24:53+00:00
1b4be338ee06ae061afe4669415e8a4c,2026-07-11T17:22:39Z,'landslide',www.aljazeera.com,en,0.9,"Evacuations as landslide threatens Indian village, construction firm blamed","A landslide during heavy monsoon rains tore through the Indian hill town of Shimla, forcing villagers to evacuate.",https://www.aljazeera.com/video/newsfeed/2026/7/11/evacuations-as-landslide-threatens-indian-village-construction-firm-blamed,https://www.aljazeera.com/wp-content/uploads/2026/07/image-1783790531.jpg?resize=1920%2C1080&quality=80,http://web.archive.org/web/20260712000035/https://www.aljazeera.com/video/newsfeed/2026/7/11/evacuations-as-landslide-threatens-indian-village-construction-firm-blamed,"NewsFeed
A landslide during heavy monsoon rains tore through the Indian hill town of Shimla, forcing villagers to evacuate their homes amid fears of further collapse.
Residents say the cause was a … [+93 chars]",,"Evakuierungen, da Erdrutsch ein Indianerdorf bedroht, machen Baufirma dafür verantwortlich. Während heftiger Monsunregenfälle erschütterte ein Erdrutsch die indische Bergstadt Shimla und zwang die Dorfbewohner zur Evakuierung.","Evacuations as landslide threatens Indian village, construction firm blamed. A landslide during heavy monsoon rains tore through the Indian hill town of Shimla, forcing villagers to evacuate.","Evacuationes prolapsio in vico Indico minatur, constructione firma culpatur. LAPSUS per imbres graves ETESIA, per montem Indicum Shimla oppidum, vicani decedere cogens.",2026-07-14 16:13:15+00:00
df73755efbdc707baafcd3eef7a0cf1b,2026-07-14T06:44:24Z,'landslide',www.vanguardngr.com,en,0.9,"Tears, pain as landslide claims four siblings in Cross River","Tragedy struck over the weekend in Ikot Awatin community, Calabar municipality, Cross River State as torrential rain triggered a landslide, killing four siblings
The post Tears, pain as landslide claims four siblings in Cross River appeared first on Vanguard …",https://www.vanguardngr.com/2026/07/tears-pain-as-landslide-claims-four-siblings-in-cross-river/,https://cdn.vanguardngr.com/wp-content/uploads/2026/07/mother.png,,"By Ike Uchechukwu
Tragedy struck over the weekend in Ikot Awatin community, Calabar municipality, Cross River State as torrential rain triggered a landslide, killing four siblings
The tragic incide… [+4068 chars]",,"Tränen und Schmerz, als vier Geschwister in Cross River durch einen Erdrutsch getötet wurden. Am Wochenende ereignete sich in der Gemeinde Ikot Awatin in der Gemeinde Calabar im Bundesstaat Cross River eine Tragödie, als sintflutartige Regenfälle einen Erdrutsch auslösten, bei dem vier Geschwister ums Leben kamen
Der Beitrag Tränen und Schmerz, als Erdrutsch vier Geschwister in Cross River fordert, erschien zuerst auf Vanguard …","Tears, pain as landslide claims four siblings in Cross River. Tragedy struck over the weekend in Ikot Awatin community, Calabar municipality, Cross River State as torrential rain triggered a landslide, killing four siblings
The post Tears, pain as landslide claims four siblings in Cross River appeared first on Vanguard …","Lacrimae, dolor pro LAPSUS quattuor siblings in Cross River clamat. Tragoedia super volutpat in Ikot Awatin communitas, municipium Calabaria, Civitas Crucis Flumen ut imber torrentis ruit prolapsus, quattuor siblings necavit.
Post Lacrimae, dolor pro LAPSUS quattuor siblings in Cross River clamat apparuit primus in PROCURSATORES ...",2026-07-15 07:13:58+00:00
cab555f1e3f199f514ba9e8f2dbea836,2026-07-12T09:18:00Z,'landslide',economictimes.indiatimes.com,en,0.9,"Uttarakhand Rain Alert: Rainfall disrupts Kedarnath Yatra, several roads shut as IMD warns of heavy rainfall across state","Uttarakhand is experiencing heavy monsoon rains, leading to widespread disruptions across the state.  One hundred twenty-six roads are closed due to rain damage and blockages.  A landslide has blocked the Kedarnath Highway, impacting pilgrim movement and Yatr…",https://economictimes.indiatimes.com/news/new-updates/uttarakhand-rain-alert-rainfall-disrupts-kedarnath-yatra-several-roads-shut-as-imd-warns-of-heavy-rainfall-across-state/articleshow/132343218.cms,"https://img.etimg.com/thumb/msid-132343238,width-1200,height-630,imgsize-83843,overlay-economictimes/articleshow.jpg",http://web.archive.org/web/20260713025243/https://economictimes.indiatimes.com/news/new-updates/uttarakhand-rain-alert-rainfall-disrupts-kedarnath-yatra-several-roads-shut-as-imd-warns-of-heavy-rainfall-across-state/articleshow/132343218.cms,"Alpha Trade
Get daily trade ideas from SEBI-registered research analysts.
Investment Ideas
Grow your wealth with stock ideas &amp; sectoral trends.
Stock Reports Plus
All-in-one stock research w… [+512 chars]",,"Uttarakhand-Regenwarnung: Regen stört Kedarnath Yatra, mehrere Straßen gesperrt, da IMD vor starken Regenfällen im ganzen Bundesstaat warnt. In Uttarakhand kommt es zu heftigen Monsunregenfällen, die im ganzen Staat zu großflächigen Störungen führen.  Einhundertsechsundzwanzig Straßen sind aufgrund von Regenschäden und Blockaden gesperrt.  Ein Erdrutsch hat den Kedarnath Highway blockiert und beeinträchtigt die Pilgerbewegung und Yatr…","Uttarakhand Rain Alert: Rainfall disrupts Kedarnath Yatra, several roads shut as IMD warns of heavy rainfall across state. Uttarakhand is experiencing heavy monsoon rains, leading to widespread disruptions across the state.  One hundred twenty-six roads are closed due to rain damage and blockages.  A landslide has blocked the Kedarnath Highway, impacting pilgrim movement and Yatr…","Uttarakhand erecti Pluviae: Pluvia Kedarnath Yatra dissolvit, plures viae clausae sicut IMD monet de pluviis gravibus per statum. Uttarakhand sentit pluvias graves et monsoons ducens ad distractiones disseminatas per statum.  Centum viginti sex viae clausae sunt ob damnum et impedimentum pluviae.  LAPSUS LAPSUS Cedarnath Puellam obstruxit, motum peregrinantem impacto et Yatr…",2026-07-15 11:28:23+00:00
a8356b1577c6c1578c38c9a66ded4f70,2026-07-13T08:26:55Z,'landslide',www.thehindubusinessline.com,en,0.9,"Fresh floods, landslides disrupt normal life in several districts of Arunachal","Fresh floods and landslides in Arunachal Pradesh disrupt life, affecting over 97,000 people and causing extensive infrastructure damage.",https://www.thehindubusinessline.com/news/fresh-floods-landslides-disrupt-normal-life-in-several-districts-of-arunachal/article71216422.ece,https://bl-i.thgim.com/public/incoming/vkoc30/article71216532.ece/alternates/LANDSCAPE_1200/20260701441L.jpg,,"Fresh floods and landslides triggered by incessant rain disrupted road connectivity and damaged public infrastructure in several districts of Arunachal Pradesh on Monday, an official statement said.… [+2787 chars]",,"Neue Überschwemmungen und Erdrutsche stören das normale Leben in mehreren Bezirken von Arunachal. Neue Überschwemmungen und Erdrutsche in Arunachal Pradesh stören das Leben, beeinträchtigen über 97.000 Menschen und verursachen erhebliche Schäden an der Infrastruktur.","Fresh floods, landslides disrupt normal life in several districts of Arunachal. Fresh floods and landslides in Arunachal Pradesh disrupt life, affecting over 97,000 people and causing extensive infrastructure damage.","Inundationes recentes, proruit vitam communem perturbare in pluribus regionibus Arunachal. Inundationes recentes et ruinae in Arunachal Pradesh vitam perturbant, afficientes super 97,000 hominum et latissima infrastructura damna faciunt.",2026-07-15 11:28:23+00:00
19c7ee163c23701d6ed8c5c049643b87,2026-07-13T15:36:44Z,'landslide',english.khabarhub.com,en,0.9,Narayangadh–Muglin Highway closed in both directions after landslides triggered by heavy rain,KATHMANDU: The Narayangadh–Muglin Highway has been completely blocked in both directions since Monday evening after continuous rainfall triggered falling rocks and mudslides along the route. The road was obstructed after rocks began falling continuously from …,https://english.khabarhub.com/2026/13/558447/,https://english.khabarhub.com/wp-content/uploads/2025/08/Landslide-Muglin-Narayangadh.jpg,,"KATHMANDU: The NarayangadhMuglin Highway has been completely blocked in both directions since Monday evening after continuous rainfall triggered falling rocks and mudslides along the route.
The road… [+1034 chars]",,"Die Autobahn Narayangadh–Muglin war nach Erdrutschen, die durch starken Regen ausgelöst wurden, in beide Richtungen gesperrt. KATHMANDU: Der Narayangadh–Muglin Highway ist seit Montagabend in beide Richtungen vollständig gesperrt, nachdem anhaltende Regenfälle Steinschläge und Schlammlawinen entlang der Strecke ausgelöst hatten. Die Straße wurde blockiert, nachdem ständig Steine ​​herabfielen …",Narayangadh–Muglin Highway closed in both directions after landslides triggered by heavy rain. KATHMANDU: The Narayangadh–Muglin Highway has been completely blocked in both directions since Monday evening after continuous rainfall triggered falling rocks and mudslides along the route. The road was obstructed after rocks began falling continuously from …,"Narayangadh-Muglin via utrinque clauditur, postquam proruit pluvia gravi Urguet. KATHMANDU:  In via Narayangadh-Muglin via plane saepta est cum vespere Lunae post continuis pluviis saxa cadentes et per viam volutabantur. Via impedita est postquam saxa continue a ...",2026-07-15 11:28:23+00:00
bbc87b7f036452f3b073a4f7545eedb1,2026-07-14T01:47:26Z,'landslide',english.khabarhub.com,en,0.9,Landslides disrupt Muglin-Narayangadh road,"KATHMANDU: Traffic has been disrupted along the Muglin-Narayangadh road after continuous landslides triggered by heavy rainfall made the highway unsafe, local authorities said. An emergency meeting of the Chitwan District Disaster Management Committee on Tues…",https://english.khabarhub.com/2026/14/558475/,https://english.khabarhub.com/wp-content/uploads/2026/05/Landslide-Muglin.jpg,,"KATHMANDU: Traffic has been disrupted along the Muglin-Narayangadh road after continuous landslides triggered by heavy rainfall made the highway unsafe, local authorities said.
An emergency meeting … [+1327 chars]",,"Erdrutsche behindern die Straße Muglin-Narayangadh. KATHMANDU: Der Verkehr auf der Straße Muglin-Narayangadh wurde unterbrochen, nachdem anhaltende Erdrutsche, ausgelöst durch starke Regenfälle, die Autobahn unsicher machten, teilten örtliche Behörden mit. Eine Notfallsitzung des Katastrophenmanagementausschusses des Distrikts Chitwan am Dienstag …","Landslides disrupt Muglin-Narayangadh road. KATHMANDU: Traffic has been disrupted along the Muglin-Narayangadh road after continuous landslides triggered by heavy rainfall made the highway unsafe, local authorities said. An emergency meeting of the Chitwan District Disaster Management Committee on Tues…","Prolapsae rumpere viam Muglin-Narayangadh. KATHMANDU: Negotiatio per viam Muglin-Narayangadh disiecta post continuas ruinas magnis pluviis excitatus viam securam fecit, auctoritates locales dixit. An emergency conventus Chitwan District Calamitas Management Committee on Tues…",2026-07-15 11:28:23+00:00
977546b327fd1e5c7ab00706ad75eaf8,2026-07-14T03:04:52Z,'landslide',economictimes.indiatimes.com,en,0.9,"Northeast reels under rain fury: Arunachal floods claim 7 lives, Mizoram evacuates hundreds, Guwahati grinds to halt","Incessant rains have triggered severe floods and landslides across Arunachal Pradesh, impacting many districts. Mizoram's government has advised tourists to postpone visits due to safety concerns. Heavy rainfall caused significant waterlogging and traffic con…",https://economictimes.indiatimes.com/news/india/northeast-reels-under-rain-fury-arunachal-floods-claim-7-lives-mizoram-evacuates-hundreds-guwahati-grinds-to-halt/articleshow/132379847.cms,"https://img.etimg.com/thumb/msid-132379859,width-1200,height-630,imgsize-10724,overlay-economictimes/articleshow.jpg",http://web.archive.org/web/20260714035404/https://economictimes.indiatimes.com/news/india/northeast-reels-under-rain-fury-arunachal-floods-claim-7-lives-mizoram-evacuates-hundreds-guwahati-grinds-to-halt/articleshow/132379847.cms,Guwahati: Incessant rain triggered fresh floods and landslides in different parts of Arunachal Pradesh on Monday disrupting road connectivity and damaging public infrastructure.A senior state governm… [+2363 chars],,"Der Nordosten gerät unter heftigem Regen ins Wanken: Überschwemmungen in Arunachal fordern sieben Todesopfer, Mizoram evakuiert Hunderte, Guwahati strebt nach einem Stillstand. Unaufhörliche Regenfälle haben in ganz Arunachal Pradesh schwere Überschwemmungen und Erdrutsche ausgelöst, von denen viele Bezirke betroffen waren. Die Regierung von Mizoram hat Touristen aus Sicherheitsgründen geraten, Besuche zu verschieben. Starke Regenfälle führten zu erheblicher Staunässe und Verkehrsbehinderungen.","Northeast reels under rain fury: Arunachal floods claim 7 lives, Mizoram evacuates hundreds, Guwahati grinds to halt. Incessant rains have triggered severe floods and landslides across Arunachal Pradesh, impacting many districts. Mizoram's government has advised tourists to postpone visits due to safety concerns. Heavy rainfall caused significant waterlogging and traffic con…","Ortus sub pluvia furor agit: Arunachal inundationes 7 vitam petunt, Mizoram centenas evacuat, Guwahati molit consistere. Incessabiles pluviae graves inundationes urguere et trans Arunachal Pradesh proruit, multas regiones impacto. Regimen Mizoram peregrinatores suasit ut visitationes differret propter curam salutis. Gravis pluviae significans waterlogging ac negotiationis con... effecit.",2026-07-15 11:28:23+00:00
b6cf30d360adb717071e24a24bacbb7d,2026-07-14T14:22:16Z,'landlide climate change',economictimes.indiatimes.com,en,0.3,Sheikh Hasina's return: India says stance unchanged,"India maintains its cautious approach regarding Sheikh Hasina's potential return to Dhaka. She fled Bangladesh after her government collapsed amid protests in August 2024. Hasina faces a death sentence for alleged crimes against humanity, which Dhaka seeks ex…",https://economictimes.indiatimes.com/news/india/sheikh-hasinas-return-india-says-stance-unchanged/articleshow/132393989.cms,"https://img.etimg.com/thumb/msid-132394055,width-1200,height-630,imgsize-66604,overlay-economictimes/articleshow.jpg",,"New Delhi, As Bangladesh's former prime minister Sheikh Hasina plans to return to Dhaka, India on Tuesday reacted cautiously, saying there is no change in its approach on the issue.Hasina, 78, has be… [+1925 chars]",,"Rückkehr von Scheich Hasina: Indien bleibt bei unveränderter Haltung. Indien bleibt hinsichtlich der möglichen Rückkehr von Scheich Hasina nach Dhaka vorsichtig. Sie floh aus Bangladesch, nachdem ihre Regierung im August 2024 bei Protesten zusammengebrochen war. Hasina droht wegen angeblicher Verbrechen gegen die Menschlichkeit die Todesstrafe, die Dhaka um Ex… ersucht.","Sheikh Hasina's return: India says stance unchanged. India maintains its cautious approach regarding Sheikh Hasina's potential return to Dhaka. She fled Bangladesh after her government collapsed amid protests in August 2024. Hasina faces a death sentence for alleged crimes against humanity, which Dhaka seeks ex…","Sheikh Hasina reditum: India dicit substantiam immutatam. India cautum adventum suum conservat de potentia reditus Sheikh Hasina ad Dhaka. Illa Bangladesia aufugit postquam regimen eius inter protestationes mense Augusto 2024 collapsum est. Hasina sententiam mortis obiicit pro criminibus contra humanitatem assertis, quam Dhaka ex ... quaerit.",2026-07-15 16:20:30+00:00
8dbd94c6f62c84594ca916b28146e773,2026-07-14T10:55:55Z,'rock fall',www.dailymail.com,en,0.8,"Girl, nine, is crushed to death by a falling rock while swimming at Spanish hot springs beauty spot",A nine-year-old girl has been crushed to death while swimming at a Spanish hot springs beauty spot.,https://www.dailymail.com/news/article-15976059/Girl-nine-crushed-death-falling-rock-swimming-Spanish-hot-springs-beauty-spot.html,https://i.dailymail.com/1s/2026/07/14/11/110004713-0-image-a-10_1784026452005.jpg,,"A nine-year-old girl has been crushed to death while swimming at a Spanish hot springs beauty spot.
Another woman, aged 24, was also seriously injured when struck by falling rocks.
The tragedy happ… [+2314 chars]",,"Ein neunjähriges Mädchen wird von einem herabstürzenden Stein erdrückt, während es im Schönheitsgebiet der spanischen heißen Quellen schwimmt. Ein neunjähriges Mädchen ist beim Schwimmen an einem schönen Ort in einer spanischen heißen Quelle zu Tode gequetscht worden.","Girl, nine, is crushed to death by a falling rock while swimming at Spanish hot springs beauty spot. A nine-year-old girl has been crushed to death while swimming at a Spanish hot springs beauty spot.","Puella, novem, Lapsa cadens oppressa Morte natat at calidae Hispaniae fontis decorem necavit. Puella novem annorum oppressa ad necem natat in fontibus calidis Hispanis pulchritudinis macula.",2026-07-15 16:20:30+00:00
c5db5bfb88666bfb378f0ae72190f1bf,2026-07-13T17:35:12Z,'landslide',timesofindia.indiatimes.com,en,0.9,"Raja Seat reopens after landslide, road repair on stretch continues",Raja Seat in Madikeri reopens after minor landslide; road near KSRTC bus stand remains closed for repairs as retaining wall work faces scrutiny.,https://timesofindia.indiatimes.com/city/mysuru/raja-seat-reopens-after-landslide-road-repair-on-stretch-continues/articleshow/132373262.cms,"https://static.toiimg.com/thumb/msid-132373261,width-1280,height-720,resizemode-6,overlay-toi_sw,pt-32,y_pad-600/photo.jpg",,"Follow Us On Social Media
Jay-Z's Final Yankee Stadium Show Hit By Massive Delay After Security Breach Sparks PanicBrendon McCullum press conference: On getting sacked as Test coach, future and more… [+1405 chars]",,"Raja Seat wird nach Erdrutsch wiedereröffnet, Straßenreparaturen auf der Strecke werden fortgesetzt. Raja-Sitz in Madikeri wird nach kleinem Erdrutsch wiedereröffnet; Die Straße in der Nähe der KSRTC-Bushaltestelle bleibt wegen Reparaturarbeiten gesperrt, da die Arbeiten an der Stützmauer überprüft werden müssen.","Raja Seat reopens after landslide, road repair on stretch continues. Raja Seat in Madikeri reopens after minor landslide; road near KSRTC bus stand remains closed for repairs as retaining wall work faces scrutiny.","Raja Sedes post LAPSUS aperit, via reparatione in proten pergit. Raja Sedes in Madikeri recludit post minorem LAPSUS; via iuxta KSRTC bus standum clausa manet pro reparationibus retinendis muri operis facies scrutinii.",2026-07-15 16:20:30+00:00
de0daf6ee839badb3154961015cde7e6,2026-07-13T18:11:11Z,'landslide',timesofindia.indiatimes.com,en,0.9,Kerala’s first landslide warning mechanism to come up in Kannur,"Kerala to install its first landslide warning system at Madassery Hill, Kannur, using real-time rainfall and soil sensors; Rs 2 crore pilot may expand statewide.",https://timesofindia.indiatimes.com/city/kozhikode/keralas-first-landslide-warning-mechanism-to-come-up-in-kannur/articleshow/132374566.cms,"https://static.toiimg.com/thumb/msid-132374565,width-1280,height-720,resizemode-6,overlay-toi_sw,pt-32,y_pad-600/photo.jpg",http://web.archive.org/web/20260714010105/https://timesofindia.indiatimes.com/city/kozhikode/keralas-first-landslide-warning-mechanism-to-come-up-in-kannur/articleshow/132374566.cms,"Follow Us On Social Media
Amol Muzumdar on India's big win at Lord's, Yastika's century &amp; Test cricketIndia train hard for one last time before 1st ODI against EnglandSaudi Bombs Sanaa Airport A… [+1480 chars]",,"Keralas erster Erdrutschwarnmechanismus kommt in Kannur zum Einsatz. Kerala installiert sein erstes Erdrutschwarnsystem am Madassery Hill, Kannur, das Echtzeit-Niederschlags- und Bodensensoren nutzt; Das Pilotprojekt im Wert von 2 Crore Rupien kann landesweit expandieren.","Kerala’s first landslide warning mechanism to come up in Kannur. Kerala to install its first landslide warning system at Madassery Hill, Kannur, using real-time rainfall and soil sensors; Rs 2 crore pilot may expand statewide.","Kerala primus in terrae motu mechanismum in Kannur ascendet. Kerala ut instituat primum systema suum monentis in Madassery Hill, Kannur, utens pluviis realibus et sensoriis soli; Rs 2 crore gubernator statewide dilatare potest.",2026-07-15 16:20:30+00:00
0e7b29b60c85add8a8783fc6f235873e,2026-07-13T19:38:38Z,'landslide',www.irishtimes.com,en,0.9,"Andy Burnham secures Labour leadership with landslide support, paving way to becoming UK PM",Former Manchester mayor expected to formally take over as head of party on July 17th at special conference,https://www.irishtimes.com/world/uk/2026/07/13/andy-burnham-secures-labour-leadership-with-landslide-support-paving-way-to-becoming-uk-pm/,https://www.irishtimes.com/resizer/v2/R3CT7UC2H2TNOOBU4L4S53EF34.jpg?smart=true&auth=ab1dfa11202a3b8c5fda1064bf045d23fcd7f1853419eeedf4c359698b117781&width=1200&height=630,,"Andy Burnham has effectively been confirmed as the next Labour Party UK leader after receiving an extra 27 nominations from Labour MPs, taking his total to 349.
The additional nominations, on top of… [+1313 chars]",,Andy Burnham sichert sich mit überwältigender Unterstützung die Labour-Führung und ebnet den Weg zum britischen Premierminister. Der frühere Bürgermeister von Manchester wird voraussichtlich am 17. Juli auf einer Sonderkonferenz offiziell den Parteivorsitz übernehmen,"Andy Burnham secures Labour leadership with landslide support, paving way to becoming UK PM. Former Manchester mayor expected to formally take over as head of party on July 17th at special conference","Andy Burnham consequitur ducem Laboris cum auxilio lapsus, viam sternens ut UK PM fiat. Prior Manchester maior expectatur se formaliter accipere ut caput factionis die 17 mensis Iulii ad colloquium speciale",2026-07-15 16:20:30+00:00
c11856831ee1dbbd9592ed9c8120bf67,2026-07-14T10:55:42Z,'landslide road',english.khabarhub.com,en,0.9,Narayangadh-Muglin road reopens after clearing landslides at 15 locations,CHITWAN: Traffic movement along the Narayangadh-Muglin road section has resumed after landslides at 15 different locations were cleared. The landslides began falling from around 7 pm on Monday evening due to continuous rainfall and continued until morning. Ac…,https://english.khabarhub.com/2026/14/558589/,https://english.khabarhub.com/wp-content/uploads/2023/12/mugling-Narayanghadh-sadak.webp,,"CHITWAN: Traffic movement along the Narayangadh-Muglin road section has resumed after landslides at 15 different locations were cleared.
The landslides began falling from around 7 pm on Monday eveni… [+1007 chars]",,"Die Straße Narayangadh-Muglin wird wieder geöffnet, nachdem an 15 Stellen Erdrutsche beseitigt wurden. CHITWAN: Der Verkehr auf dem Straßenabschnitt Narayangadh-Muglin wurde wieder aufgenommen, nachdem an 15 verschiedenen Orten Erdrutsche beseitigt wurden. Aufgrund anhaltender Regenfälle begannen die Erdrutsche am Montagabend gegen 19 Uhr zu fallen und hielten bis zum Morgen an. Ac…",Narayangadh-Muglin road reopens after clearing landslides at 15 locations. CHITWAN: Traffic movement along the Narayangadh-Muglin road section has resumed after landslides at 15 different locations were cleared. The landslides began falling from around 7 pm on Monday evening due to continuous rainfall and continued until morning. Ac…,"Narayangadh-Muglin via serenat, purgato proruit in 15 locis. CHITWAN: Negotiationis motus per viam sectionem Narayngadh-Muglin repetitam postquam proruit in 15 diversis locis purgata sunt. Proculi cadentes ab hora septima circa meridiem die Lunae vesperi ob pluviam continuam et usque ad mane manserunt. Ac…",2026-07-15 16:20:30+00:00
2f391785aba98824f9db1d05d3f2ae5f,2026-07-14T12:17:23Z,'landslide',english.khabarhub.com,en,0.9,Eight highways disrupted by floods and landslides as monsoon rains continue,"KATHMANDU: Continuous rainfall has disrupted traffic on eight highways across the country due to floods and landslides, while the previously blocked Hulaki Highway has reopened. According to Nepal Police Headquarters, the Postal Highway section at Dhedhu Khol…",https://english.khabarhub.com/2026/14/558600/,https://english.khabarhub.com/wp-content/uploads/2025/10/Mechi-Highway-Landslide.jpg,,"KATHMANDU: Continuous rainfall has disrupted traffic on eight highways across the country due to floods and landslides, while the previously blocked Hulaki Highway has reopened.
According to Nepal P… [+1626 chars]",,"Acht Autobahnen werden durch Überschwemmungen und Erdrutsche beeinträchtigt, während der Monsunregen anhält. KATHMANDU: Anhaltende Regenfälle haben den Verkehr auf acht Autobahnen im ganzen Land aufgrund von Überschwemmungen und Erdrutschen beeinträchtigt, während der zuvor blockierte Hulaki Highway wieder geöffnet wurde. Nach Angaben des nepalesischen Polizeipräsidiums ist der Abschnitt der Poststraße in Dhedhu Khol…","Eight highways disrupted by floods and landslides as monsoon rains continue. KATHMANDU: Continuous rainfall has disrupted traffic on eight highways across the country due to floods and landslides, while the previously blocked Hulaki Highway has reopened. According to Nepal Police Headquarters, the Postal Highway section at Dhedhu Khol…","Octo viis ab inundationibus et proruit ut monsoon pluviae turbatae pergunt. KATHMANDU: Imbribus continuis commercium octo viis per patriam ob inundationes et ruinas disrupit, dum antea Hulaki Highway obstruxit. Secundum Nepal Aliquam Headquarters, via Zip sectionem ad Dhedhu Khol…",2026-07-15 16:20:30+00:00
fca333b25c0af8baf2a91ea325b11c34,2026-07-06T03:10:39Z,'landslide',timesofindia.indiatimes.com,en,0.9,"Monsoon havoc: Mumbai-Pune Expressway, old highway shut after landslide, heavy rain disrupt traffic",Heavy rains and a landslide have forced the closure of both the Mumbai-Pune Expressway and the old highway. Traffic is suspended in both directions as debris is cleared and water recedes near the Khalapur toll plaza. Authorities are diverting vehicles and urg…,https://timesofindia.indiatimes.com/city/pune/monsoon-havoc-mumbai-pune-expressway-old-highway-shut-after-landslide-heavy-rain-disrupt-traffic/articleshow/132206386.cms,"https://static.toiimg.com/thumb/msid-132206400,width-1280,height-720,resizemode-6,overlay-toi_sw,pt-32,y_pad-600/photo.jpg",,"<ul><li>News</li>
<li>Monsoon havoc: Mumbai-Pune Expressway, old highway shut after landslide, heavy rain disrupt traffic</li></ul>
Follow Us On Social Media
Copyright © 2026 Bennett, Coleman &amp… [+76 chars]",,"Monsun-Verwüstung: Schnellstraße Mumbai-Pune, alte Autobahn nach Erdrutsch gesperrt, starker Regen stört den Verkehr. Starke Regenfälle und ein Erdrutsch haben die Schließung sowohl der Mumbai-Pune-Schnellstraße als auch der alten Autobahn erzwungen. Der Verkehr wird in beide Richtungen unterbrochen, da Trümmer beseitigt werden und das Wasser in der Nähe der Khalapur-Mautstelle zurückgeht. Die Behörden leiten Fahrzeuge um und drängen…","Monsoon havoc: Mumbai-Pune Expressway, old highway shut after landslide, heavy rain disrupt traffic. Heavy rains and a landslide have forced the closure of both the Mumbai-Pune Expressway and the old highway. Traffic is suspended in both directions as debris is cleared and water recedes near the Khalapur toll plaza. Authorities are diverting vehicles and urg…","Monsoon strages: Mumbai-pune Expressway, via antiqua clausa post ruinam, pluviae commercium perturbare. Imbres graves et lapsus clausuram utriusque Mumbai-Pune Expressway et antiquam viam compulerunt. Negotiatio utrinque suspenditur ut strages purgata est et aqua prope theloneum Khalapur recedit. Auctoritates avertunt vehicula et urg…",2026-07-16 02:26:43+00:00
2fa354056a7b25e1247c8009c4116265,2026-07-07T18:05:58Z,'landslide rain',timesofindia.indiatimes.com,en,0.9,Landslide in Kasara Ghat; forts & waterfalls closed for tourists,"Kasara Ghat landslide disrupted Mumbai–Agra highway traffic; route reopened by noon as Nashik shuts ghats, forts, waterfalls and forest tourism amid heavy rains.",https://timesofindia.indiatimes.com/city/nashik/landslide-in-kasara-ghat-forts-waterfalls-closed-for-tourists/articleshow/132245503.cms,"https://static.toiimg.com/thumb/msid-132245502,width-1280,height-720,resizemode-6,overlay-toi_sw,pt-32,y_pad-600/photo.jpg",http://web.archive.org/web/20260708061807/https://timesofindia.indiatimes.com/city/nashik/landslide-in-kasara-ghat-forts-waterfalls-closed-for-tourists/articleshow/132245503.cms,"Follow Us On Social Media
Tyler Robinsons Bizarre Chat With Cop Minutes Before Charlie Kirk Shooting Goes Viral | WatchRussia BLOWS UP 37 Ukrainian Gas Stations As Putin Revenge Fury Targets Ukraine… [+2775 chars]",,"Erdrutsch in Kasara Ghat; Festungen und Wasserfälle für Touristen geschlossen. Erdrutsch in Kasara Ghat störte den Verkehr auf der Autobahn Mumbai–Agra; Die Route wurde gegen Mittag wieder geöffnet, da Nashik Ghats, Festungen, Wasserfälle und den Waldtourismus aufgrund starker Regenfälle schließt.","Landslide in Kasara Ghat; forts & waterfalls closed for tourists. Kasara Ghat landslide disrupted Mumbai–Agra highway traffic; route reopened by noon as Nashik shuts ghats, forts, waterfalls and forest tourism amid heavy rains.","Landslide in Kasara Ghat; castella & cataractarum clausus peregrinatores. Kasara Ghat LAPSUS turbato Mumbai-Agra via negotiationis; iter a meridie fodit ut Nashik claudit ghats, castella, cataractarum et voluptuaria silvarum inter imbribus gravibus.",2026-07-16 02:26:43+00:00
67adbc730c059fac14cdadccec5c4013,2026-07-14T18:16:59Z,'landslide rain',timesofindia.indiatimes.com,en,0.9,Heavy rain in Nashik exposes 52 vulnerable spots with potential of causing disasters,"Nashik rains: District maps 52 disaster-prone spots after July 1-10 flooding, landslide threats; Google Earth digital mapping to boost prevention and response.",https://timesofindia.indiatimes.com/city/nashik/heavy-rain-in-nashik-exposes-52-vulnerable-spots-with-potential-of-causing-disasters/articleshow/132399308.cms,"https://static.toiimg.com/thumb/msid-132399307,width-1280,height-720,resizemode-6,overlay-toi_sw,pt-32,y_pad-600/photo.jpg",,"Follow Us On Social Media
Copyright © 2026 Bennett, Coleman &amp; Co. Ltd. All rights reserved. For reprint rights: Times Syndication Service",,"Starker Regen in Nashik legt 52 gefährdete Stellen frei, die möglicherweise zu Katastrophen führen könnten. Regenfälle in Nashik: Distrikt kartiert 52 katastrophengefährdete Orte nach Überschwemmungen und Erdrutschgefahr vom 1. bis 10. Juli; Digitale Kartierung von Google Earth zur Verbesserung von Prävention und Reaktion.","Heavy rain in Nashik exposes 52 vulnerable spots with potential of causing disasters. Nashik rains: District maps 52 disaster-prone spots after July 1-10 flooding, landslide threats; Google Earth digital mapping to boost prevention and response.","Imber gravis in Nashik vulnerabiles maculas 52 exponit cum potentia calamitates causandi. Nashik pluviae: District maps 52 clade-prona maculae post July 1-10 inundationem, LAPSUS minas; Google Terra digitalis destinata ad praeventionis et responsionis boost.",2026-07-16 02:26:43+00:00
1623a537ee0c355ec27639f128aeed41,2026-07-09T06:00:00Z,'rockfall',lezec.cz,en,0.9,Czech Climber Killed on Lyskamm in the Swiss Alps After Being Struck by Falling Rocks,"According to a report from the Valais Cantonal Police, two climbers were ascending the north face of Lyskamm around 9:00 a.m. when they were caught in a rockfall. They were struck by falling rocks, and one of them sustained fatal injuries. His ...",https://lezec.cz/en/clanek.php?key=20407&utm_source=rss&utm_medium=link,https://lezec.cz/fotos/fil29544.jpg,,"His climbing partner immediately called for emergency services. An Air Zermatt helicopter, dispatched by the Valais Cantonal Rescue Organization, flew to the scene of the accident; upon arrival, the … [+191 chars]",,"Tschechischer Bergsteiger am Lyskamm in den Schweizer Alpen getötet, nachdem er von herabfallenden Steinen getroffen wurde. Laut einer Meldung der Walliser Kantonspolizei waren zwei Bergsteiger gegen 9.00 Uhr dabei, die Nordwand des Lyskamms hinaufzusteigen, als sie von einem Steinschlag erfasst wurden. Sie wurden von herabfallenden Steinen getroffen, einer von ihnen erlitt tödliche Verletzungen. Sein ...","Czech Climber Killed on Lyskamm in the Swiss Alps After Being Struck by Falling Rocks. According to a report from the Valais Cantonal Police, two climbers were ascending the north face of Lyskamm around 9:00 a.m. when they were caught in a rockfall. They were struck by falling rocks, and one of them sustained fatal injuries. His ...","Czech Climber in Lyskamm in Alpibus Helvetiis ab Falling Saxis percussus occisus est. Iuxta relationem de Valais Cantonal Police, duo vectores ascendebant faciem septentrionalem Lyskamm circa 9:00 a.m., cum in scopulo deprehensi sunt. Saxa procidentes sunt tacta, et ex illis una funestas iniurias sustinuit. eius...",2026-07-16 07:21:59+00:00
09edb9bf93a9f51632ec650d96ddb0a5,2026-07-12T10:35:05Z,'rockfall',www.dailymail.com,en,0.9,Tragedy on Murder Wall mountain: How climbers died one-by-one on Eiger North Face including last-man-standing who muttered 'I'm finished' while dangling a yard from safety,"Nicknamed the 'Murder Wall' for its avalanches, rockfalls and ferocious storms, the mountain had claimed the lives of two climbers just a year earlier.",https://www.dailymail.com/news/article-15944659/Tragedy-Murder-Wall-mountain-climbers-died-one-one-Eiger-North-Face-including-man-standing-muttered-Im-finished-dangling-yard-safety.html,https://i.dailymail.com/1s/2026/07/09/11/109721725-0-image-m-9_1783591925421.jpg,http://web.archive.org/web/20260712171331/https://www.dailymail.com/news/article-15944659/Tragedy-Murder-Wall-mountain-climbers-died-one-one-Eiger-North-Face-including-man-standing-muttered-Im-finished-dangling-yard-safety.html,"'I'm finished.' Those were the final words uttered by Toni Kurz as he dangled just metres beyond the reach of those trying to save him and the life drained from his body.
Kurz, 23, and fellow climbe… [+5676 chars]",,"Tragödie am Berg Murder Wall: Wie Kletterer einer nach dem anderen an der Eiger-Nordwand starben, darunter auch der letzte Mann, der „Ich bin fertig“ murmelte, während er einen Meter von der Sicherheit entfernt baumelte. Der Berg, der wegen seiner Lawinen, Steinschläge und heftigen Stürme auch „Mordmauer“ genannt wird, hatte nur ein Jahr zuvor das Leben zweier Kletterer gefordert.","Tragedy on Murder Wall mountain: How climbers died one-by-one on Eiger North Face including last-man-standing who muttered 'I'm finished' while dangling a yard from safety. Nicknamed the 'Murder Wall' for its avalanches, rockfalls and ferocious storms, the mountain had claimed the lives of two climbers just a year earlier.","Tragoedia de Murder Muri monte: Quomodo tellus in Eiger Septentrionalis Facie unus-unus mortuus est inter novissimus homo stans qui mussat 'Me consummavi' cum virga e salute pendentia. Cognomento ""Mus Murder"" propter avalanches, saxa et tempestates ferocissimas, mons vitam duorum tellusrum proximo anno ante vindicaverat.",2026-07-16 07:21:59+00:00
3b05ffcb1434358debc2c263eaf0325a,2026-07-13T19:21:12Z,'rockfall',www.sfgate.com,en,0.9,Glacier National Park visitor struck by rockfall while driving iconic road,A Glacier National Park visitor was injured by rockfall.,https://www.sfgate.com/national-parks/article/glacier-national-park-rockfall-22343589.php,,http://web.archive.org/web/20260713194954/https://www.sfgate.com/national-parks/article/glacier-national-park-rockfall-22343589.php,"A required part of this site couldnt load. This may be due to a browser
 extension, network issues, or browser settings. Please check your
 connection, disable any ad blockers, or try using a diffe… [+12 chars]",,Besucher des Glacier-Nationalparks wurden beim Fahren auf einer berühmten Straße von einem Steinschlag getroffen. Ein Besucher des Glacier-Nationalparks wurde durch Steinschlag verletzt.,Glacier National Park visitor struck by rockfall while driving iconic road. A Glacier National Park visitor was injured by rockfall.,Visitator National Park Glacier petrae percussus dum iter iconicum agit. A Glacier National Park visitor saxofall vulneratus est.,2026-07-16 07:21:59+00:00
e2868bcbb4ea1e9fc68a7d20f85a3ee4,2026-07-15T18:15:00Z,'landlide climate change',variety.com,en,0.2,How the ‘Must See TV’ Campaign Defined NBC’s Dominance in the 1990s and Changed America’s Viewing Habits,"Today, we’d call it short-form content. In the late summer of 1993, NBC dubbed it “Must See TV.” NBC was far ahead of the curve in the summer of 1993 when it embarked on an image campaign that would come to define the network’s dominance in the 1990s. The fac…",https://variety.com/2026/tv/news/nbc-must-see-tv-1990s-seinfeld-frasier-wings-mad-la-law-1236811206/,https://variety.com/wp-content/uploads/2026/07/Seinfeld.jpg?w=1000&h=563&crop=1,,"Today, we’d call it short-form content. In the late summer of 1993, NBC dubbed it “Must See TV.”
NBC was far ahead of the curve in the summer of 1993 when it embarked on an image campaign that would… [+6466 chars]",,"Wie die „Must See TV“-Kampagne die Dominanz von NBC in den 1990er Jahren definierte und Amerikas Fernsehgewohnheiten veränderte. Heute würden wir es Kurzinhalte nennen. Im Spätsommer 1993 nannte NBC es „Must See TV“. NBC war der Zeit weit voraus, als es im Sommer 1993 eine Imagekampagne startete, die die Dominanz des Senders in den 1990er Jahren definieren sollte. Das Gesicht…","How the ‘Must See TV’ Campaign Defined NBC’s Dominance in the 1990s and Changed America’s Viewing Habits. Today, we’d call it short-form content. In the late summer of 1993, NBC dubbed it “Must See TV.” NBC was far ahead of the curve in the summer of 1993 when it embarked on an image campaign that would come to define the network’s dominance in the 1990s. The fac…","Quomodo 'videre debet TV' Campaign Dominationis NBC definita in 1990s et in America mutata habitus habitus. Hodie brevem formam contentus appellabimus. In proxima aestate anni 1993, NBC nominatus est ""Videre TV"". NBC longe ante curvam erat aestate anni 1993, cum expeditionem imaginis aggressus est quae in 1990s retis dominationem definiturus esset. Fac...",2026-07-16 20:55:54+00:00
25f5ef60f46b5d3c4e489ec3ec3da4cb,2026-07-15T18:22:45Z,'landlide climate change',nypost.com,en,0.3,France to play in World Cup third place match in Miami. Get discounted tickets,The loser of the Argentina-England match will meet Kylian Mbappé at Hard Rock Stadium on July 18.,https://nypost.com/2026/07/15/ticket-sales/get-tickets-to-see-france-in-world-cup-third-place-match-in-miami/,https://nypost.com/wp-content/uploads/sites/2/2026/07/Kylian-Mbappe_112c10.jpg?quality=75&strip=all&w=1200,,"New York Post may be compensated and/or receive an affiliate commission if you click or buy through our links. Featured pricing is subject to change.
The presumed World Cup favorites have officially… [+4798 chars]",,Frankreich bestreitet in Miami das Spiel um den dritten Platz bei der Weltmeisterschaft. Erhalten Sie vergünstigte Tickets. Der Verlierer des Spiels Argentinien-England trifft am 18. Juli im Hard Rock Stadium auf Kylian Mbappé.,France to play in World Cup third place match in Miami. Get discounted tickets. The loser of the Argentina-England match will meet Kylian Mbappé at Hard Rock Stadium on July 18.,Gallia ludere in World Cup tertio loco compositus est in Miami. Aenean turpis. Victus par Argentinae-Angliae occurret Kylian Mbappé ad Stadium Hard Rock die 18 Iulii.,2026-07-16 20:55:54+00:00
e9a5c492d134689ba1b85332b2a613b8,2026-07-15T08:29:01Z,'rock fall',spacedaily.com,en,0.8,"On Titan the mountains are made of water — frozen so hard at nearly minus 180 degrees that it behaves like rock, while the seas are liquid natural gas and the black beaches are soot drifting down from the sky","Saturn's moon Titan runs Earth's weather cycle with the wrong chemicals: mountains of water ice hard as granite, seas of liquid methane and ethane, and beaches darkened by organic soot falling from an orange sky.
The post On Titan the mountains are made of wa…",https://spacedaily.com/j-v-on-titan-the-mountains-are-made-of-water-frozen-so-hard-at-nearly-minus-180-degrees-that-it-behaves-like-rock-while-the-seas-are-liquid-natural-gas-and-the-black-beaches-are-soot-drifting-down-fro/,https://spacedaily.com/wp-content/uploads/2026/07/j-on-titan-the-mountains-are-made-of-water-frozen-so-hard-at.jpg,,"The Cassini spacecraft’s radar swept across Titan and returned an image that made the mission’s scientists stop and stare: dark, smooth patches carved into the landscape with the unmistakable shoreli… [+9021 chars]",,"Auf Titan bestehen die Berge aus Wasser – bei fast minus 180 Grad so hart gefroren, dass es sich wie Fels verhält, während die Meere aus flüssigem Erdgas bestehen und die schwarzen Strände aus Ruß bestehen, der vom Himmel herabrieselt. Der Saturnmond Titan steuert den Wetterzyklus der Erde mit den falschen Chemikalien: Berge aus granithartem Wassereis, Meere aus flüssigem Methan und Ethan und Strände, die durch organischen Ruß, der vom orangefarbenen Himmel fällt, verdunkelt sind.
Der Beitrag Auf Titan bestehen die Berge aus Holz…","On Titan the mountains are made of water — frozen so hard at nearly minus 180 degrees that it behaves like rock, while the seas are liquid natural gas and the black beaches are soot drifting down from the sky. Saturn's moon Titan runs Earth's weather cycle with the wrong chemicals: mountains of water ice hard as granite, seas of liquid methane and ethane, and beaches darkened by organic soot falling from an orange sky.
The post On Titan the mountains are made of wa…","In Titane montes ex aqua fiunt — ita fere minus 180 gradibus congelata sunt ut saxum gerat, dum maria sunt liquida naturalis gas et litora nigra e caelo fuligine fluit. Titania luna Saturni in cyclum tempestatis Telluris cum oeconomiae iniustis decurrit: montes aquae glaciei durae ut lapidis, maria liquidae methanae et ethanae, et litora fuligine organica e caelo aureo cadente obtenebrantur.
Nunc de Titane montes fiunt ex wa…",2026-07-16 20:55:54+00:00
a37a422f08ae7adbd3f993ba02347be0,2026-07-15T11:00:33Z,'rock fall',thepointsguy.com,en,0.8,Delta and United return to Utah's red rock country: Moab flights launch this fall,"Delta Air Lines and United Airlines are putting Canyonlands Field Airport (CNY) in Moab, Utah back on the map. The flights will give travelers easy access to Arches National Park.",https://thepointsguy.com/news/delta-united-new-routes-moab-utah-canyonlands/,https://runway-media-production.global.ssl.fastly.net/us/originals/2026/07/arches-national-park.jpg,,Two of America's biggest airlines are putting one of the country's tiniest airports back on the map. And it's an airport that's a stone's throw from one of the country's most spectacular national par… [+3646 chars],,"Delta und United kehren in das Red Rock Country von Utah zurück: Moab-Flüge starten diesen Herbst. Delta Air Lines und United Airlines bringen den Canyonlands Field Airport (CNY) in Moab, Utah, wieder auf die Karte. Die Flüge ermöglichen Reisenden einen einfachen Zugang zum Arches-Nationalpark.","Delta and United return to Utah's red rock country: Moab flights launch this fall. Delta Air Lines and United Airlines are putting Canyonlands Field Airport (CNY) in Moab, Utah back on the map. The flights will give travelers easy access to Arches National Park.","Delta et United reditum ad regionem rubrae Utah petrae: Moabi fugae hanc ruinam deducunt. Delta Airlines et Airlines United Canyonlands Field Airport (CNY) in Moab, Utah in charta retuli. Volatus viatoribus aditum ad Arcubus National Park facile dabunt.",2026-07-16 20:55:54+00:00
6aaed0b5348195c1203fb42ea1f5a505,2026-07-03T10:53:38Z,'landslide',www.bbc.co.uk,en,0.9,Labour general secretary to stand down after party conference,Hollie Ridley has been credited with organising the ground campaign which led Labour to its landslide election win in 2024,https://www.bbc.co.uk/news/articles/cly9xlgkyz5o,https://ichef.bbci.co.uk/ace/branded_news/1200/cpsprodpb/17ae/live/7dc7a2b0-76cb-11f1-b508-3b3f1f22a3c1.jpg,http://web.archive.org/web/20260703125050/https://www.bbc.co.uk/news/articles/cly9xlgkyz5o,"Labour's general secretary has announced she will resign this autumn after almost two years in the role.
Hollie Ridley, a close ally of Sir Keir Starmer and his former chief of staff Morgan McSweene… [+1890 chars]",,"Labour-Generalsekretär tritt nach Parteitag zurück. Hollie Ridley wird die Organisation der Bodenkampagne zugeschrieben, die Labour zu ihrem überwältigenden Wahlsieg im Jahr 2024 führte",Labour general secretary to stand down after party conference. Hollie Ridley has been credited with organising the ground campaign which led Labour to its landslide election win in 2024,Labores secretarii generalis ut discedant post colloquium factionis. Hollie Ridley creditum est expeditionem terram ordinare quae Laborem ad eius ruinam electionis vincere in anno 2024 duxit,2026-07-17 16:14:45+00:00
b3c54e7b24e41991d9a5f25ae262fa26,2026-07-07T06:27:56Z,'landslide',abcnews.com,en,0.9,"A landslide in China buries 33 people, about half of them rescued, state media says",Chinese state media says a landslide at a village in northwestern China buried 33 people,https://abcnews.com/International/wireStory/landslide-china-buries-33-people-half-rescued-state-134538173,https://s.abcnews.com/images/US/abc_news_default_2000x2000_update_16x9_992.jpg,http://web.archive.org/web/20260708013903/https://abcnews.com/International/wireStory/landslide-china-buries-33-people-half-rescued-state-134538173,"BEIJING -- A landslide at a village in northwestern China buried 33 people on Tuesday, state media reported. About half of them have been rescued. 
Local authorities said the landslide occurred in t… [+355 chars]",,"Laut staatlichen Medien wurden bei einem Erdrutsch in China 33 Menschen begraben, etwa die Hälfte von ihnen gerettet. Laut chinesischen Staatsmedien wurden bei einem Erdrutsch in einem Dorf im Nordwesten Chinas 33 Menschen begraben","A landslide in China buries 33 people, about half of them rescued, state media says. Chinese state media says a landslide at a village in northwestern China buried 33 people","Lapsus in Sinis XXXIII homines sepelit, media fere ex eis erepta, publica media dicit. Seres publica media dicit LAPSUS ad vicum in Sinis inter septentrionalem plagam sepultus XXXIII homines",2026-07-17 16:14:45+00:00
5a0d557fc17c971b9f2c76bcd005c09f,2026-07-11T22:22:08Z,'landslide rain',punchng.com,en,0.9,Five die in Cross River landslide,"A devastating landslide in Cross River claims five lives, including four children, after heavy rainfall. Learn about the community’s urgent need for aid an

Read More: https://punchng.com/five-die-in-cross-river-landslide/",https://punchng.com/?p=2188275,https://punchng.com/wp-content/uploads/2016/10/punchlogo.png,,"Five persons, including four children, have died after landslides triggered by 48 hours of heavy rainfall devastated Ikot Anwatim Community, Calabar Municipality, Cross River.
The landslides also de… [+2243 chars]",,"Fünf Menschen sterben bei Erdrutsch in Cross River. Ein verheerender Erdrutsch in Cross River forderte nach heftigen Regenfällen fünf Todesopfer, darunter vier Kinder. Erfahren Sie mehr über den dringenden Bedarf der Gemeinde an Hilfe

Weiterlesen: https://punchng.com/five-die-in-cross-river-landslide/","Five die in Cross River landslide. A devastating landslide in Cross River claims five lives, including four children, after heavy rainfall. Learn about the community’s urgent need for aid an

Read More: https://punchng.com/five-die-in-cross-river-landslide/","Quinque mori in Terra Crucis Flumen. Lapsus vastatus in cruce fluminis quinque vitam petit, quattuor filios, post pluviam gravem. Disce de necessitate urgente communitatis pro auxilio

Lege More: https://punchng.com/five-die-in-cross-river-landslide/",2026-07-17 16:14:45+00:00
2a2ec7a40318ed4c1f336a785059ac84,2026-07-15T07:14:55Z,'landslide',www.dailymail.com,en,0.9,End of the Keir show: Starmer takes final PMQs as Andy Burnham is nominated successor by 92% of Labour MPs in Stalin-style landslide,"Keir Starmer is giving his swan song at PMQs after holding one final Cabinet meeting, with his Downing Street exit looming on Monday.",https://www.dailymail.com/news/article-15978557/Keir-Starmer-PMQs-Andy-Burnham-nominations-Labour-MPs.html,https://i.dailymail.com/1s/2026/07/15/08/110025769-0-image-m-12_1784099549562.jpg,http://web.archive.org/web/20260715082738/https://www.dailymail.com/news/article-15978557/Keir-Starmer-PMQs-Andy-Burnham-nominations-Labour-MPs.html,"Keir Starmer will take his last PMQs today as Andy Burnham frantically gears up to run the country. 
The outgoing premier is giving his swan song at the weekly set-piece after holding one final Cabi… [+3937 chars]",,"Ende der Keir-Show: Starmer nimmt die letzten PMQs entgegen, als Andy Burnham von 92 % der Labour-Abgeordneten in einem Erdrutsch im Stalin-Stil zum Nachfolger ernannt wird. Keir Starmer singt seinen Abgesang bei PMQs, nachdem er eine letzte Kabinettssitzung abgehalten hat, und sein Abgang in Downing Street steht am Montag bevor.","End of the Keir show: Starmer takes final PMQs as Andy Burnham is nominated successor by 92% of Labour MPs in Stalin-style landslide. Keir Starmer is giving his swan song at PMQs after holding one final Cabinet meeting, with his Downing Street exit looming on Monday.",Finis ostensionis Keir: Starmer finalem PMQs accipit sicut Andy Burnham successor designatus est ab 92% laboris MPs in stalin-stylo prolapso. Keir Starmer suum cycnum cantum in PMQs dat cum unum ultimum scrinium foederis tenens cum Downing Street exit instat die Lunae.,2026-07-17 16:14:45+00:00
99e054c9606f424e2654cc1d6de72e68,2026-07-07T02:24:50Z,'landslide',m.economictimes.com,en,0.9,"Breaking News Live Updates: J&K landslide, flash flood devastate Doda's Thatri","A landslide and flash flood triggered by heavy rain caused widespread damage in Jammu and Kashmir's Doda district, damaging several structures and forcing the closure of NH-244. Restoration work is underway.",https://m.economictimes.com/news/newsblogs/breaking-news-live-updates-july-7-weather-delhi-modi-indonesia-ram-temple-row-bengal-case-india-growth/liveblog/132228715.cms,"https://economictimes.indiatimes.com/thumb/msid-132228715,width-1200,height-900,resizemode-4,imglength-252320/news/newsblogs/breaking-news-live-updates-july-7-weather-delhi-modi-indonesia-ram-temple-row-bengal-case-india-growth.jpg",,"A landslide and flash flood triggered by heavy rain caused widespread damage in Jammu and Kashmir's Doda district, damaging several structures and forcing the closure of NH-244. Restoration work is u… [+7 chars]",,"Aktuelle Nachrichten Live-Updates: J&K-Erdrutsch, Sturzflut verwüsten Dodas Thatri. Ein durch heftige Regenfälle ausgelöster Erdrutsch und eine Sturzflut verursachten weitreichende Schäden im Distrikt Doda in Jammu und Kashmir, beschädigten mehrere Gebäude und erzwangen die Schließung von NH-244. Restaurierungsarbeiten sind im Gange.","Breaking News Live Updates: J&K landslide, flash flood devastate Doda's Thatri. A landslide and flash flood triggered by heavy rain caused widespread damage in Jammu and Kashmir's Doda district, damaging several structures and forcing the closure of NH-244. Restoration work is underway.","Refractio Nuntii Ago Updates: J&K ruina, mico diluvium vastant Dodae Thatri. In diluvio prolapso et emicante urguebant pluviae magnae strages in Jammu et Kashmir's Dodae regionis detrimentum multae structurae et clausuram NH-244 cogentes. Reparatio operis comparata est.",2026-07-18 06:59:49+00:00
793f14d13461f134b800a996e542b7d0,2026-07-07T04:57:24Z,'landslide rain',economictimes.indiatimes.com,en,0.9,"Pune rain today (July 7): IMD orange alert in effect as 5 die in rain-related incidents in two days; Pune records 264.8 mm rain in 6 days, landslides and flooding trigger emergencies","Pune rain news: Pune is likely to receive heavy rainfall on Tuesday as the IMD has sounded an orange alert. Heavy rains continue to batter Pune and nearby areas, causing multiple tragedies. Five people have died in separate rain-related incidents over the pas…",https://economictimes.indiatimes.com/news/new-updates/pune-rain-today-imd-orange-alert-in-effect-as-5-die-in-rain-related-incidents-in-two-days-pune-records-264-8-mm-rain-in-6-days-landslides-and-flooding-trigger-emergencies/articleshow/132230659.cms,"https://img.etimg.com/thumb/msid-132230712,width-1200,height-630,imgsize-205530,overlay-economictimes/articleshow.jpg",http://web.archive.org/web/20260708040744/https://economictimes.indiatimes.com/news/new-updates/pune-rain-today-imd-orange-alert-in-effect-as-5-die-in-rain-related-incidents-in-two-days-pune-records-264-8-mm-rain-in-6-days-landslides-and-flooding-trigger-emergencies/articleshow/132230659.cms,"Heavy rain continued to batter Pune and nearby areas on Monday, leading to multiple tragedies across the district. At least five people have died in separate rain-related incidents over the past two … [+4831 chars]",,"Pune-Regen heute (7. Juli): IMD-Orange-Alarm in Kraft, da innerhalb von zwei Tagen fünf Menschen bei regenbedingten Vorfällen sterben; Pune verzeichnet 264,8 mm Regen in 6 Tagen, Erdrutsche und Überschwemmungen lösen Notfälle aus. Regenmeldungen aus Pune: Am Dienstag wird es in Pune wahrscheinlich zu heftigen Regenfällen kommen, da das IMD eine orangefarbene Warnung ausgegeben hat. Pune und die umliegenden Gebiete werden weiterhin von heftigen Regenfällen heimgesucht, die zu mehreren Tragödien führen. Fünf Menschen sind im vergangenen Jahr bei verschiedenen Regenfällen ums Leben gekommen.","Pune rain today (July 7): IMD orange alert in effect as 5 die in rain-related incidents in two days; Pune records 264.8 mm rain in 6 days, landslides and flooding trigger emergencies. Pune rain news: Pune is likely to receive heavy rainfall on Tuesday as the IMD has sounded an orange alert. Heavy rains continue to batter Pune and nearby areas, causing multiple tragedies. Five people have died in separate rain-related incidents over the pas…","Pune pluvia hodie (Iuli. 7): IMD aurantiaco intenti in effectu ut 5 mori in pluvia relata duobus diebus; Pune records 264,8 mm pluvia in 6 diebus, proruit et inundationem felis repentinis. Pune nuntium pluviae: Pune verisimile est pluviam gravem die Martis accipere sicut IMD in aurantiaco alacer sonavit. Imbres graves pune et locis vicinis quatere pergunt, multas tragoedias causantes. Quinque homines mortui sunt in singulis incidentibus pluviae relatas per pas ...",2026-07-18 06:59:49+00:00
9a39bade12121c80fc967e2e6b70380f,2026-07-08T16:43:48Z,'landslide rain',economictimes.indiatimes.com,en,0.9,"Landslide kills two Bihar workers in Arunachal, four rescued injured","Two labourers from Bihar died and four were injured in a landslide triggered by continuous rain. The incident occurred on Tuesday afternoon, and rescue operations were immediately launched. Flash floods then struck several parts of Lohit district on Wednesday…",https://economictimes.indiatimes.com/news/india/landslide-kills-two-bihar-workers-in-arunachal-four-rescued-injured/articleshow/132268487.cms,"https://img.etimg.com/thumb/msid-132268548,width-1200,height-630,imgsize-490292,overlay-economictimes/articleshow.jpg",http://web.archive.org/web/20260709024713/https://economictimes.indiatimes.com/news/india/landslide-kills-two-bihar-workers-in-arunachal-four-rescued-injured/articleshow/132268487.cms,"Alpha Trade
Get daily trade ideas from SEBI-registered research analysts.
Investment Ideas
Grow your wealth with stock ideas &amp; sectoral trends.
Stock Reports Plus
All-in-one stock research w… [+512 chars]",,"Erdrutsch tötet zwei Bihar-Arbeiter in Arunachal, vier Gerettete werden verletzt. Bei einem durch anhaltenden Regen ausgelösten Erdrutsch kamen zwei Arbeiter aus Bihar ums Leben und vier wurden verletzt. Der Vorfall ereignete sich am Dienstagnachmittag und die Rettungsmaßnahmen wurden sofort eingeleitet. Am Mittwoch wurden dann mehrere Teile des Bezirks Lohit von Sturzfluten heimgesucht …","Landslide kills two Bihar workers in Arunachal, four rescued injured. Two labourers from Bihar died and four were injured in a landslide triggered by continuous rain. The incident occurred on Tuesday afternoon, and rescue operations were immediately launched. Flash floods then struck several parts of Lohit district on Wednesday…","Landslide duos operarios in Arunachal Bihar necat, quattuor ereptos laesit. Duo operarii ex Bihar mortui sunt et quattuor in procursu lapsi continuis pluviis laesi sunt. Incidit res die Martis post meridiem, et statim operationes liberandae deductae sunt. Inundationes fulgurationes tunc aliquot partes regionis Lohiti die mercurii... percusserunt.",2026-07-18 06:59:49+00:00
37161ce8492d94c6f5d6517cc71609ed,2026-07-08T17:06:46Z,'landslide rain',timesofindia.indiatimes.com,en,0.9,"Hassan monsoon rains trigger landslide, authorities ban trekking near waterfalls","Hassan monsoon rains trigger NH-75 Shiradi Ghat landslide fears; authorities ban trekking and waterfall visits in Sakleshpur, warn of strict action.",https://timesofindia.indiatimes.com/city/mysuru/hassan-monsoon-rains-trigger-landslide-authorities-ban-trekking-near-waterfalls/articleshow/132269015.cms,"https://static.toiimg.com/thumb/msid-132269014,width-1280,height-720,resizemode-6,overlay-toi_sw,pt-32,y_pad-600/photo.jpg",http://web.archive.org/web/20260708225450/https://timesofindia.indiatimes.com/city/mysuru/hassan-monsoon-rains-trigger-landslide-authorities-ban-trekking-near-waterfalls/articleshow/132269015.cms,"<ul><li>News</li>
<li>Hassan monsoon rains trigger landslide, authorities ban trekking near waterfalls</li></ul>
Follow Us On Social Media
Musk's Starlink Under Russia Attack; Putin Unveils 'Secre… [+3071 chars]",,"Hassan-Monsunregen lösen Erdrutsch aus, Behörden verbieten Trekking in der Nähe von Wasserfällen. Hassan-Monsunregen lösen Erdrutschängste auf NH-75 Shiradi Ghat aus; Behörden verbieten Trekking- und Wasserfallbesuche in Sakleshpur und warnen vor strengen Maßnahmen.","Hassan monsoon rains trigger landslide, authorities ban trekking near waterfalls. Hassan monsoon rains trigger NH-75 Shiradi Ghat landslide fears; authorities ban trekking and waterfall visits in Sakleshpur, warn of strict action.","Hassan monsoon pluviae felis prolapsi sunt, auctores trekking prope cataractas interdicunt. Hassan monsoon pluviae trigger NH-75 Shiradi Ghat LAPSUS metus; potestates trekking et cataractae visitationes in Sakleshpur interdicunt, actionem strictam monent.",2026-07-18 06:59:49+00:00
45b54c6162a322e175008768ae38bacd,2026-07-15T18:56:41Z,'landslide',timesofindia.indiatimes.com,en,0.9,Deccan Queen and Intercity Express to resume operations from Thursday,Central Railway restores second line between Karjat and Lonavla after July 6 landslide; Deccan Queen and Intercity Express to resume service from July 16.,https://timesofindia.indiatimes.com/city/pune/deccan-queen-and-intercity-express-to-resume-operations-from-thursday/articleshow/132424139.cms,"https://static.toiimg.com/thumb/msid-132424138,width-1280,height-720,resizemode-6,overlay-toi_sw,pt-32,y_pad-600/photo.jpg",http://web.archive.org/web/20260716021614/https://timesofindia.indiatimes.com/city/pune/deccan-queen-and-intercity-express-to-resume-operations-from-thursday/articleshow/132424139.cms,"Follow Us On Social Media
PM Modi to virtually inaugurate Panki rly station on July 17Oral cancer most common in Bihar: ReportNoted mathematician, 2 others dump Jan Suraaj, join BJPIIT Kanpur holds … [+1070 chars]",,Deccan Queen und Intercity Express nehmen ab Donnerstag den Betrieb wieder auf. Central Railway stellt zweite Linie zwischen Karjat und Lonavla nach Erdrutsch am 6. Juli wieder her; Deccan Queen und Intercity Express nehmen ab dem 16. Juli ihren Dienst wieder auf.,Deccan Queen and Intercity Express to resume operations from Thursday. Central Railway restores second line between Karjat and Lonavla after July 6 landslide; Deccan Queen and Intercity Express to resume service from July 16.,Deccan Regina et Intercity Express ad res repetendas ab Cena Domini. Central Railway restituit secundam lineam inter Karjat et Lonavla post 6 Iulii labentem; Deccan Regina et Intercity Express ad munus repetendum a die 16 Iulii.,2026-07-18 06:59:49+00:00
b0b1823411bc9a5a041077cae4d7e154,2026-07-06T16:25:15Z,'landslide',timesofindia.indiatimes.com,en,0.9,Fadnavis hits back as MVA pans govt over E-way missing link landslide,MVA slams Maharashtra govt after landslide on newly opened Mumbai-Pune Expressway “Missing Link”; Fadnavis defends project amid corruption claims.,https://timesofindia.indiatimes.com/city/mumbai/fadnavis-hits-back-as-mva-pans-govt-over-e-way-missing-link-landslide/articleshow/132221202.cms,https://static.toiimg.com/photo/msid-47529300/47529300.jpg,http://web.archive.org/web/20260706205453/https://timesofindia.indiatimes.com/city/mumbai/fadnavis-hits-back-as-mva-pans-govt-over-e-way-missing-link-landslide/articleshow/132221202.cms,"Follow Us On Social Media
Baruipur Rape Horror: Mamata Leads Protest, CM Suvendu Vows to Ensure Death PenaltyIs India a Naysayer At WTO? CRF Boss' Bold Take on India's Global Trade Role'IT'S A NIGHT… [+1606 chars]",,"Fadnavis schlägt zurück, als MVA die Regierung wegen des Erdrutschs bei der fehlenden E-Way-Verbindung ins Wanken bringt. MVA kritisiert die Regierung von Maharashtra nach Erdrutsch auf der neu eröffneten Schnellstraße Mumbai-Pune als „Missing Link“; Fadnavis verteidigt Projekt inmitten von Korruptionsvorwürfen.",Fadnavis hits back as MVA pans govt over E-way missing link landslide. MVA slams Maharashtra govt after landslide on newly opened Mumbai-Pune Expressway “Missing Link”; Fadnavis defends project amid corruption claims.,"Fadnavis remittit ut MVA pans govt super E-modo missing link landslide. MVA slams Maharashtra govt post LAPSUS in nuper aperuit Mumbai-Pune Expressway ""Absentis Link""; Fadnavis de- fendit exertum inter corruptionem petit.",2026-07-18 11:02:47+00:00
5342379cc365402c813c544c9e46a11d,2026-07-12T13:16:12Z,'landslide death',economictimes.indiatimes.com,en,0.9,Last missing worker found in Wayanad tunnel landslide; death toll rises to 8,"Rescue teams recovered the final missing worker from the Wayanad tunnel landslide. This recovery brings the total death toll from the incident to eight people. The six-day search operation concluded after the last body was found. Vikram Rana, a construction m…",https://economictimes.indiatimes.com/news/india/last-missing-worker-found-in-wayanad-tunnel-landslide-death-toll-rises-to-8/articleshow/132346175.cms,"https://img.etimg.com/thumb/msid-132346183,width-1200,height-630,imgsize-293968,overlay-economictimes/articleshow.jpg",http://web.archive.org/web/20260713054223/https://economictimes.indiatimes.com/news/india/last-missing-worker-found-in-wayanad-tunnel-landslide-death-toll-rises-to-8/articleshow/132346175.cms,"Bengaluru: Rescue teams on Sunday recovered the body of the last missing worker from the landslide at the Wayanad tunnel project, taking the death toll to eight and bringing a six-day search operatio… [+1044 chars]",,"Letzter vermisster Arbeiter bei Erdrutsch im Wayanad-Tunnel gefunden; Zahl der Todesopfer steigt auf 8. Rettungsteams haben den letzten vermissten Arbeiter aus dem Erdrutsch im Wayanad-Tunnel geborgen. Diese Wiederherstellung erhöht die Gesamtzahl der Todesopfer des Vorfalls auf acht Menschen. Die sechstägige Suchaktion endete, nachdem die letzte Leiche gefunden worden war. Vikram Rana, ein Bauunternehmer…","Last missing worker found in Wayanad tunnel landslide; death toll rises to 8. Rescue teams recovered the final missing worker from the Wayanad tunnel landslide. This recovery brings the total death toll from the incident to eight people. The six-day search operation concluded after the last body was found. Vikram Rana, a construction m…","Novissimus laborator defuit in cuniculo Wayanad reperto; mortuorum vectigal surgit ad VIII. Erue iugis ultimam absentis operarii a Wayanad cuniculum LAPSUS recepit. Haec recuperatio inducit summam mortis thelonei ab incidenti ad octo homines. Operatio inquisitionis sex dies post corpus ultimum inventum est conclusum. Vikram Rana, constructio m…",2026-07-18 11:02:47+00:00
d04dd84e4f7e22f3c88e45b4e7e46570,2026-07-17T15:42:09Z,'landslide rain',timesofindia.indiatimes.com,en,0.9,"Monsoon returns in Karnataka with landslide risk, but only for a while","IMD says monsoon revived in Karnataka due to Bay of Bengal low pressure; heavy rain alerts for coastal/Malnad, landslide risk, dry weather likely next week.",https://timesofindia.indiatimes.com/city/bengaluru/monsoon-returns-in-karnataka-with-landslide-risk-but-only-for-a-while/articleshow/132464845.cms,"https://static.toiimg.com/thumb/msid-132464844,width-1280,height-720,resizemode-6,overlay-toi_sw,pt-32,y_pad-600/photo.jpg",http://web.archive.org/web/20260717234805/https://timesofindia.indiatimes.com/city/bengaluru/monsoon-returns-in-karnataka-with-landslide-risk-but-only-for-a-while/articleshow/132464845.cms,"<ul><li>News</li>
<li>Monsoon returns in Karnataka with landslide risk, but only for a while</li></ul>
Follow Us On Social Media",,"Der Monsun kehrt in Karnataka zurück und birgt die Gefahr eines Erdrutschs, allerdings nur für eine Weile. IMD sagt, dass der Monsun in Karnataka aufgrund des niedrigen Drucks in der Bucht von Bengalen wiederbelebt wurde; Starkregenwarnungen für Küste/Malnad, Erdrutschgefahr, trockenes Wetter wahrscheinlich nächste Woche.","Monsoon returns in Karnataka with landslide risk, but only for a while. IMD says monsoon revived in Karnataka due to Bay of Bengal low pressure; heavy rain alerts for coastal/Malnad, landslide risk, dry weather likely next week.","Monsoon in Karnataka redit cum periculo ruinae, sed ad tempus tantum. IMD dicit monsoon in Karnataka recreatum esse propter Bay of Bengal humilis pressionis; In summis pluvialibus gravibus pro maritimis / Malnad, periculum ruit, siccitatem proximam septimana verisimile est.",2026-07-20 12:15:30+00:00
dd627100c8354666c130d691524d836a,2026-07-18T05:27:24Z,'landslide rain',economictimes.indiatimes.com,en,0.9,Rescuers race to find survivors in the rain after a landslide in China kills at least 8,"Rescue crews searched for survivors after a landslide in Chongqing killed eight people. Massive rocks and soil buried over ten residential buildings on Friday morning. Ten people were rescued and hospitalised, while over 1,100 residents were relocated. Persis…",https://economictimes.indiatimes.com/news/international/world-news/rescuers-race-to-find-survivors-in-the-rain-after-a-landslide-in-china-kills-at-least-8/articleshow/132474268.cms,"https://img.etimg.com/thumb/msid-132474321,width-1200,height-630,imgsize-407792,overlay-economictimes/articleshow.jpg",http://web.archive.org/web/20260718065944/https://economictimes.indiatimes.com/news/international/world-news/rescuers-race-to-find-survivors-in-the-rain-after-a-landslide-in-china-kills-at-least-8/articleshow/132474268.cms,Chongqing: Rescue crews on Saturday raced to find survivors from a landslide in the southwestern Chinese city of Chongqing that killed at least eight people and left 34 missing.The landslide occurred… [+2244 chars],,"Rettungskräfte suchen im Regen nach Überlebenden, nachdem bei einem Erdrutsch in China mindestens acht Menschen ums Leben kamen. Rettungskräfte suchten nach Überlebenden, nachdem bei einem Erdrutsch in Chongqing acht Menschen ums Leben kamen. Massive Steine ​​und Erde begruben am Freitagmorgen über zehn Wohngebäude. Zehn Menschen wurden gerettet und ins Krankenhaus eingeliefert, während über 1.100 Bewohner umgesiedelt wurden. Persis…","Rescuers race to find survivors in the rain after a landslide in China kills at least 8. Rescue crews searched for survivors after a landslide in Chongqing killed eight people. Massive rocks and soil buried over ten residential buildings on Friday morning. Ten people were rescued and hospitalised, while over 1,100 residents were relocated. Persis…","Resuers genus ad inveniendum residuos in pluvia post LAPSUS in Sinis necat saltem 8. Eripiendi nautae quaesiverunt superstites post LAPSUS in Chongqing octo homines occisos. Saxa ingentia et solo sepulta sunt super decem aedificia residentialia mane Veneris. Decem homines capti et nosocomitati sunt, cum supra 1,100 incolas collocaverunt. Persis…",2026-07-20 12:15:30+00:00
49b6b272eebaebd833186d0260cf0242,2026-07-18T17:50:02Z,'landslide rain',timesofindia.indiatimes.com,en,0.9,City may get light rain today: Met,"Kolkata may see light to moderate rain as monsoon trough stays active; IMD warns heavy to extremely heavy rainfall in North Bengal till July 20, landslide risk.",https://timesofindia.indiatimes.com/city/kolkata/city-may-get-light-rain-today-met/articleshow/132485023.cms,"https://static.toiimg.com/thumb/msid-132485022,width-1280,height-720,resizemode-6,overlay-toi_sw,pt-32,y_pad-600/photo.jpg",,"Follow Us On Social Media
Copyright © 2026 Bennett, Coleman &amp; Co. Ltd. All rights reserved. For reprint rights: Times Syndication Service",,"In der Stadt kann es heute leicht regnen: Met. In Kalkutta kann es zu leichtem bis mäßigem Regen kommen, da die Monsunrinne aktiv bleibt. IMD warnt vor starken bis extrem starken Regenfällen in Nordbengalen bis zum 20. Juli, Erdrutschgefahr.","City may get light rain today: Met. Kolkata may see light to moderate rain as monsoon trough stays active; IMD warns heavy to extremely heavy rainfall in North Bengal till July 20, landslide risk.",Civitas hodie pluviam potest accipere: Met. Kolkata videre potest lucem ad temperaturam pluviam sicut monsoon alveum moras activum; IMD monet gravissimas esse gravissimas pluvias in North Bengala usque ad diem mensis Iulii ad XX periculum prolapsum.,2026-07-20 12:15:30+00:00
316d306a67303ecc8a2dc49a70bb46dd,2026-07-13T15:14:08Z,'rock fall',consequence.net,en,0.7,Alice Cooper Announces Fall 2026 North American Tour,"The shock-rock legend will perform his ""Alice's Attic"" show in October and November.
Alice Cooper Announces Fall 2026 North American Tour
Spencer Kaufman",https://consequence.net/2026/07/alice-cooper-fall-2026-north-american-tour/,https://consequence.net/wp-content/uploads/2025/02/alice-cooper-2025-tour-dates.jpg,http://web.archive.org/web/20260713182134/https://consequence.net/2026/07/alice-cooper-fall-2026-north-american-tour/,"At 78 years old, Alice Cooper shows no signs of slowing down. The OG shock-rocker has just announced a Fall 2026 North American tour that will feature his “Alice’s Attic” stage setup that he debuted … [+1611 chars]",,"Alice Cooper kündigt Nordamerika-Tour im Herbst 2026 an. Die Shock-Rock-Legende wird im Oktober und November seine Show „Alice's Attic“ aufführen.
Alice Cooper kündigt Nordamerika-Tour im Herbst 2026 an
Spencer Kaufman","Alice Cooper Announces Fall 2026 North American Tour. The shock-rock legend will perform his ""Alice's Attic"" show in October and November.
Alice Cooper Announces Fall 2026 North American Tour
Spencer Kaufman","Alice Cooper Announces Fall 2026 North American Tour. Ictus-petram legendam suam ""Aliciae Atticae"" exhibebit mense Octobri et Novembri.
Alice Cooper Annunces Fall 2026 North American Tour
Spencer Kaufman",2026-07-20 21:11:04+00:00
41a0d5652c9f176b908e0ed4833ab8af,2026-07-19T17:00:00Z,'landslide',www.nzherald.co.nz,en,0.7,Landslide victims in Pāpāmoa stuck paying mortgage on red‑stickered home they can’t live in and can’t afford to repair,Home was red-stickered after January’s deadly slips but couple unlikely to get payout.,https://www.nzherald.co.nz/nz/landslide-victims-in-papamoa-stuck-paying-mortgage-on-redstickered-home-they-cant-live-in-and-cant-afford-to-repair/premium/CUKYNQNTAFBWNEGVJ2L36NFABE/,https://www.nzherald.co.nz/resizer/v2/LQXEXQJP5ZB4HAZ7U5BVFJFXGA.jpg?auth=5253a00341285496856ed0a12205f4984ed8d9dc3246172382692c96d4272c52&width=1200&height=675&quality=70&focal=957%2C498&smart=false,,"A chunk of their 450sq m property gave way, leaving a large hole undermining the garage and sucking in land next to the house.
The home was untouched and was yellow-stickered by Western Bay of Plent… [+9185 chars]",,"Opfer eines Erdrutschs in Pāpāmoa müssen die Hypothek für ein Haus mit rotem Aufkleber bezahlen, in dem sie nicht leben können und dessen Reparatur sie sich nicht leisten können. Das Haus wurde nach den tödlichen Ausrutschern im Januar mit einem roten Aufkleber versehen, aber es ist unwahrscheinlich, dass das Paar eine Auszahlung erhält.",Landslide victims in Pāpāmoa stuck paying mortgage on red‑stickered home they can’t live in and can’t afford to repair. Home was red-stickered after January’s deadly slips but couple unlikely to get payout.,"Victimae terrae in Pāpāmoa adhæsit solvendo hypotheca in domo red-sticke, quae vivere non possunt et reparare praestare non possunt. Domus red-stricta est post lapsum mortiferum Ianuarii, sed duobus verisimiliter exsolvere.",2026-07-21 07:32:27+00:00
9f04f85f19868b8d1c17a37bf198cbc0,2026-07-19T15:15:50Z,'landslide',english.khabarhub.com,en,0.9,Narayanghat-Muglin Highway to close after 10 pm amid landslide risk,KATHMANDU: Local authorities have announced that vehicular movement along the Narayanghat-Muglin Highway and the Chitwan section of the Prithvi Highway will be suspended from 10:00 pm on Sunday due to the risk of landslides. The District Administration Office…,https://english.khabarhub.com/2026/19/559384/,https://english.khabarhub.com/wp-content/uploads/2026/07/mugling-pahiro.jpg,,KATHMANDU: Local authorities have announced that vehicular movement along the Narayanghat-Muglin Highway and the Chitwan section of the Prithvi Highway will be suspended from 10:00 pm on Sunday due t… [+646 chars],,"Der Narayanghat-Muglin Highway wird wegen Erdrutschgefahr nach 22 Uhr gesperrt. KATHMANDU: Lokale Behörden haben angekündigt, dass der Fahrzeugverkehr auf dem Narayanghat-Muglin Highway und dem Chitwan-Abschnitt des Prithvi Highway am Sonntag ab 22:00 Uhr wegen der Gefahr von Erdrutschen eingestellt wird. Das Bezirksverwaltungsamt…",Narayanghat-Muglin Highway to close after 10 pm amid landslide risk. KATHMANDU: Local authorities have announced that vehicular movement along the Narayanghat-Muglin Highway and the Chitwan section of the Prithvi Highway will be suspended from 10:00 pm on Sunday due to the risk of landslides. The District Administration Office…,Narayanghat-Muglin via claudere post 10 meridiem inter LAPSUS periculum. KATHMANDU: Auctoritates locales nuntiaverunt vehicularem motum in via Narayanghat-Muglin et sectionem Chitwan viarum Prithviarum a 10:00 post meridiem die dominico propter periculum proruit. In District Administration Office…,2026-07-21 07:32:27+00:00
0fed991725608595c99b20ed0ac60fe9,2026-07-19T15:44:57Z,'landslide rain',economictimes.indiatimes.com,en,0.9,"Nagaland landslides kill eight, including children, in Mon district",Massive landslides in Nagaland's Mon district have claimed at least eight lives. Heavy rainfall caused flash floods and extensive damage to property and infrastructure. The Nagaland government expressed grief and offered condolences to the bereaved families. …,https://economictimes.indiatimes.com/news/india/nagaland-landslides-kill-eight-including-children-in-mon-district/articleshow/132497106.cms,"https://img.etimg.com/thumb/msid-132497115,width-1200,height-630,imgsize-89130,overlay-economictimes/articleshow.jpg",,"Guwahati: At least eight people including children are feared dead in massive landslides in Mon district of Nagaland.Heavy rainfall in the area that has resulted in flash floods .
An official said t… [+1695 chars]",,"Bei Erdrutschen in Nagaland kommen im Distrikt Mon acht Menschen ums Leben, darunter Kinder. Massive Erdrutsche im Distrikt Mon in Nagaland haben mindestens acht Todesopfer gefordert. Starke Regenfälle führten zu Sturzfluten und großen Schäden an Eigentum und Infrastruktur. Die Regierung von Nagaland drückte den Hinterbliebenen ihre Trauer aus und sprach ihnen ihr Beileid aus. …","Nagaland landslides kill eight, including children, in Mon district. Massive landslides in Nagaland's Mon district have claimed at least eight lives. Heavy rainfall caused flash floods and extensive damage to property and infrastructure. The Nagaland government expressed grief and offered condolences to the bereaved families. …","Nagalandi ruinas octo, cum liberis, in regione Mon. Massivae ruinae in regione Mon Nagaland saltem octo vitas asserunt. Imbribus gravis pluviae mico diluvia et magna detrimenta rei et infrastructurae causaverunt. Imperium Nagaland dolorem expressit et consolantibus familias orbatas obtulit. ...",2026-07-21 07:32:27+00:00
ef66f8edbf43e73f74f16eeaf9cc96a1,2026-07-19T15:52:52Z,'landslide',nypost.com,en,0.9,"Dems are way behind their 2018 support for the midterms — and losing ground, poll finds","""Everyone assuming a landslide in November should just probably rethink that,"" Neera Tanden said.",https://nypost.com/2026/07/19/us-news/dems-are-way-behind-their-2018-support-for-the-midterms-and-losing-ground-poll-finds/,https://nypost.com/wp-content/uploads/sites/2/2026/07/newspress-collage-14cqpjgxi-1784469712571.jpg?quality=75&strip=all&1784455329&w=1200,,"WASHINGTON Republicans are gaining on Democrats’ lead heading into the midterm elections, a shocking new poll found.
Democrats have a 48% to 45% edge for registered voters on the question of which p… [+2836 chars]",,"Die Demokraten liegen weit hinter ihrer Unterstützung für die Zwischenwahlen 2018 zurück – und verlieren an Boden, wie Umfragen zeigen. „Jeder, der von einem Erdrutsch im November ausgeht, sollte das wahrscheinlich noch einmal überdenken“, sagte Neera Tanden.","Dems are way behind their 2018 support for the midterms — and losing ground, poll finds. ""Everyone assuming a landslide in November should just probably rethink that,"" Neera Tanden said.","Dems sunt post eorum 2018 subsidia pro midterms - et amissa terra, capita invenit. ""Omnes ponunt in Novembri mense"" probabiliter cogitare debet ""Neera Tanden dixit.",2026-07-21 07:32:27+00:00
e978ae7a10a487c83ece484c298a23e7,2026-07-19T16:15:04Z,'landslide',english.khabarhub.com,en,0.9,Today’s News in a Nutshell,"KATHMANDU: Khabarhub brings you a glimpse of major developments of the day in Nepal, including politics, business/economy, sports, entertainment, and more. Narayanghat-Muglin Highway to close after 10 pm amid landslide risk Local authorities have announced th…",https://english.khabarhub.com/2026/19/559301/,https://english.khabarhub.com/wp-content/uploads/2024/05/News-Nutshell.jpg,,"KATHMANDU: Khabarhub brings you a glimpse of major developments of the day in Nepal, including politics, business/economy, sports, entertainment, and more.
Narayanghat-Muglin Highway to close after … [+16243 chars]",,"Die heutigen Nachrichten in Kürze. KATHMANDU: Khabarhub gibt Ihnen einen Einblick in die wichtigsten aktuellen Entwicklungen in Nepal, darunter Politik, Wirtschaft, Sport, Unterhaltung und mehr. Autobahn Narayanghat-Muglin wird wegen Erdrutschgefahr nach 22 Uhr gesperrt. Lokale Behörden haben angekündigt, dass…","Today’s News in a Nutshell. KATHMANDU: Khabarhub brings you a glimpse of major developments of the day in Nepal, including politics, business/economy, sports, entertainment, and more. Narayanghat-Muglin Highway to close after 10 pm amid landslide risk Local authorities have announced th…","Hodie News in Nutshell. KATHMANDU: Khabarhub in Nepal, in re politica, negotia/economia, ludi, ludi, spectacula, et plura adducit. Narayanghat-Muglin via claudere post 10 meridiem inter LAPSUS periculum Local auctoritates annuntiaverunt th…",2026-07-21 07:32:27+00:00
6521362bfd8c33ee1ab10c51bf0dc409,2026-07-19T17:14:39Z,'landslide',timesofindia.indiatimes.com,en,0.9,Massive hill collapse in Bageshwar sparks panic; landslide lake raises flood fears,"Massive landslide in Uttarakhand’s Bageshwar triggers panic; no casualties. Ramganga blocked near Pithoragarh, forming lake, raising flash flood risk.",https://timesofindia.indiatimes.com/city/dehradun/massive-hill-collapse-in-bageshwar-sparks-panic-landslide-lake-raises-flood-fears/articleshow/132498149.cms,"https://static.toiimg.com/thumb/msid-132498145,width-1280,height-720,resizemode-6,overlay-toi_sw,pt-32,y_pad-600/photo.jpg",,"<ul><li>News</li>
<li>Massive hill collapse in Bageshwar sparks panic; landslide lake raises flood fears</li></ul>
Follow Us On Social Media
CJP Releases Do's &amp; Don'ts For 'Chalo Sansad' March… [+1669 chars]",,"Massiver Hügeleinsturz in Bageshwar löst Panik aus; Erdrutschsee weckt Überschwemmungsängste. Massiver Erdrutsch in Bageshwar in Uttarakhand löst Panik aus; keine Verluste. Ramganga blockierte in der Nähe von Pithoragarh, bildete einen See und erhöhte das Risiko einer Sturzflut.","Massive hill collapse in Bageshwar sparks panic; landslide lake raises flood fears. Massive landslide in Uttarakhand’s Bageshwar triggers panic; no casualties. Ramganga blocked near Pithoragarh, forming lake, raising flash flood risk.","In Bageshwar scintillae terrore ingentes collis ruunt; LAPSUS lacus erigit torrens metus. Terror ingens in terris Uttarakhand's Bageshwar triggers terrore; non adferat. Ramganga prope Pithoragarh obsidetur, lacum efformans, mico diluvii periculo suscitans.",2026-07-21 11:46:15+00:00
c65dc80fa29d4a1c6c610dddad487364,2026-07-19T18:06:49Z,'landslide',economictimes.indiatimes.com,en,0.9,"12 dead in Poonch & Rajouri after flash floods, landslides","At least12 people were killedandseven others went missingafter torrential rain triggered flash floods and landslides inRajouri and Poonchdistricts of Jammu and Kashmir on Sunday, prompting large-scale rescue and relief operations.",https://economictimes.indiatimes.com/news/india/12-dead-in-poonch-rajouri-after-flash-floods-landslides/articleshow/132499473.cms,"https://img.etimg.com/thumb/msid-132499484,width-1200,height-630,imgsize-401820,overlay-economictimes/articleshow.jpg",,"Srinagar: Torrential rain triggered flash floods that tore through several parts of the Rajouri and Poonch districts of Jammu and Kashmir on Sunday morning, killing at least 12 people and leaving sev… [+2127 chars]",,"12 Tote in Poonch und Rajouri nach Sturzfluten und Erdrutschen. Mindestens zwölf Menschen kamen ums Leben und sieben weitere wurden vermisst, nachdem sintflutartige Regenfälle am Sonntag in den Distrikten Rajouri und Poonch in Jammu und Kaschmir Sturzfluten und Erdrutsche ausgelöst hatten, was zu groß angelegten Rettungs- und Hilfsaktionen führte.","12 dead in Poonch & Rajouri after flash floods, landslides. At least12 people were killedandseven others went missingafter torrential rain triggered flash floods and landslides inRajouri and Poonchdistricts of Jammu and Kashmir on Sunday, prompting large-scale rescue and relief operations.","12 mortui in Poonch & Rajouri post diluvia mico, proruit. Saltem XII homines interfecti sunt et septem alii, absentis post pluviam torrentem urguebant inundationes et proruit inRajouri et Poonchdistrictus Jammu et Kashmir die Dominico, magnarum subsidiorum et subsidiorum operationes monentes.",2026-07-21 11:46:15+00:00
c6a2102661c1fa1a2070f518c40fcfac,2026-07-19T18:22:24Z,'landslide',timesofindia.indiatimes.com,en,0.9,"Guard wall collapses in Kharghuli landslide, 6 vehicles damaged","Guard wall collapse after rain triggers Kharghuli landslide in Guwahati; homestay evacuated, six two-wheelers damaged, debris cleared and temporary retaining wall built.",https://timesofindia.indiatimes.com/city/guwahati/guard-wall-collapses-in-kharghuli-landslide-6-vehicles-damaged/articleshow/132499706.cms,"https://static.toiimg.com/thumb/msid-132499705,width-1280,height-720,resizemode-6,overlay-toi_sw,pt-32,y_pad-600/photo.jpg",,"<ul><li>News</li>
<li>Guard wall collapses in Kharghuli landslide, 6 vehicles damaged</li></ul>
Follow Us On Social Media
Trump vs Mamdani At FIFA World Cup Final? NYC Mayor Flashes 'Yellow Card' … [+1627 chars]",,"Schutzmauer stürzt bei Erdrutsch in Kharghuli ein, 6 Fahrzeuge beschädigt. Schutzmauer stürzt ein, nachdem Regen Kharghuli-Erdrutsch in Guwahati ausgelöst hat; Gastfamilie evakuiert, sechs Zweiräder beschädigt, Trümmer beseitigt und provisorische Stützmauer errichtet.","Guard wall collapses in Kharghuli landslide, 6 vehicles damaged. Guard wall collapse after rain triggers Kharghuli landslide in Guwahati; homestay evacuated, six two-wheelers damaged, debris cleared and temporary retaining wall built.","Murus custodiae in Lapsu Kharghuli concidit, 6 vehiculis quassatum est. Murus custodiae ruinam post pluvias triggers Kharghuli in Guwahati prolapsus est; homestay emissus, sex duae raedae laesa sunt, strages expurgatus et ad tempus muri conservatus aedificatus.",2026-07-21 11:46:15+00:00
f1ff9a0009bf23136c9d508ea60ddd0f,2026-07-16T22:41:22Z,'rock fall',www.cbc.ca,en,0.7,Banff's Bow Glacier Falls reopens after 2025 fatal rock slide,"One year after two people were killed and three hospitalized in a rock slide at Bow Glacier Falls, the popular hiking area north of Lake Louise has been reopened by Parks Canada.",https://www.cbc.ca/news/canada/calgary/bow-glacier-falls-banff-national-park-reopens-9.7273224,"https://i.cbc.ca/ais/1.7567390,1784239152795/full/max/0/default.jpg?im=Crop%2Crect%3D%28201%2C0%2C1613%2C907%29%3BResize%3D620",,"More than one year after two people were killed and three hospitalized in a rock slide at Bow Glacier Falls, Parks Canada has reopened the popular hiking area north of Lake Louise.
It comes after a … [+2438 chars]",,"Die Bow Glacier Falls in Banff werden nach einem tödlichen Felssturz im Jahr 2025 wiedereröffnet. Ein Jahr nachdem bei einem Felssturz an den Bow Glacier Falls zwei Menschen getötet und drei ins Krankenhaus eingeliefert wurden, wurde das beliebte Wandergebiet nördlich von Lake Louise von Parks Canada wiedereröffnet.","Banff's Bow Glacier Falls reopens after 2025 fatal rock slide. One year after two people were killed and three hospitalized in a rock slide at Bow Glacier Falls, the popular hiking area north of Lake Louise has been reopened by Parks Canada.","Arcus Banff Glacier Falls recludit post 2025 saxum fatale dictum. Uno anno post duo homines interfecti sunt et tres nosocomio in rupe lapsi ad Bow Glacier Falls, popularis hiking regio septentrionalis lacus Ludovici a Parks Canadae reclusus est.",2026-07-22 02:28:55+00:00
10633f086faaa7d127df8b300069ed35,2026-07-19T05:00:00Z,'landslide',www.irishtimes.com,en,0.9,The dismantling of Viktor Orban’s Hungary,"Péter Magyar’s landslide victory has triggered a rapid dismantling of Orbán’s power structure, but the scale of change carries risks of its own",https://www.irishtimes.com/world/europe/2026/07/20/the-dismantling-of-viktor-orbans-hungary/,https://www.irishtimes.com/resizer/v2/6OCZ6NJO5OHPCNQIAPXG3M7Z6M.jpg?smart=true&auth=0e7966e514f2006d0e5ad73d704e4602d49ff5aff5e1632c7f7e2f660231292a&width=1200&height=630,,"Hungarians tuning in to M1 televisions news bulletin last week were greeted with a black screen and an apology.
Public media should not lie, the message read. We are sorry for doing it so long.
For… [+15760 chars]",,"Der Abbau von Viktor Orbans Ungarn. Der Erdrutschsieg von Péter Magyar hat einen raschen Abbau von Orbáns Machtstruktur ausgelöst, doch das Ausmaß des Wandels birgt eigene Risiken","The dismantling of Viktor Orban’s Hungary. Péter Magyar’s landslide victory has triggered a rapid dismantling of Orbán’s power structure, but the scale of change carries risks of its own","De commotione Viktoris Orbani in Hungaria. Péter Magyar in terra victoria celeri de motu potentiae Orbán structurae urit, sed scala mutationis periculorum suarum portat.",2026-07-22 07:33:59+00:00
233621b9a747ae502661ccbdb418d40d,2026-07-20T07:16:13Z,'landslide',www.dailymail.com,en,0.9,Next please! Andy Burnham will become Britain's seventh PM in a decade TODAY - as jittery markets wait to see if 'Red' Ed Miliband gets No11,"Keir Starmer is departing just two years after winning an extraordinary election landslide, leaving Mr Burnham to become the country's seventh PM in a decade.",https://www.dailymail.com/news/article-15990005/Andy-Burnham-PM-decade-markets-Red-Ed-Miliband-Starmer-Cabinet.html,https://i.dailymail.com/1s/2026/07/20/08/110129027-0-image-m-25_1784531877968.jpg,,"Keir Starmer will officially exit Downing Street today - as Britain braces to find out what an Andy Burnham premiership means. 
Sir Keir is departing just two years after winning an extraordinary el… [+4240 chars]",,"Als nächstes bitte! Andy Burnham wird HEUTE Großbritanniens siebter Premierminister in einem Jahrzehnt – während die nervösen Märkte darauf warten, ob der „rote“ Ed Miliband die Nummer 11 bekommt. Keir Starmer scheidet nur zwei Jahre nach einem außergewöhnlichen Erdrutschsieg bei den Wahlen aus dem Amt aus und macht Herrn Burnham zum siebten Premierminister des Landes innerhalb eines Jahrzehnts.","Next please! Andy Burnham will become Britain's seventh PM in a decade TODAY - as jittery markets wait to see if 'Red' Ed Miliband gets No11. Keir Starmer is departing just two years after winning an extraordinary election landslide, leaving Mr Burnham to become the country's seventh PM in a decade.","Proxima quaeso! Andy Burnham septima PM Britannia fiet in decennium TODAY - sicut mercatus jittery exspectant si 'Red' Ed Miliband No11. Keir Starmer duobus annis proximis post electionem extraordinariam landum parta discedit, Mr Burnham relinquens ut septimum AM in decennium patriae fias.",2026-07-22 07:33:59+00:00
fd0cbc8b9428e0f5081e3f80a164a057,2026-07-20T10:17:31Z,'landslide protection',www.dailymail.com,en,0.9,Keir Starmer insists he wasn't a failure as PM in farewell speech before heading to see the King... as Andy Burnham braces to become Britain's seventh PM in a decade,"Keir Starmer is giving a farewell address outside the famous black door of No10, just two years after winning an extraordinary election landslide.",https://www.dailymail.com/news/article-15990333/Keir-Starmer-PM-farewell-speech-King-Andy-Burnham-PM.html,https://i.dailymail.com/1s/2026/07/20/11/110132423-0-image-a-17_1784542996673.jpg,,"Keir Starmer insisted he has not been a failure as PM today as he heads to see the King and officially quit.
The outgoing premier has given a farewell address outside the famous black door of No10, … [+5910 chars]",,"Keir Starmer beharrt darauf, dass er als Premierminister in seiner Abschiedsrede vor seinem Besuch beim König kein Versager war ... während Andy Burnham sich darauf vorbereitet, Großbritanniens siebter Premierminister in einem Jahrzehnt zu werden. Keir Starmer hält eine Abschiedsrede vor der berühmten schwarzen Tür von Nr. 10, nur zwei Jahre nach seinem außergewöhnlichen Wahlsieg.","Keir Starmer insists he wasn't a failure as PM in farewell speech before heading to see the King... as Andy Burnham braces to become Britain's seventh PM in a decade. Keir Starmer is giving a farewell address outside the famous black door of No10, just two years after winning an extraordinary election landslide.","Keir Starmer instat se non deesse sicut PM in oratione valedicendi priusquam regem videndi ... sicut Andy Burnham adstringit ad septimum PM decennium Britanniae fieri. Keir Starmer vale inscriptionem dat extra nobilem portam nigram No10, duobus tantum annis post electionem extraordinariam parta ruina.",2026-07-22 07:33:59+00:00
fb30fcb46b57f3bdc9900d6c6ef3cc31,2026-07-16T11:30:59Z,'landslide',gizmodo.com,en,0.7,"11 Years After Historic Flyby, Scientists Discover Giant Landslides on Pluto","New Horizons may have come and gone, but the mission is still revealing previously unseen features on Pluto.",https://gizmodo.com/11-years-after-historic-flyby-scientists-discover-giant-landslides-on-pluto-2000785447,https://gizmodo.com/app/uploads/2026/07/nh_pluto_10-1200x675.jpg,http://web.archive.org/web/20260716134437/https://gizmodo.com/11-years-after-historic-flyby-scientists-discover-giant-landslides-on-pluto-2000785447,"In July 2015, NASA’s New Horizons spacecraft gave us our first look at Pluto’s surface in spectacular detail. The rare encounter revealed a distant world with giant ice sheets, mountains, valleys, an… [+2792 chars]",,"11 Jahre nach dem historischen Vorbeiflug entdecken Wissenschaftler riesige Erdrutsche auf Pluto. New Horizons mag gekommen und gegangen sein, aber die Mission enthüllt immer noch bisher ungesehene Merkmale auf Pluto.","11 Years After Historic Flyby, Scientists Discover Giant Landslides on Pluto. New Horizons may have come and gone, but the mission is still revealing previously unseen features on Pluto.","11 Years After Historic Flyby, Scientists Discover Giant Landslides on Pluto. Novae Horizontes venire possunt et discesserunt, sed missio adhuc vultum Plutonis invisibiles antea patefacit.",2026-07-22 11:46:20+00:00
88f6042d3eeabb15dde5d269a3c4d365,2026-07-16T15:13:21Z,'landslide rain',english.khabarhub.com,en,0.9,Floods and landslides block seven major highways,"KATHMANDU: Continuous rainfall has triggered floods and landslides across the country, forcing the closure of seven major highways and disrupting vehicular movement in several districts. According to the latest road status update released by Nepal Police on T…",https://english.khabarhub.com/2026/16/558957/,https://english.khabarhub.com/wp-content/uploads/2024/09/Landslide_Road.jpg,,"KATHMANDU: Continuous rainfall has triggered floods and landslides across the country, forcing the closure of seven major highways and disrupting vehicular movement in several districts.
According t… [+2622 chars]",,"Überschwemmungen und Erdrutsche blockieren sieben wichtige Autobahnen. KATHMANDU: Anhaltende Regenfälle haben im ganzen Land Überschwemmungen und Erdrutsche ausgelöst, die die Schließung von sieben großen Autobahnen erzwangen und den Fahrzeugverkehr in mehreren Bezirken behinderten. Laut der neuesten Straßenzustandsaktualisierung, die von der nepalesischen Polizei auf T... veröffentlicht wurde.","Floods and landslides block seven major highways. KATHMANDU: Continuous rainfall has triggered floods and landslides across the country, forcing the closure of seven major highways and disrupting vehicular movement in several districts. According to the latest road status update released by Nepal Police on T…","Inundationes et proruit septem vias maioris maioris. KATHMANDU: Imbribus continuis inundationes ac ruinas per regionem urit, clausuram septem viarum maioris et vecturas in pluribus regionibus distrahens cogens. Secundum recentissimam viam status update emissus Nepal Aliquam in T…",2026-07-22 11:46:20+00:00
cecb848c414e53105a6479987946ef4a,2026-07-17T01:38:12Z,'landslide',english.khabarhub.com,en,0.9,"Rain triggers landslides, disrupts traffic on several highways","KATHMANDU: Continuous rainfall has disrupted traffic on several highways across the country due to landslides, rockfalls, and mudslides. According to Nepal Police, the Kanti Lokpath in Makawanpur has resumed two-way traffic after authorities cleared a landsli…",https://english.khabarhub.com/2026/17/558973/,https://english.khabarhub.com/wp-content/uploads/2026/05/Landslide-Muglin.jpg,,"KATHMANDU: Continuous rainfall has disrupted traffic on several highways across the country due to landslides, rockfalls, and mudslides.
According to Nepal Police, the Kanti Lokpath in Makawanpur ha… [+1156 chars]",,"Regen löst Erdrutsche aus und behindert den Verkehr auf mehreren Autobahnen. KATHMANDU: Anhaltende Regenfälle haben den Verkehr auf mehreren Autobahnen im ganzen Land aufgrund von Erdrutschen, Steinschlägen und Schlammlawinen beeinträchtigt. Nach Angaben der nepalesischen Polizei hat der Kanti Lokpath in Makawanpur den Gegenverkehr wieder aufgenommen, nachdem die Behörden einen Erdrutsch beseitigt hatten.","Rain triggers landslides, disrupts traffic on several highways. KATHMANDU: Continuous rainfall has disrupted traffic on several highways across the country due to landslides, rockfalls, and mudslides. According to Nepal Police, the Kanti Lokpath in Makawanpur has resumed two-way traffic after authorities cleared a landsli…","Pluviis triggers proruit, commercium in pluribus viis disrupts. KATHMANDU: Imbribus continuis commercium varias vias per patriam disrupit propter ruinas, saxa, et globulos. Secundum Nepal Aliquam, Kanti Lokpath in Makawanpur duos modos mercaturae resumpsit, postquam auctoritates in landsli purgavit…",2026-07-22 11:46:20+00:00
b158169a5d5a2b578518eb607946a9ff,2026-07-17T03:38:45Z,'landslide',www.abc.net.au,en,0.9,"Landslide buries people, destroys buildings in south-western China","A landslide in south-western China's Chongqing municipality has buried people in rubble and destroyed a roadway and a number of buildings, according to state media.",https://www.abc.net.au/news/2026-07-17/china-landslide-chongqing-municipality/106928370,https://live-production.wcms.abc-cdn.net.au/3e4e90c18273e718490f09b62f012ccc?impolicy=wcms_watermark_news&cropH=341&cropW=607&xPos=0&yPos=54&width=862&height=485&imformat=generic,http://web.archive.org/web/20260718055808/https://www.abc.net.au/news/2026-07-17/china-landslide-chongqing-municipality/106928370,"A large landslide has occurred in China's south-western municipality of Chongqing, trapping people under rubble and damaging residential buildings.
The landslide took place in Pengshui, on the banks… [+2107 chars]",,Erdrutsch begräbt Menschen und zerstört Gebäude im Südwesten Chinas. Nach Angaben staatlicher Medien hat ein Erdrutsch in der südwestchinesischen Gemeinde Chongqing Menschen unter Trümmern begraben und eine Straße sowie mehrere Gebäude zerstört.,"Landslide buries people, destroys buildings in south-western China. A landslide in south-western China's Chongqing municipality has buried people in rubble and destroyed a roadway and a number of buildings, according to state media.","Landslide homines sepelit, aedificia in Sinis australi-occidentalis destruit. Chongqing municipium Sinarum in meridiem-occidentalem abdidit in ruderibus et destruxit viam et multa aedificia, secundum statum instrumentorum.",2026-07-22 11:46:20+00:00
d2083ac9e991b0424dd86f539e342fee,2026-07-17T08:51:00Z,'landslide',www.dw.com,en,0.9,"China: Landslide buries buildings, traps people in southwest",An undetermined number of people have been reported trapped under a landslide in southwest China. Rescue efforts are ongoing.,https://www.dw.com/en/china-landslide-buries-buildings-traps-people/a-77999378,https://static.dw.com/image/77999831_6.jpg,http://web.archive.org/web/20260718055616/https://www.dw.com/en/china-landslide-buries-buildings-traps-people/a-77999378,"A section of hillside collapsed in China's Pengshui County near the city of Chongqing on Friday morning, burying several residential buildings and trapping an undetermined number of people, state bro… [+1730 chars]",,China: Erdrutsch begräbt Gebäude und sperrt Menschen im Südwesten ein. Berichten zufolge ist eine unbestimmte Anzahl von Menschen unter einem Erdrutsch im Südwesten Chinas eingeschlossen. Die Rettungsbemühungen dauern an.,"China: Landslide buries buildings, traps people in southwest. An undetermined number of people have been reported trapped under a landslide in southwest China. Rescue efforts are ongoing.","China: Landslide aedificia sepelit, insidias homines in Africo. Numerus hominum indeterminatus relatus est capti sub prolapsione in Sinis inter meridiem. Eripe laborum pariatur.",2026-07-22 11:46:20+00:00
24038875f072bd0c547d11da9cf3285d,2026-07-17T08:51:00Z,'landslide',www.dw.com,en,0.9,"Landslide buries buildings, traps people in southwest China","An undetermined number of people have been reported trapped under a landslide in southwest China. Rescue efforts are ongoing. A section of hillside collapsed in China's Pengshui county near the city of Chongqing on Friday morning, burying several residential …",https://www.dw.com/en/china-landslide-buries-buildings-traps-people-in-southwest/a-77999378,https://static.dw.com/image/77999831_6.jpg,,"A section of hillside collapsed in China's Pengshui County near the city of Chongqing on Friday morning, burying several residential buildings and trapping an undetermined number of people, state bro… [+1730 chars]",,Erdrutsch begräbt Gebäude und sperrt Menschen im Südwesten Chinas ein. Berichten zufolge ist eine unbestimmte Anzahl von Menschen unter einem Erdrutsch im Südwesten Chinas eingeschlossen. Die Rettungsbemühungen dauern an. Am Freitagmorgen stürzte im chinesischen Kreis Pengshui in der Nähe der Stadt Chongqing ein Teil eines Hügels ein und begrub mehrere Wohngebiete unter …,"Landslide buries buildings, traps people in southwest China. An undetermined number of people have been reported trapped under a landslide in southwest China. Rescue efforts are ongoing. A section of hillside collapsed in China's Pengshui county near the city of Chongqing on Friday morning, burying several residential …","Landslide aedificia sepelit, insidias hominibus in Sinis inter meridiem. Numerus hominum indeterminatus relatus est capti sub prolapsione in Sinis inter meridiem. Eripe laborum pariatur. Sectio collis in Sinarum comitatu Pengshui prope urbem Chongqing die Veneris mane concidit, plures residentiales sepeliens ...",2026-07-22 11:46:20+00:00
6150f21f36cdf1a82bf36c8757f19756,2026-07-17T16:40:42Z,'landslide',timesofindia.indiatimes.com,en,0.9,"Watch: Deadly landslide strikes China, dozens remain missing",China News: At least eight people are dead and 34 remain missing after a rain-triggered landslide buried residential buildings in southwest China's Chongqing muni.,https://timesofindia.indiatimes.com/world/china/watch-deadly-landslide-strikes-china-dozens-remain-missing/articleshow/132465086.cms,"https://static.toiimg.com/thumb/msid-132465708,width-1280,height-720,resizemode-6,overlay-toi_sw,pt-32,y_pad-600/photo.jpg",http://web.archive.org/web/20260717235909/https://timesofindia.indiatimes.com/world/china/watch-deadly-landslide-strikes-china-dozens-remain-missing/articleshow/132465086.cms,"<ul><li>News</li>
<li>Watch: Deadly landslide strikes China, dozens remain missing</li></ul>
Follow Us On Social Media",,"Anschauen: Tödlicher Erdrutsch erschüttert China, Dutzende werden weiterhin vermisst. China News: Mindestens acht Menschen sind tot und 34 werden noch vermisst, nachdem ein durch Regen ausgelöster Erdrutsch Wohngebäude in der südwestchinesischen Stadt Chongqing begraben hat.","Watch: Deadly landslide strikes China, dozens remain missing. China News: At least eight people are dead and 34 remain missing after a rain-triggered landslide buried residential buildings in southwest China's Chongqing muni.","Vide: Mortifer LAPSUS ferit Sinas, justos manent absentes. Sinae News: Saltem octo homines mortui sunt et 34 manent absentis post pluviam Urguet in structuris residentialibus in meridiem Sinarum Chongqing muni conditum.",2026-07-22 11:46:20+00:00
194f12a7dd56d2d8ee8a95ed7241fdb5,2026-07-18T05:09:28Z,'landslide',www.yahoo.com,en,0.9,Rescuers race to find survivors in the rain after a landslide in China kills at least 8,Rescue crews on Saturday raced to find survivors from a landslide in the southwestern Chinese city of Chongqing that killed at least eight people and left 34...,https://www.yahoo.com/news/world/articles/rescuers-race-survivors-rain-landslide-050928945.html,https://s.yimg.com/lo/mysterio/api/3c07dc2fc75d3b8e41aad246fc5dcd7889419f6fd124be752c92fd378fe69879/lightyear_networkapi/resizefill_w1200;quality_80;format_webp/https:%2F%2Fmedia.zenfs.com%2Fen%2Fap.org%2F5710240a4c4d178dd1dee4af1e67dcae,,"CHONGQING, China (AP) Rescue crews on Saturday raced to find survivors from a landslide in the southwestern Chinese city of Chongqing that killed at least eight people and left 34 missing.
The lands… [+2531 chars]",,"Retter rennen im Regen um Überlebende, nachdem bei einem Erdrutsch in China mindestens acht Menschen ums Leben gekommen sind. Rettungsmannschaften sind am Samstag um die Suche nach Überlebenden eines Erdrutschs in der südwestchinesischen Stadt Chongqing gelaufen, bei dem mindestens acht Menschen ums Leben kamen und 34 Menschen zurückblieben...",Rescuers race to find survivors in the rain after a landslide in China kills at least 8. Rescue crews on Saturday raced to find survivors from a landslide in the southwestern Chinese city of Chongqing that killed at least eight people and left 34...,Resuers genus ad inveniendum residuos in pluvia post LAPSUS in Sinis necat saltem 8. Serva nautarum die Saturni effusus est ut reliquias inveniret in urbe Chongqing Sinensi meridiem occidentalem qui interfecerunt saltem octo homines et reliquerunt 34. ...,2026-07-22 11:46:20+00:00
59296961c2df92dc02bd9bfc1159eb02,2026-07-17T06:58:00Z,'landslide',www.channelnewsasia.com,en,0.9,Landslide buries residents in southwest China's Chongqing,"BEIJING: An unknown number of people were buried after a landslide struck a county in the southwestern Chinese city of Chongqing on Friday (Jul 17), causing multiple residential buildings downhill to collapse, according to state media.Preliminary verification…",https://www.channelnewsasia.com/east-asia/china-chongqing-landslide-pengshui-6260461,"https://dam.mediacorp.sg/image/upload/s--78lUlm6f--/c_crop,h_449,w_799,x_1,y_61/c_fill,g_auto,h_676,w_1200/fl_relative,g_south_east,l_mediacorp:cna:watermark:2024-04:reuters_1,w_0.1/f_auto,q_auto/v1/one-cms/core/2026-07-17T062421Z_1_LYNXMPEM6G09L_RTROPTP_3_CHINA-LANDSLIDE.JPG?itok=28Gl22AZ",http://web.archive.org/web/20260718014121/https://www.channelnewsasia.com/east-asia/china-chongqing-landslide-pengshui-6260461,"Aerial footage from CCTV showed rock and debris falling on a cluster of riverside residential buildings, while people could be seen fleeing with a thick plume of dust billowing behind them.
A dashca… [+507 chars]",,"Erdrutsch begräbt Bewohner im südwestchinesischen Chongqing. PEKING: Laut staatlichen Medien wurde eine unbekannte Anzahl von Menschen begraben, nachdem am Freitag (17. Juli) ein Erdrutsch einen Kreis in der südwestlichen chinesischen Stadt Chongqing heimgesucht hatte und mehrere Wohngebäude bergab einstürzten. Vorläufige Überprüfung…","Landslide buries residents in southwest China's Chongqing. BEIJING: An unknown number of people were buried after a landslide struck a county in the southwestern Chinese city of Chongqing on Friday (Jul 17), causing multiple residential buildings downhill to collapse, according to state media.Preliminary verification…","Landslide habitant in meridiem Sinarum Chongqing sepelit. BEIJING: Incognitus numerus hominum sepulti sunt postquam prolapsus comitatum percussit in urbe Chongqing Sinensi meridiem occidentalem die Veneris (Jul 17) faciens multa aedificia residentialia proclivi ad ruinam, secundum statum media.Preliminary verificationis…",2026-07-22 16:19:19+00:00
ff4f8812378782731d960aa5deb5a347,2026-07-17T11:14:15Z,'landslide',www.cbc.ca,en,0.9,Rescue efforts underway after landslide buries residents in southwest China,"​An unknown number of people were buried after a landslide struck a county in the southwestern Chinese city of Chongqing on Friday, causing residential ‌buildings downhill to collapse, according to state media.",https://www.cbc.ca/news/world/chongqing-china-landslide-9.7273678,"https://i.cbc.ca/ais/42242d31-3085-46ec-a961-b28c2ab5446a,1784271731074/full/max/0/default.jpg?im=Crop%2Crect%3D%280%2C345%2C3890%2C2188%29%3BResize%3D620",,"An unknown number of people were buried after a landslide struck a county in the southwestern Chinese city of Chongqing on Friday, causing residential buildings downhill to collapse, according to sta… [+1293 chars]",,"Rettungsmaßnahmen laufen, nachdem Bewohner im Südwesten Chinas durch einen Erdrutsch begraben wurden. Nach Angaben staatlicher Medien wurde am Freitag eine unbekannte Anzahl von Menschen begraben, nachdem ein Erdrutsch einen Kreis in der südwestchinesischen Stadt Chongqing heimgesucht hatte und Wohngebäude bergab zum Einsturz gebracht hatte.","Rescue efforts underway after landslide buries residents in southwest China. ​An unknown number of people were buried after a landslide struck a county in the southwestern Chinese city of Chongqing on Friday, causing residential ‌buildings downhill to collapse, according to state media.","Eripe nisus comparatis post ruinam sepelit incolas in Sinis inter meridiem. Incognitus numerus hominum sepultus est postquam LAPSUS in urbe Sinensis meridionalis Chongqing die Veneris comitatum percussit, faciens residentiales aedificia proclivi ad ruinam, secundum statum instrumentorum.",2026-07-22 16:19:19+00:00
7dc057b8cebbfb9947d4a7b5e5ecca5c,2026-07-17T12:01:02Z,'landslide road',researchbuzz.me,en,0.9,"Kentucky Landslide Risk, Salzburg Marionette Theatre, NYC Soccer Teams, More: Friday ResearchBuzz, July 17, 2026",NEW RESOURCES University of Kentucky: CLIMBS launches real-time network to forecast Kentucky landslides. “The Slope Hydrologic Monitoring Network website is a pioneering digital platform that offers real-time insights into the stability of […],https://researchbuzz.me/2026/07/17/kentucky-landslide-risk-salzburg-marionette-theatre-nyc-soccer-teams-more-friday-researchbuzz-july-17-2026/,https://s0.wp.com/_si/?t=eyJpbWciOiJodHRwczpcL1wvczAud3AuY29tXC9pXC9ibGFuay5qcGciLCJ0eHQiOiJSZXNlYXJjaEJ1enoiLCJ0ZW1wbGF0ZSI6ImhpZ2h3YXkiLCJmb250IjoiIiwiYmxvZ19pZCI6NDMyODc1Nn0.BjdcPIDlw4ZG0Ki13B-quwxnrzAxn9iB5rJXagRMNlcMQ,http://web.archive.org/web/20260718145939/https://researchbuzz.me/2026/07/17/kentucky-landslide-risk-salzburg-marionette-theatre-nyc-soccer-teams-more-friday-researchbuzz-july-17-2026/,"NEW RESOURCES 
University of Kentucky: CLIMBS launches real-time network to forecast Kentucky landslides. “The Slope Hydrologic Monitoring Network website is a pioneering digital platform that offer… [+5254 chars]",,"Erdrutschrisiko in Kentucky, Salzburg Marionette Theatre, Fußballmannschaften von NYC, Mehr: Freitag ResearchBuzz, 17. Juli 2026. NEUE RESSOURCEN University of Kentucky: CLIMBS startet Echtzeitnetzwerk zur Vorhersage von Erdrutschen in Kentucky. „Die Website des Slope Hydrologic Monitoring Network ist eine bahnbrechende digitale Plattform, die Echtzeiteinblicke in die Stabilität von […] bietet.","Kentucky Landslide Risk, Salzburg Marionette Theatre, NYC Soccer Teams, More: Friday ResearchBuzz, July 17, 2026. NEW RESOURCES University of Kentucky: CLIMBS launches real-time network to forecast Kentucky landslides. “The Slope Hydrologic Monitoring Network website is a pioneering digital platform that offers real-time insights into the stability of […]","Kentucky Landslide Risk, Salzburg Marionette Theatrum, NYC Morbi Teams, More: Veneris ResearchBuzz, die 17 Iulii 2026. NOVAE RESOURCES Universitatis Kentucky: CLIMBS reales-tempus retis immittit ad praenuntiandum Kentucky proruit. ""In Clivo Hydrologic Monitoring Network website est pioneering digital suggestum quod reale tempus praebet perceptiones in stabilitate […]",2026-07-22 16:19:19+00:00
e1de8cb953dc112221adadcf278aed40,2026-07-18T17:51:30Z,'landslide',timesofindia.indiatimes.com,en,0.9,1st batch of Kailash Mansarovar pilgrims stranded near Dharchula after landslide blocks return route,"Landslide blocks Dharchula-Lipulekh road at Garbadhar, stranding first Kailash Mansarovar batch in Gunji; 19 Pithoragarh roads shut as BRO clears debris.",https://timesofindia.indiatimes.com/city/dehradun/1st-batch-of-kailash-mansarovar-pilgrims-stranded-near-dharchula-after-landslide-blocks-return-route/articleshow/132485042.cms,"https://static.toiimg.com/thumb/msid-132485041,width-1280,height-720,resizemode-6,overlay-toi_sw,pt-32,y_pad-600/photo.jpg",http://web.archive.org/web/20260719013353/https://timesofindia.indiatimes.com/city/dehradun/1st-batch-of-kailash-mansarovar-pilgrims-stranded-near-dharchula-after-landslide-blocks-return-route/articleshow/132485042.cms,"Follow Us On Social Media
Copyright © 2026 Bennett, Coleman &amp; Co. Ltd. All rights reserved. For reprint rights: Times Syndication Service",,"Die erste Gruppe von Kailash-Mansarovar-Pilgern ist in der Nähe von Dharchula gestrandet, nachdem ein Erdrutsch den Rückweg blockiert hat. Erdrutsch blockiert die Straße Dharchula-Lipulekh bei Garbadhar und setzt die erste Kailash Mansarovar-Charge in Gunji fest; 19 Straßen in Pithoragarh gesperrt, während BRO Trümmer beseitigt.","1st batch of Kailash Mansarovar pilgrims stranded near Dharchula after landslide blocks return route. Landslide blocks Dharchula-Lipulekh road at Garbadhar, stranding first Kailash Mansarovar batch in Gunji; 19 Pithoragarh roads shut as BRO clears debris.","1 batch de Kailash Mansarovar peregrini prope Dharchulam destitutus post ruinas prolapsi itineris revertitur. Landslide impedit viam Dharchula-Lipulekh ad Garbadhar, primum Kailash Mansarovar batch in Gunji destituens; 19 Pithoragarh viae inclusas ut BRO digerit obstantia.",2026-07-22 16:19:19+00:00
051bb85bc9ef26b36be6a79f67750247,2026-07-20T17:32:42Z,'landslide road',www.athleticsnation.com,en,0.9,Hot Topic: Who Is The “Real Langeliers”?,"To hear it from some readers, Shea Langeliers is a top catcher in MLB worthy of the All-Star starting gig afforded him by a landslide of fan votes. To hear it from other readers, Langeliers is highly overrated and only reducing his value every month he takes …",https://www.athleticsnation.com/athletics-analysis/107469/hot-topic-who-is-the-real-langeliers,https://s.yimg.com/ny/api/res/1.2/I.jsplkn3dxaEaXqE1GE.Q--/YXBwaWQ9aGlnaGxhbmRlcjt3PTEyMDA7aD04MDA7Y2Y9d2VicA--/https://media.zenfs.com/en/sb_nation_articles_115/c641aea5acde2924e5417cf04ebd149c,http://web.archive.org/web/20260721025851/https://www.athleticsnation.com/athletics-analysis/107469/hot-topic-who-is-the-real-langeliers,"To hear it from some readers, Shea Langeliers is a top catcher in MLB worthy of the All-Star starting gig afforded him by a landslide of fan votes. To hear it from other readers, Langeliers is highly… [+6144 chars]",,"Heißes Thema: Wer sind die „echten Langeliers“?. Einigen Lesern zufolge ist Shea Langeliers ein Top-Fänger in der MLB, der den All-Star-Startauftritt verdient, der ihm durch einen Erdrutsch an Fan-Stimmen beschert wurde. Anderen Lesern zufolge ist Langeliers stark überbewertet und verringert seinen Wert nur mit jedem Monat, den er nimmt …","Hot Topic: Who Is The “Real Langeliers”?. To hear it from some readers, Shea Langeliers is a top catcher in MLB worthy of the All-Star starting gig afforded him by a landslide of fan votes. To hear it from other readers, Langeliers is highly overrated and only reducing his value every month he takes …","Topic: Who Is The ""Real Langeliers""?. Ut a nonnullis legentibus audiret, Shea Langeliers est summus prehenderat in MLB omnium stellarum initium cisio dignus, qui ei per lapsus suffragiorum ventilationis praebuit. Id ab aliis legentibus audire, Langeliers valde erratum est et solum valorem suum singulis mensibus minuit.",2026-07-22 16:19:19+00:00
83686816093c85d109610a9b3d89321f,2026-07-20T12:41:09Z,'landslide',economictimes.indiatimes.com,en,0.9,Seven dead as landslide hits mud house in Jammu and Kashmir's Poonch,Seven people died when a landslide struck a mud house in Poonch district.  Torrential rains have battered the region since Saturday evening.  Seventeen individuals have lost their lives in total across the district.  Six people remain missing following the se…,https://economictimes.indiatimes.com/news/india/seven-dead-as-landslide-hits-mud-house-in-jammu-and-kashmirs-poonch/articleshow/132516149.cms,"https://img.etimg.com/thumb/msid-132516159,width-1200,height-630,imgsize-530062,overlay-economictimes/articleshow.jpg",http://web.archive.org/web/20260721053814/https://economictimes.indiatimes.com/news/india/seven-dead-as-landslide-hits-mud-house-in-jammu-and-kashmirs-poonch/articleshow/132516149.cms,"Jammu: Seven people were killed when their house was struck by a landslide in the rain-hit Poonch district of Jammu and Kashmir on Monday, officials said.
The incident occurred in the higher reaches… [+414 chars]",,"Sieben Tote, als Erdrutsch Lehmhaus in Jammu und Kashmir's Poonch trifft. Sieben Menschen starben, als ein Erdrutsch ein Lehmhaus im Bezirk Poonch erschütterte.  Seit Samstagabend haben heftige Regenfälle die Region heimgesucht.  Insgesamt haben im gesamten Bezirk siebzehn Menschen ihr Leben verloren.  Sechs Personen werden nach dem Vorfall weiterhin vermisst.",Seven dead as landslide hits mud house in Jammu and Kashmir's Poonch. Seven people died when a landslide struck a mud house in Poonch district.  Torrential rains have battered the region since Saturday evening.  Seventeen individuals have lost their lives in total across the district.  Six people remain missing following the se…,Septem mortui cum lapsu domum lutum in Jammu et Kashmir Poonch ferit. Septem homines mortui sunt cum domum lutum in Poonch lapsus percussit.  Imbres torrentes quassarunt regionem ab vespere Sabbati.  Septendecim singuli vitam suam in tota regione transversa amiserunt.  Sex homines desunt sequentes se…,2026-07-23 11:49:44+00:00
84a52fae34a9719a451aa8621e844c39,2026-07-20T15:43:46Z,'landslide',economictimes.indiatimes.com,en,0.9,"Nagaland Landslides: Death toll rises to 10 in Mon district, CM announces Rs 4 lakh ex gratia for kin of deceased","In a heartbreaking incident, landslides in Mon district, Nagaland, have resulted in ten fatalities, with recovery efforts yielding five bodies. Chief Minister Neiphiu Rio reassured aid for the impacted residents of Defence Colony during his visitation. The lo…",https://economictimes.indiatimes.com/news/india/nagaland-landslides-death-toll-rises-to-10-in-mon-district-cm-announces-rs-4-lakh-ex-gratia-for-kin-of-deceased/articleshow/132518918.cms,"https://img.etimg.com/thumb/msid-132519122,width-1200,height-630,imgsize-30906,overlay-economictimes/articleshow.jpg",http://web.archive.org/web/20260720212736/https://economictimes.indiatimes.com/news/india/nagaland-landslides-death-toll-rises-to-10-in-mon-district-cm-announces-rs-4-lakh-ex-gratia-for-kin-of-deceased/articleshow/132518918.cms,Guwahati: The death toll in the landslides triggered by incessant rainfall in Nagaland's Mon district has risen to 10.Disaster management and security officials said that five bodies have so far been… [+3122 chars],,"Erdrutsche in Nagaland: Zahl der Todesopfer im Distrikt Mon steigt auf 10, CM kündigt freiwillige Gratifikation in Höhe von 4 Lakh Rupien für die Angehörigen des Verstorbenen an. Bei einem herzzerreißenden Vorfall kamen bei Erdrutschen im Distrikt Mon in Nagaland zehn Menschen ums Leben, bei Bergungsarbeiten wurden fünf Leichen geborgen. Ministerpräsident Neiphiu Rio versicherte bei seinem Besuch Hilfe für die betroffenen Bewohner der Verteidigungskolonie. Die Lo…","Nagaland Landslides: Death toll rises to 10 in Mon district, CM announces Rs 4 lakh ex gratia for kin of deceased. In a heartbreaking incident, landslides in Mon district, Nagaland, have resulted in ten fatalities, with recovery efforts yielding five bodies. Chief Minister Neiphiu Rio reassured aid for the impacted residents of Defence Colony during his visitation. The lo…","Nagaland Landslides: mortuorum vectigal ad 10 in Mon regione surgit, CM nuntiat Rs 4 lakh ex gratia pro propinquitate defuncti. In gravissimo casu proruit in regione Mon, Nagaland, decem mortes consecutae sunt, cum quinque corporibus cedentibus nisus recuperatis. Princeps minister Neiphiu Rio auxilium emisit ad incolas defensionis Coloniæ in visitatione impacto. Ecce ecce ...",2026-07-23 11:49:44+00:00
8ffaa8875e258167f6718022ea463152,2026-07-20T18:33:21Z,'landslide',economictimes.indiatimes.com,en,0.9,"About 27 workers trapped in under-construction tunnel after landslide in Sikkim, rescue ops on","Twenty-seven workers are trapped inside a Sikkim tunnel after a landslide blocked its entrance. Rescue operations are complicated by a suspected gas leak, affecting personnel. Specialized teams are using protective gear to navigate the narrow and poorly visib…",https://economictimes.indiatimes.com/news/india/about-27-workers-trapped-in-under-construction-tunnel-after-landslide-in-sikkim-rescue-ops-on/articleshow/132522839.cms,"https://img.etimg.com/thumb/msid-132522854,width-1200,height-630,imgsize-100488,overlay-economictimes/articleshow.jpg",http://web.archive.org/web/20260721202313/https://economictimes.indiatimes.com/news/india/about-27-workers-trapped-in-under-construction-tunnel-after-landslide-in-sikkim-rescue-ops-on/articleshow/132522839.cms,"Gangtok: About 27 workers are trapped inside an under-construction tunnel in Sikkim's Namchi district after a landslide blocked its entrance and triggered a suspected gas leak on Monday afternoon, of… [+1784 chars]",,"Ungefähr 27 Arbeiter sind nach Erdrutsch in Sikkim im im Bau befindlichen Tunnel eingeschlossen, Rettungsaktionen laufen. 27 Arbeiter sind in einem Sikkim-Tunnel gefangen, nachdem ein Erdrutsch den Eingang blockiert hat. Rettungseinsätze werden durch ein vermutetes Gasleck erschwert, das sich auf das Personal auswirkt. Spezialisierte Teams navigieren mit Schutzausrüstung durch die engen und schlecht einsehbaren …","About 27 workers trapped in under-construction tunnel after landslide in Sikkim, rescue ops on. Twenty-seven workers are trapped inside a Sikkim tunnel after a landslide blocked its entrance. Rescue operations are complicated by a suspected gas leak, affecting personnel. Specialized teams are using protective gear to navigate the narrow and poorly visib…","De XXVII operariis in cuniculo substructionis capti, postquam in Sikkim prolapsus est, Opis liberandum est. Viginti septem operarii cuniculum Sikkim in medio inclusi sunt postquam lapsus lapsus suum introitum obstruxit. Eripe operationes per Leak gas suspectum implicatae, personas afficientes. Partes speciales utuntur calces tutelae ad navigandum angusta et male visib…",2026-07-23 11:49:44+00:00
625480ad49e4f57abc83e136b679c0d4,2026-07-20T19:01:29Z,'landslide',timesofindia.indiatimes.com,en,0.9,Two trekkers from Mumbai injured by falling boulders during landslide on Harishchandra Gad in Ahilyanagar,"Two 24-year-old Mumbai trekkers were injured in a landslide at Harishchandra Gad, Ahilyanagar; shifted to Nashik Civil Hospital; condition stable.",https://timesofindia.indiatimes.com/city/nashik/two-trekkers-from-mumbai-injured-by-falling-boulders-during-landslide-on-harishchandra-gad-in-ahilyanagar/articleshow/132523321.cms,"https://static.toiimg.com/thumb/msid-132523319,width-1280,height-720,resizemode-6,overlay-toi_sw,pt-32,y_pad-600/photo.jpg",http://web.archive.org/web/20260721010622/https://timesofindia.indiatimes.com/city/nashik/two-trekkers-from-mumbai-injured-by-falling-boulders-during-landslide-on-harishchandra-gad-in-ahilyanagar/articleshow/132523321.cms,"<ul><li>News</li>
<li>City News</li>
<li>nashik News</li>
<li>Two trekkers from Mumbai injured by falling boulders during landslide on Harishchandra Gad in Ahilyanagar</li></ul>
Follow Us On Soci… [+124 chars]",,"Zwei Wanderer aus Mumbai wurden bei einem Erdrutsch auf Harishchandra Gad in Ahilyanagar durch herabfallende Felsbrocken verletzt. Zwei 24-jährige Wanderer aus Mumbai wurden bei einem Erdrutsch in Harishchandra Gad, Ahilyanagar, verletzt; ins Nashik Civil Hospital verlegt; Zustand stabil.","Two trekkers from Mumbai injured by falling boulders during landslide on Harishchandra Gad in Ahilyanagar. Two 24-year-old Mumbai trekkers were injured in a landslide at Harishchandra Gad, Ahilyanagar; shifted to Nashik Civil Hospital; condition stable.","Duo trekkeri a Mumbai vulnerati saxa cadentes in Harishchandra Gad in Ahilyanagar lapsi sunt. Duo XXIV annos Mumbai trekkeri laesi sunt in propatulo apud Harishchandra Gad, Ahilyanagar; Nashik Civile Hospitali moverunt; conditio stabilis.",2026-07-23 11:49:44+00:00
486ca92afd85cb056d8d9842cd7660e5,2026-07-21T17:09:40Z,'landslide road',timesofindia.indiatimes.com,en,0.9,"Mussoorie-Dehradun road reopens, one-way traffic continues","Mussoorie-Dehradun road reopened Tuesday after landslide repairs near Pani Wala bend; traffic restricted to one-way, causing long queues and delays.",https://timesofindia.indiatimes.com/city/dehradun/mussoorie-dehradun-road-reopens-one-way-traffic-continues/articleshow/132542747.cms,https://static.toiimg.com/photo/msid-47529300/47529300.jpg,http://web.archive.org/web/20260722030144/https://timesofindia.indiatimes.com/city/dehradun/mussoorie-dehradun-road-reopens-one-way-traffic-continues/articleshow/132542747.cms,"<ul><li>News</li>
<li>Mussoorie-Dehradun road reopens, one-way traffic continues</li></ul>
Follow Us On Social Media
Burger, Protest &amp; Backlash: How One Video Ended a Political CareerKnoxville… [+1493 chars]",,"Die Straße Mussoorie-Dehradun wird wieder geöffnet, der Einbahnverkehr bleibt bestehen. Straße Mussoorie-Dehradun am Dienstag nach Erdrutschreparaturen in der Nähe der Pani-Wala-Kurve wieder geöffnet; Der Verkehr ist auf Einbahnstraßen beschränkt, was zu langen Warteschlangen und Verzögerungen führt.","Mussoorie-Dehradun road reopens, one-way traffic continues. Mussoorie-Dehradun road reopened Tuesday after landslide repairs near Pani Wala bend; traffic restricted to one-way, causing long queues and delays.","Mussoorie-Dehradun via aperit, una via negotiatio pergit. Mussoorie-Dehradun viam Martis fodit post reparationes ruinae prope Pani Wala flexum; negotiatio ad unum modum restricta, longas queues et moras faciens.",2026-07-24 07:29:59+00:00
f0dd21ceef68914c59083891287dc583,2026-07-20T09:12:03Z,'landslide',www.aljazeera.com,en,0.9,"LIVE: Andy Burnham to become UK PM, deliver first speech at 10 Downing",The new leader takes over from Keir Starmer just two years after outgoing PM led Labour to a landslide election victory.,https://www.aljazeera.com/news/liveblog/2026/7/20/live-andy-burnham-to-become-uk-pm-deliver-first-speech-at-10-downing,https://www.aljazeera.com/wp-content/uploads/2026/07/ap_6a5d16db77651-1784485595.jpg?resize=1920%2C1440,,"blinking-dot
Live updatesLive updates, 
The new leader takes over from Keir Starmer just two years after the outgoing PM led Labour to a landslide election victory.",,"LIVE: Andy Burnham wird britischer Premierminister und hält seine erste Rede im 10 Downing. Der neue Vorsitzende übernimmt die Nachfolge von Keir Starmer, nur zwei Jahre nachdem der scheidende Premierminister Labour zu einem Erdrutschsieg bei den Wahlen geführt hatte.","LIVE: Andy Burnham to become UK PM, deliver first speech at 10 Downing. The new leader takes over from Keir Starmer just two years after outgoing PM led Labour to a landslide election victory.","LIVE: Andy Burnham ut UK AM fias, primam orationem libera ante 10 Duningum. Novus dux ab Keir Starmer duos tantum annos post exitum PM occupat laborem ad victoriam electionis in ruinam duxit.",2026-07-24 11:41:12+00:00
4a129d25d0a8f9cc753bb41392fe5fdf,2026-07-17T17:07:49Z,'landslide',economictimes.indiatimes.com,en,0.9,"Eight killed, 34 missing after landslide buries homes in China's Chongqing","A landslide in Pengshui county, China, killed eight people and left thirty-four missing.  The disaster flattened residential buildings and prompted a large-scale rescue operation.  Authorities had ordered evacuations after spotting falling rocks about an hour…",https://economictimes.indiatimes.com/news/international/world-news/eight-killed-34-missing-after-landslide-buries-homes-in-chinas-chongqing/articleshow/132466344.cms,"https://img.etimg.com/thumb/msid-132466408,width-1200,height-630,imgsize-269828,overlay-economictimes/articleshow.jpg",,"Eight people were killed and 34 others remained missing after a landslide struck Pengshui county in China's southwestern municipality of Chongqing on Friday, collapsing multiple residential buildings… [+1744 chars]",,"Acht Tote, 34 Vermisste, nachdem Häuser im chinesischen Chongqing durch einen Erdrutsch verschüttet wurden. Bei einem Erdrutsch im Kreis Pengshui in China kamen acht Menschen ums Leben, 34 wurden vermisst.  Die Katastrophe ließ Wohngebäude dem Erdboden gleichmachen und löste eine groß angelegte Rettungsaktion aus.  Die Behörden hatten Evakuierungen angeordnet, nachdem sie etwa eine Stunde lang herabstürzende Steine ​​entdeckt hatten …","Eight killed, 34 missing after landslide buries homes in China's Chongqing. A landslide in Pengshui county, China, killed eight people and left thirty-four missing.  The disaster flattened residential buildings and prompted a large-scale rescue operation.  Authorities had ordered evacuations after spotting falling rocks about an hour…","Octo occisus, 34 deest postquam LAPSUS sepelit domos in Sinarum Chongqing. Lapsus in comitatu Pengshui Sinarum octingentos homines occidit et triginta quattuor desideratos reliquit.  Calamitas aedificia residentialia complanata et operationem liberandi magnam scalam excitavit.  Auctoritates iusserant purgationes cum spotting saxa cadendo circa horam...",2026-07-24 16:40:46+00:00
a09f0c900423876ab9b73c6f50fe0372,2026-07-13T07:15:00Z,'landslide',peoplesreview.com.np,en,0.9,"Heavy rains close Mechi Highway, cutting off Ilam, Panchthar, Taplejung","Ilam, July 13: Continuous rainfall has completely cut road links between the Tarai and the eastern hill districts of Ilam, Panchthar, and Taplejung after the Mechi Highway and both alternative routes were closed by floods and landslides. The Mechi Highway rem…",https://peoplesreview.com.np/2026/07/13/heavy-rains-close-mechi-highway-cutting-off-ilam-panchthar-taplejung/,https://peoplesreview.com.np/wp-content/uploads/2026/07/raj.jpg,http://web.archive.org/web/20260714062540/https://peoplesreview.com.np/2026/07/13/heavy-rains-close-mechi-highway-cutting-off-ilam-panchthar-taplejung/,"Ilam, July 13: Continuous rainfall has completely cut road links between the Tarai and the eastern hill districts of Ilam, Panchthar, and Taplejung after the Mechi Highway and both alternative routes… [+2034 chars]",,"Heftige Regenfälle sperren den Mechi Highway und schneiden Ilam, Panchthar und Taplejung ab. Ilam, 13. Juli: Anhaltende Regenfälle haben die Straßenverbindungen zwischen Tarai und den östlichen Bergbezirken Ilam, Panchthar und Taplejung vollständig unterbrochen, nachdem der Mechi-Highway und beide alternativen Routen durch Überschwemmungen und Erdrutsche gesperrt wurden. Der Mechi Highway erinnert…","Heavy rains close Mechi Highway, cutting off Ilam, Panchthar, Taplejung. Ilam, July 13: Continuous rainfall has completely cut road links between the Tarai and the eastern hill districts of Ilam, Panchthar, and Taplejung after the Mechi Highway and both alternative routes were closed by floods and landslides. The Mechi Highway rem…","Imbres graves claudunt Mechi viam, Ilam, Panchthar, Taplejung. Ilam, Iulii 13: Imbribus continuis viae nexus inter Tarai et collis orientalis regiones Ilam, Panchthar et Taplejung post Mechi Highway et ambae itinera clausae sunt inundationes et ruinas. Mechi via rem…",2026-07-25 11:08:24+00:00
521b7b83529b245919fd3d5fb6971a59,2026-07-16T02:53:30Z,'landslide',english.khabarhub.com,en,0.9,Baglung section of Kaligandaki Corridor blocked by landslide,"BAGLUNG: Vehicular movement along the Baglung section of the Kaligandaki Corridor has remained suspended since Wednesday night after a landslide struck Belbagar in Jaimini Municipality-8. The District Police Office, Baglung, said efforts are underway to clear…",https://english.khabarhub.com/2026/16/558834/,https://english.khabarhub.com/wp-content/uploads/2025/08/Kaligandaki-Corridor-Landslide-RSS.jpeg,,"BAGLUNG: Vehicular movement along the Baglung section of the Kaligandaki Corridor has remained suspended since Wednesday night after a landslide struck Belbagar in Jaimini Municipality-8.
The Distri… [+443 chars]",,"Baglung-Abschnitt des Kaligandaki-Korridors durch Erdrutsch blockiert. BAGLUNG: Der Fahrzeugverkehr entlang des Baglung-Abschnitts des Kaligandaki-Korridors ist seit Mittwochabend ausgesetzt, nachdem Belbagar in der Gemeinde Jaimini-8 von einem Erdrutsch heimgesucht wurde. Das Bezirkspolizeiamt Baglung sagte, es seien Bemühungen im Gange, die Lage zu klären …","Baglung section of Kaligandaki Corridor blocked by landslide. BAGLUNG: Vehicular movement along the Baglung section of the Kaligandaki Corridor has remained suspended since Wednesday night after a landslide struck Belbagar in Jaimini Municipality-8. The District Police Office, Baglung, said efforts are underway to clear…","Baglung sectio Kaligandaki Corridor impedita proruit. BAGLUNG: Motus vehiculorum secundum Baglung sectionem Kaligandaki Corridor suspensus mansit ex die Mercurii nocte post proiectum Belbagar in Jaimini Municipality-8 percussit. Officium Vigilum Districtus, Baglung dixit conatus comparatis ut patet…",2026-07-25 11:08:24+00:00
3181ba2d741ec8183f49fab608fc210c,2026-07-16T05:18:19Z,'landslide',english.khabarhub.com,en,0.9,"Floods, landslides block eight roads across Nepal","KATHMANDU: Eight roads across the country have been completely blocked by floods and landslides following continuous rainfall, while traffic is operating on a one-way basis on six other roads, according to Nepal Police. The Jhapa–Taplejung section of the Mech…",https://english.khabarhub.com/2026/16/558854/,https://english.khabarhub.com/wp-content/uploads/2026/05/Landslide-Muglin.jpg,,"KATHMANDU: Eight roads across the country have been completely blocked by floods and landslides following continuous rainfall, while traffic is operating on a one-way basis on six other roads, accord… [+803 chars]",,"Überschwemmungen und Erdrutsche blockieren acht Straßen in ganz Nepal. KATHMANDU: Nach Angaben der nepalesischen Polizei sind acht Straßen im ganzen Land durch Überschwemmungen und Erdrutsche nach anhaltenden Regenfällen vollständig blockiert, während der Verkehr auf sechs anderen Straßen nur in eine Richtung verläuft. Der Jhapa-Taplejung-Abschnitt des Mech…","Floods, landslides block eight roads across Nepal. KATHMANDU: Eight roads across the country have been completely blocked by floods and landslides following continuous rainfall, while traffic is operating on a one-way basis on six other roads, according to Nepal Police. The Jhapa–Taplejung section of the Mech…","Inundationes, proruit octo viae per Nepaliam. KATHMANDU: Octo viae per regionem totaliter obstructae sunt inundationibus et prolapsionibus post continuum imbrem, cum negotiatio una via fundamentum sex aliis viae, secundum Nepal Vigilum operatur. Pars Jhapa-Taplejung Mech…",2026-07-25 11:08:24+00:00
612c871b77a6169c6def3ae387e2ef75,2026-07-17T02:45:18Z,'landslide rain',english.khabarhub.com,en,0.9,Nagdhunga–Muglin and Muglin–Narayangadh roads reopen after landslide clearance,"KATHMANDU: Vehicular movement along the Nagdhunga–Muglin and Muglin–Narayangadh road sections has resumed after landslides triggered by continuous rainfall were cleared early Friday morning. According to Nepal Police, the landslides that occurred during the n…",https://english.khabarhub.com/2026/17/558984/,https://english.khabarhub.com/wp-content/uploads/2021/07/prithvi-highway.jpg,,"KATHMANDU: Vehicular movement along the NagdhungaMuglin and MuglinNarayangadh road sections has resumed after landslides triggered by continuous rainfall were cleared early Friday morning.
According… [+1024 chars]",,"Die Straßen Nagdhunga–Muglin und Muglin–Narayangadh werden nach der Beseitigung eines Erdrutschs wieder geöffnet. KATHMANDU: Der Fahrzeugverkehr auf den Straßenabschnitten Nagdhunga–Muglin und Muglin–Narayangadh wurde wieder aufgenommen, nachdem Erdrutsche, die durch anhaltende Regenfälle ausgelöst wurden, am frühen Freitagmorgen beseitigt wurden. Nach Angaben der nepalesischen Polizei ereigneten sich die Erdrutsche im n…","Nagdhunga–Muglin and Muglin–Narayangadh roads reopen after landslide clearance. KATHMANDU: Vehicular movement along the Nagdhunga–Muglin and Muglin–Narayangadh road sections has resumed after landslides triggered by continuous rainfall were cleared early Friday morning. According to Nepal Police, the landslides that occurred during the n…","Nagdhunga-Muglin et Muglin-Narayangadh viae rescissa post LAPSUS alvi. KATHMANDU: Vehicularis motus secundum Nagdhunga-Muglin et Muglin-Narayangadh sectiones viarum repetitas postquam proruit urguetur continuis imbribus mane Veneris mane purgata sunt. Secundum Nepal Aliquam, proruit quae per n…",2026-07-25 11:08:24+00:00
f1401d91e6ead0436d289945dc2dfd53,2026-07-18T12:22:47Z,'landslide road',english.khabarhub.com,en,0.9,Six major highways blocked by floods and landslides,"KATHMANDU: Continuous rainfall has triggered floods and landslides across several parts of the country, blocking six major highways and disrupting vehicular movement. According to Nepal Police, the Khurkot–Nepalthok–Katunjebesi Road, Kanti Lokpath, Mechi High…",https://english.khabarhub.com/2026/18/559201/,https://english.khabarhub.com/wp-content/uploads/2025/08/Landslide-Muglin-Narayangadh.jpg,,"KATHMANDU: Continuous rainfall has triggered floods and landslides across several parts of the country, blocking six major highways and disrupting vehicular movement.
According to Nepal Police, the … [+1062 chars]",,"Sechs große Autobahnen durch Überschwemmungen und Erdrutsche blockiert. KATHMANDU: Anhaltende Regenfälle haben in mehreren Teilen des Landes Überschwemmungen und Erdrutsche ausgelöst, sechs wichtige Autobahnen blockiert und den Fahrzeugverkehr behindert. Nach Angaben der nepalesischen Polizei sind die Straße Khurkot–Nepalthok–Katunjebesi, Kanti Lokpath, Mechi High…","Six major highways blocked by floods and landslides. KATHMANDU: Continuous rainfall has triggered floods and landslides across several parts of the country, blocking six major highways and disrupting vehicular movement. According to Nepal Police, the Khurkot–Nepalthok–Katunjebesi Road, Kanti Lokpath, Mechi High…","Sex viis maioribus inundationibus et proruit. KATHMANDU: Imbribus continuis inundationes urit et per plures patriae partes proruit, sex vias maiores claudens et motus vehiculares distrahens. Secundum Nepal Vigilum, Road Khurkot-Nepalthok-Katunjebesi, Kanti Lokpath, Mechi High…",2026-07-25 11:08:24+00:00
74ae0ccc9f588603501e55231dbd4581,2026-07-23T19:32:42Z,'landslide death',www.channelnewsasia.com,en,0.7,"Landslide death toll rises to 11 in southwest China, 50 still missing","China's state media said the rescue operation is ""extremely difficult"" due to the large amount of debris at the site.",https://www.channelnewsasia.com/world/china-landslide-deathtoll-chongqing-rescue-missing-6274541,"https://dam.mediacorp.sg/image/upload/s--FctlGUOR--/c_fill,g_auto,h_676,w_1200/fl_relative,g_south_east,l_one-cms:core:watermark:ap_data-1,w_0.1/f_auto,q_auto/v1/one-cms/core/China_Landslide_94753.jpg?itok=8pAtA84j",http://web.archive.org/web/20260724043631/https://www.channelnewsasia.com/world/china-landslide-deathtoll-chongqing-rescue-missing-6274541,"BEIJING: The death toll from alandslide in the southwestern Chinese city of Chongqing last week has risen to 11, with 50 people still missing and 10 injured, Chinese state media reported on Thursday … [+1466 chars]",,"Zahl der Todesopfer durch Erdrutsch im Südwesten Chinas auf 11 gestiegen, 50 werden noch vermisst. Chinas staatliche Medien sagten, die Rettungsaktion sei aufgrund der großen Menge an Trümmern am Standort „extrem schwierig“.","Landslide death toll rises to 11 in southwest China, 50 still missing. China's state media said the rescue operation is ""extremely difficult"" due to the large amount of debris at the site.","Landslide mortuorum 11 in Sinis inter meridiem oritur, 50 adhuc deest. Sinarum status instrumentorum communicationis socialis liberationem dixit esse ""perdifficilem admodum"" propter magnas strages in situ.",2026-07-25 16:03:17+00:00
e988970a28995723a032a5f901a937b2,2026-07-15T17:53:09Z,'landslide',timesofindia.indiatimes.com,en,0.9,"Monsoon triggers landslides across Mizoram; Kolasib woman dies, dozens displaced","Mizoram landslide kills 46-year-old woman in Kolasib district; first monsoon fatality as floods and slides displace families and block highways, SEOC says.",https://timesofindia.indiatimes.com/city/guwahati/monsoon-triggers-landslides-across-mizoram-kolasib-woman-dies-dozens-displaced/articleshow/132422545.cms,https://static.toiimg.com/photo/msid-47529300/47529300.jpg,http://web.archive.org/web/20260716015621/https://timesofindia.indiatimes.com/city/guwahati/monsoon-triggers-landslides-across-mizoram-kolasib-woman-dies-dozens-displaced/articleshow/132422545.cms,"<ul><li>News</li>
<li>Monsoon triggers landslides across Mizoram; Kolasib woman dies, dozens displaced</li></ul>
Follow Us On Social Media
Irans Secret Missile Sites Return? Satellite Images Revea… [+1647 chars]",,"Monsun löst Erdrutsche in ganz Mizoram aus; Kolasib-Frau stirbt, Dutzende werden vertrieben. Erdrutsch in Mizoram tötet 46-jährige Frau im Bezirk Kolasib; Erster Todesfall durch Monsun, da Überschwemmungen und Erdrutsche Familien vertreiben und Autobahnen blockieren, sagt SEOC.","Monsoon triggers landslides across Mizoram; Kolasib woman dies, dozens displaced. Mizoram landslide kills 46-year-old woman in Kolasib district; first monsoon fatality as floods and slides displace families and block highways, SEOC says.","Monsoon triggers proruit trans Mizoram; Mulier Kolasib moritur, justo abdominetur. Mizoram in Lappa foeminam 46 annorum in districtu Kolasib interficit; primum fatum ETESIA quasi flumina et labitur familias et vias obstruunt, SEOC dicit.",2026-07-25 16:03:17+00:00
ba09aba9dd0048cb6000e443a3a15030,2026-07-17T18:43:05Z,'landslide',timesofindia.indiatimes.com,en,0.9,Congress’ housing project for Mundakkai-Chooralmala survivors finally takes off,"Congress begins housing project for Mundakkai-Chooralmala landslide survivors in Wayanad; 18 homes start at Kunnambetta, 100 planned, completion in 6 months.",https://timesofindia.indiatimes.com/city/kozhikode/congress-housing-project-for-mundakkai-chooralmala-survivors-finally-takes-off/articleshow/132468524.cms,"https://static.toiimg.com/thumb/msid-132468519,width-1280,height-720,resizemode-6,overlay-toi_sw,pt-32,y_pad-600/photo.jpg",http://web.archive.org/web/20260717212733/https://timesofindia.indiatimes.com/city/kozhikode/congress-housing-project-for-mundakkai-chooralmala-survivors-finally-takes-off/articleshow/132468524.cms,"<ul><li>News</li>
<li>Congress housing project for Mundakkai-Chooralmala survivors finally takes off</li></ul>
Follow Us On Social Media
Woman pushes children into well, ends life; son rescuedUnio… [+1287 chars]",,"Das Wohnprojekt des Kongresses für Überlebende von Mundakkai-Chooralmala nimmt endlich Fahrt auf. Kongress beginnt mit Wohnprojekt für Überlebende des Erdrutschs von Mundakkai-Chooralmala in Wayanad; 18 Häuser beginnen in Kunnambetta, 100 sind geplant, Fertigstellung in 6 Monaten.","Congress’ housing project for Mundakkai-Chooralmala survivors finally takes off. Congress begins housing project for Mundakkai-Chooralmala landslide survivors in Wayanad; 18 homes start at Kunnambetta, 100 planned, completion in 6 months.","Congressus habitationis consilium Mundakkai-Chooralmala tandem internicionem aufert. Congressus habitationem incipit pro Mundakkai-Chooralmala superstites in Wayanad lapsus; 18 domos in Kunnambetta incipiunt, 100 instituuntur, perficiuntur in 6 mensibus.",2026-07-25 16:03:17+00:00
8c8e2aecfa208ccf3143a352895e7c9c,2026-07-21T19:21:15Z,'landslide',www.aljazeera.com,en,0.9,Rescuers search for flood survivors in Afghanistan,Rescuers in eastern Afghanistan are searching through mud and rubble after flash floods and a landslide,https://www.aljazeera.com/video/newsfeed/2026/7/21/rescuers-search-for-flood-survivors-in-afghanistan,https://www.aljazeera.com/wp-content/uploads/2026/07/afghan-flood-vertical-thumb-1784661578.jpg?resize=1200%2C675,http://web.archive.org/web/20260721213522/https://www.aljazeera.com/video/newsfeed/2026/7/21/rescuers-search-for-flood-survivors-in-afghanistan,"NewsFeed
Rescuers in eastern Afghanistan are searching through mud and rubble after flash floods and a landslide tore through Nuristan province. At least 23 people have been killed and dozens are st… [+72 chars]",,Retter suchen in Afghanistan nach Überlebenden der Flutkatastrophe. Retter im Osten Afghanistans durchsuchen Schlamm und Schutt nach Sturzfluten und einem Erdrutsch,Rescuers search for flood survivors in Afghanistan. Rescuers in eastern Afghanistan are searching through mud and rubble after flash floods and a landslide,Rescuers investigare reliquias in Afghanistan diluvium. Restores in Afghanistan Orientales per lutum et rudera exquirunt post diluvia et prolapsus,2026-07-25 16:03:17+00:00
797aa04f90ce7302dd6177c317632bf3,2026-07-22T15:23:57Z,'landslide',punchng.com,en,0.9,Senate seeks tougher mining safety rules after Kogi landslide kills 20,"Following a tragic landslide in Kogi that killed 20, the Senate is pushing for tougher mining safety rules and a workers’ compensation scheme in Nigeria.

Read More: https://punchng.com/senate-seeks-tougher-mining-safety-rules-after-kogi-landslide-kills-20/",https://punchng.com/senate-seeks-tougher-mining-safety-rules-after-kogi-landslide-kills-20/,https://punchng.com/wp-content/uploads/2026/06/Senate.webp,http://web.archive.org/web/20260723054557/https://punchng.com/senate-seeks-tougher-mining-safety-rules-after-kogi-landslide-kills-20/,"The Senate on Wednesday called for stricter safety regulations in Nigeria’s mining sector following a landslide at a coal mining site in Kogi State that claimed 20 lives.
The resolution followed a m… [+5018 chars]",,"Der Senat fordert strengere Sicherheitsbestimmungen für den Bergbau, nachdem bei dem Erdrutsch in Kogi 20 Menschen ums Leben kamen. Nach einem tragischen Erdrutsch in Kogi, bei dem 20 Menschen ums Leben kamen, drängt der Senat auf strengere Sicherheitsbestimmungen für den Bergbau und ein Arbeitnehmerentschädigungssystem in Nigeria.

Lesen Sie mehr: https://punchng.com/senate-seeks-tougher-mining-safety-rules-after-kogi-landslide-kills-20/","Senate seeks tougher mining safety rules after Kogi landslide kills 20. Following a tragic landslide in Kogi that killed 20, the Senate is pushing for tougher mining safety rules and a workers’ compensation scheme in Nigeria.

Read More: https://punchng.com/senate-seeks-tougher-mining-safety-rules-after-kogi-landslide-kills-20/","Senatus praecepta securitatis duriora fodienda quaerit postquam Kogi landum necat 20. Sequens ruinam funestam in Kogi qui 20 occidit, Senatus praecepta securitatis et fodiendarum emendarum in Nigeria machinarum fodiendarum durior petit.

Lege More: https://punchng.com/senate-seeks-tougher-mining-safety-rules-after-kogi-landslide-kills-20/",2026-07-25 16:03:17+00:00
53896eda7041f545a436e6bd7ced5cb8,2026-07-23T16:37:02Z,'landslide death',abcnews.com,en,0.9,"11 dead, 50 missing after landslide in southwestern China","Teams searching the rubble of last week's landslide in Chongqing, China, have found three more bodies, bringing the death toll to 11",https://abcnews.com/International/wireStory/toll-landslide-southwestern-china-rises-11-dead-50-135024110,https://i.abcnewsfe.com/a/f405dbb1-25da-44f3-aea6-735d0b65f97e/wirestory_cf71b5275583b335940d2ef1821196da_16x9.jpg?w=1600,http://web.archive.org/web/20260724043209/https://abcnews.com/International/wireStory/toll-landslide-southwestern-china-rises-11-dead-50-135024110,"Beijing -- Teams searching the rubble of last week's landslide in the southwestern Chinese city of Chongqing found three additional bodies in recent days, bringing the death toll to 11 with 50 people… [+821 chars]",,"11 Tote, 50 Vermisste nach Erdrutsch im Südwesten Chinas. Teams, die letzte Woche die Trümmer des Erdrutschs in Chongqing, China, durchsucht haben, haben drei weitere Leichen gefunden, was die Zahl der Todesopfer auf 11 erhöht","11 dead, 50 missing after landslide in southwestern China. Teams searching the rubble of last week's landslide in Chongqing, China, have found three more bodies, bringing the death toll to 11","11 mortuus, 50 periit post lapsum in Sinis meridiem occidentalem. Teams investigationis rudera terrae in Chongqing, Sinarum, tria corpora inventa sunt, mortuorum portorium 11 adferentes.",2026-07-25 16:03:17+00:00
f421ea882f0781a54e2a7508c18aab07,2026-07-15T00:25:58Z,'landslide',nypost.com,en,0.9,Gavin Newsom accused of sidelining California’s tough-on-crime measure after voters’ landslide passing,"California voters overwhelmingly passed Proposition 36 in 2024, which aimed to increase penalties for repeat thieves and drug dealers.",https://nypost.com/2026/07/14/us-news/gavin-newsom-under-fire-for-californias-prop-36-funding/,https://nypost.com/wp-content/uploads/sites/2/2026/07/134393242.jpg?quality=75&strip=all&w=1200,http://web.archive.org/web/20260715234131/https://nypost.com/2026/07/14/us-news/gavin-newsom-under-fire-for-californias-prop-36-funding/,California Democrats claimed they’ve put money behind a voter-approved tough-on-crime law in Gov. Gavin Newsom’s final state budget this year — but critics from both sides of the aisle dispute the am… [+3668 chars],,"Gavin Newsom wird beschuldigt, Kaliforniens strenge Maßnahmen gegen die Kriminalität nach der erdrutschartigen Mehrheit der Wähler außer Acht gelassen zu haben. Die kalifornischen Wähler stimmten im Jahr 2024 mit überwältigender Mehrheit der Proposition 36 zu, die darauf abzielte, die Strafen für Wiederholungstäter und Drogendealer zu erhöhen.","Gavin Newsom accused of sidelining California’s tough-on-crime measure after voters’ landslide passing. California voters overwhelmingly passed Proposition 36 in 2024, which aimed to increase penalties for repeat thieves and drug dealers.","Gavin Newsom accusatus de mensura criminis sidelining Californiae lenta suffragii in lande transeuntis. Californica suffragii nimis lata est propositio 36 anno 2024, quae poenas fures et veneficis mercantes augere intendebat.",2026-07-25 20:50:49+00:00
8244ab17b035d9af76d89e6bd3145322,2026-07-17T03:38:45Z,'landslide',www.abc.net.au,en,0.9,"Breaking: Landslide buries people, destroys buildings in Chinese province","A landslide in south-western China's Chongqing province has buried people in rubble and destroyed a roadway and a number of buildings, according to state media.",https://www.abc.net.au/news/2026-07-17/china-landslide-chongqing-province/106928370,https://live-production.wcms.abc-cdn.net.au/7ee6f190de6d7dbb04203e514bfae9ec?impolicy=wcms_crop_resize&cropH=700&cropW=700&xPos=0&yPos=0&width=862&height=862&imformat=generic,http://web.archive.org/web/20260717050011/https://www.abc.net.au/news/2026-07-17/china-landslide-chongqing-province/106928370,"A large landslide has occurred in Chongqing province, in the country's south-west, according to state media.
State broadcaster CCTV is reporting people are buried under rubble and several residentia… [+259 chars]",,Eilmeldung: Erdrutsch begräbt Menschen und zerstört Gebäude in chinesischer Provinz. Laut staatlichen Medien hat ein Erdrutsch in der südwestchinesischen Provinz Chongqing Menschen unter Trümmern begraben und eine Straße sowie mehrere Gebäude zerstört.,"Breaking: Landslide buries people, destroys buildings in Chinese province. A landslide in south-western China's Chongqing province has buried people in rubble and destroyed a roadway and a number of buildings, according to state media.","Fractio: Landslide homines sepelit, aedificia destruit in provincia Sinensi. Chongqing provincia in meridiem-occidentalem Sinarum in ruderibus sepelivit et delevit viam et multa aedificia, secundum statum instrumentorum.",2026-07-25 20:50:49+00:00
336c229671aa124d31362027781c9a8f,2026-07-20T11:02:28Z,'landslide',www.dailymail.com,en,0.9,POLL OF THE DAY: Will Andy Burnham govern in the interests of the UK as a whole?,"Andy Burnham is becoming Prime Minister today following an extraordinary coup against Sir Keir Starmer, just two years after Labour's election landslide.",https://www.dailymail.com/news/article-15989975/Poll-Andy-Burnham-govern-interests-UK-whole.html,https://i.dailymail.com/1s/2026/07/20/07/110128443-0-image-m-14_1784529411516.jpg,http://web.archive.org/web/20260720114118/https://www.dailymail.com/news/article-15989975/Poll-Andy-Burnham-govern-interests-UK-whole.html,"Andy Burnham is becoming Prime Minister today following an extraordinary coup against Sir Keir Starmer, just two years after Labour's election landslide.
The former Greater Manchester Mayor and self… [+717 chars]",,"UMFRAGE DES TAGES: Wird Andy Burnham im Interesse des Vereinigten Königreichs als Ganzes regieren? Andy Burnham wird heute Premierminister nach einem außergewöhnlichen Putsch gegen Sir Keir Starmer, nur zwei Jahre nach dem Erdrutsch bei der Labour-Wahl.","POLL OF THE DAY: Will Andy Burnham govern in the interests of the UK as a whole?. Andy Burnham is becoming Prime Minister today following an extraordinary coup against Sir Keir Starmer, just two years after Labour's election landslide.","SUFFRAGIUM DIES: Will Andy Burnham in rebus totius UK gubernabit. Andy Burnham fit primus minister hodie sequens res extraordinariam contra Sir Keir Starmer, duobus annis post electionem Laboris.",2026-07-25 20:50:49+00:00
1cc68b4b051c8d1c07704e867c78eede,2026-07-24T14:24:37Z,'landslide',economictimes.indiatimes.com,en,0.7,Himachal Pradesh: 121 roads shut; heavy to very heavy rain predicted,"The India Meteorological Department has issued an orange alert for heavy to very heavy rain in parts of Himachal Pradesh from July 27 to 29. Landslides and flash floods have shut 121 roads, disrupted water supply schemes and power transformers, while several …",https://economictimes.indiatimes.com/news/india/himachal-pradesh-121-roads-shut-heavy-to-very-heavy-rain-predicted/articleshow/132608163.cms,"https://img.etimg.com/thumb/msid-132608320,width-1200,height-630,imgsize-999554,overlay-economictimes/articleshow.jpg",http://web.archive.org/web/20260724154240/https://economictimes.indiatimes.com/news/india/himachal-pradesh-121-roads-shut-heavy-to-very-heavy-rain-predicted/articleshow/132608163.cms,Shimla: Shimla Met office on Friday issued an orange warning of heavy to very heavy rain in places in Himachal Pradesh from July 27 to 29.A total of 121 roads were rendered inaccessible in the state … [+1111 chars],,"Himachal Pradesh: 121 Straßen gesperrt; starker bis sehr starker Regen vorhergesagt. Das India Meteorological Department hat vom 27. bis 29. Juli in Teilen von Himachal Pradesh eine orangefarbene Warnung für starken bis sehr starken Regen herausgegeben. Erdrutsche und Sturzfluten haben 121 Straßen gesperrt, Wasserversorgungssysteme und Stromtransformatoren unterbrochen, während mehrere …","Himachal Pradesh: 121 roads shut; heavy to very heavy rain predicted. The India Meteorological Department has issued an orange alert for heavy to very heavy rain in parts of Himachal Pradesh from July 27 to 29. Landslides and flash floods have shut 121 roads, disrupted water supply schemes and power transformers, while several …","Himachal Pradesh: 121 viae clausae; gravissimas pluvias gravissimas praedixerat. In India Meteorologico Dicasterium aureum intentum pro gravissimis pluviis in partibus Himachal Pradesh a die 27 Iulii ad 29. Proculas et inundationes 121 clausas, cum multae ...",2026-07-27 21:08:50+00:00
a16c856e8a6c008e2937a627926c20c9,2026-07-20T02:13:34Z,'landslide road',english.khabarhub.com,en,0.9,Road blocked by landslide at Fisling along Prithvi Highway,"CHITWAN: Traffic along the Prithvi Highway has been disrupted after landslides struck Panidhara and Chumkhola in Fisling, Ichchakamana Rural Municipality-2, early this morning. The landslides occurred at around 2:20 am, completely blocking the road. Chief Sup…",https://english.khabarhub.com/2026/20/559406/,https://english.khabarhub.com/wp-content/uploads/2025/08/Landslide-Muglin-Narayangadh.jpg,,"CHITWAN: Traffic along the Prithvi Highway has been disrupted after landslides struck Panidhara and Chumkhola in Fisling, Ichchakamana Rural Municipality-2, early this morning.
The landslides occurr… [+712 chars]",,"Durch Erdrutsch blockierte Straße bei Fisling am Prithvi Highway. CHITWAN: Der Verkehr auf dem Prithvi Highway wurde unterbrochen, nachdem Panidhara und Chumkhola in Fisling, Ichchakamana Rural Municipality-2, heute Morgen von Erdrutschen heimgesucht wurden. Die Erdrutsche ereigneten sich gegen 2:20 Uhr und blockierten die Straße vollständig. Chief Sup…","Road blocked by landslide at Fisling along Prithvi Highway. CHITWAN: Traffic along the Prithvi Highway has been disrupted after landslides struck Panidhara and Chumkhola in Fisling, Ichchakamana Rural Municipality-2, early this morning. The landslides occurred at around 2:20 am, completely blocking the road. Chief Sup…","Via impedita prolabitur ad Fisling per Prithviam via. CHITWAN: Negotiatio per Prithviam via turbata est postquam proruit Panidhara et Chumkhola in Fisling, Ichchakamana Municipality-Ruris II, primo hoc mane. Proruit occurrit circa 2:20 sum, omnino claudebant viam. Dux Sup…",2026-07-27 21:08:50+00:00
a99d0008fd55794baf53970085a32cf6,2026-07-22T05:15:48Z,'landslide rain',english.khabarhub.com,en,0.9,Floods and landslides disrupt major highways across Nepal,"KATHMANDU: Continuous rainfall has triggered floods and landslides across the country, affecting several major highways and road sections, according to Nepal Police. The BP Highway section connecting Kavrepalanchok and Sindhuli, particularly the Khurkot–Nepal…",https://english.khabarhub.com/2026/22/559729/,https://english.khabarhub.com/wp-content/uploads/2026/07/bp-rajmarga-pairo-3.jpg,,"KATHMANDU: Continuous rainfall has triggered floods and landslides across the country, affecting several major highways and road sections, according to Nepal Police.
The BP Highway section connectin… [+1329 chars]",,"Überschwemmungen und Erdrutsche beeinträchtigen wichtige Autobahnen in ganz Nepal. KATHMANDU: Nach Angaben der nepalesischen Polizei haben anhaltende Regenfälle im ganzen Land Überschwemmungen und Erdrutsche ausgelöst, die mehrere wichtige Autobahnen und Straßenabschnitte beeinträchtigten. Der Abschnitt des BP Highway, der Kavrepalanchok und Sindhuli verbindet, insbesondere der Abschnitt Khurkot–Nepal…","Floods and landslides disrupt major highways across Nepal. KATHMANDU: Continuous rainfall has triggered floods and landslides across the country, affecting several major highways and road sections, according to Nepal Police. The BP Highway section connecting Kavrepalanchok and Sindhuli, particularly the Khurkot–Nepal…","Inundationes et ruinae maioris viis per Nepaliam perturbant. KATHMANDU: Imbribus continuis inundationes et proruit per regionem urit, varias vias maiores et sectiones viae afficiens, iuxta Police Nepal. Via BP sectio coniuncta Kavrepalanchok et Sindhuli, praesertim Khurkot-Nepal.",2026-07-27 21:08:50+00:00
afde40b26969a2bda0f536cf5ad783b6,2026-07-23T01:49:10Z,'landslide rain',english.khabarhub.com,en,0.9,"Floods, landslides block 11 highway sections nationwide","KATHMANDU: Floods and landslides triggered by continuous rainfall have disrupted traffic on major highways at 11 locations across Nepal today. According to the Nepal Police’s latest update issued on Thursday morning, road sections in Koshi, Bagmati, Gandaki, …",https://english.khabarhub.com/2026/23/559827/,https://english.khabarhub.com/wp-content/uploads/2025/08/Landslide-Muglin-Narayangadh.jpg,,"KATHMANDU: Floods and landslides triggered by continuous rainfall have disrupted traffic on major highways at 11 locations across Nepal today.
According to the Nepal Police’s latest update issued on… [+1012 chars]",,"Überschwemmungen und Erdrutsche blockieren landesweit 11 Autobahnabschnitte. KATHMANDU: Durch anhaltende Regenfälle ausgelöste Überschwemmungen und Erdrutsche haben heute den Verkehr auf wichtigen Autobahnen an elf Orten in ganz Nepal gestört. Laut der neuesten Aktualisierung der nepalesischen Polizei vom Donnerstagmorgen sind Straßenabschnitte in Koshi, Bagmati, Gandaki, …","Floods, landslides block 11 highway sections nationwide. KATHMANDU: Floods and landslides triggered by continuous rainfall have disrupted traffic on major highways at 11 locations across Nepal today. According to the Nepal Police’s latest update issued on Thursday morning, road sections in Koshi, Bagmati, Gandaki, …","Inundationes, proruit obstruunt 11 sectiones viarum nationum. KATHMANDU: Flumina et ruinae continuae pluviae urgentes negotiationes in maioribus viis ante 11 locis trans Nepalia hodie disruperunt. Secundum novissimam renovationem Police Nepal die Iovis mane edita est sectiones viarum in Koshi, Bagmati, Gandaki, …",2026-07-27 21:08:50+00:00
9be5ea190d84c709f15ca559bdff1560,2026-07-24T02:34:40Z,'landslide',m.economictimes.com,en,0.9,Jammu-Srinagar highway shut after massive landslide in Udhampur,A massive landslide at Dewal in Jammu and Kashmir's Udhampur district has brought traffic on the Jammu-Srinagar National Highway (NH-44) to a standstill after debris completely blocked the only operational lane. Authorities have deployed men and machinery to …,https://m.economictimes.com/news/newsblogs/weather-today-live-updates-delhi-ncr-jammu-kashmir-udhampur-landslide-cjp-protests-jantar-mantar-jammu-srinagar-road-closed-traffic-latest-updates-today/liveblog/132594995.cms,"https://economictimes.indiatimes.com/thumb/msid-132594995,width-1200,height-900,resizemode-4,imglength-503810/news/newsblogs/weather-today-live-updates-delhi-ncr-jammu-kashmir-udhampur-landslide-cjp-protests-jantar-mantar-jammu-srinagar-road-closed-traffic-latest-updates-today.jpg",,Two Border Security Force (BSF) personnel were killed and another was critically injured after a fellow jawan allegedly opened indiscriminate fire inside the force's 71st and 119th Battalion headquar… [+195 chars],,"Autobahn Jammu-Srinagar nach massivem Erdrutsch in Udhampur gesperrt. Ein massiver Erdrutsch bei Dewal im Distrikt Udhampur von Jammu und Kashmir hat den Verkehr auf dem Jammu-Srinagar National Highway (NH-44) zum Erliegen gebracht, nachdem Trümmer die einzige Fahrspur vollständig blockiert hatten. Die Behörden haben Menschen und Maschinen eingesetzt, um …",Jammu-Srinagar highway shut after massive landslide in Udhampur. A massive landslide at Dewal in Jammu and Kashmir's Udhampur district has brought traffic on the Jammu-Srinagar National Highway (NH-44) to a standstill after debris completely blocked the only operational lane. Authorities have deployed men and machinery to …,Jammu-Srinagar clausa via post molem LAPSUS in Udhampur. Terra ingens apud Dewal in Jammu et Kashmir's Udhampur regio commercium in via Nationali Jammu-Srinagar (NH-44) ad haesitandum postquam strages unice lane operationalis omnino obstruxit. Auctoritates homines et machinas ad ... direxerunt.,2026-07-27 21:08:50+00:00
828e9e8bf1a43b07af9e8ab62370b1df,2026-07-24T06:27:39Z,'landslide',english.khabarhub.com,en,0.9,Traffic to be halted for landslide mitigation work on Narayanghat–Muglin road,KATHMANDU: Traffic along the Narayanghat–Muglin road section will be temporarily suspended to facilitate slope-cutting work at the landslide-prone Tuin Khola area. The Chitwan Division Road Office has instructed the contractor responsible for landslide mitiga…,https://english.khabarhub.com/2026/24/560056/,https://english.khabarhub.com/wp-content/uploads/2026/07/tuin-khola-pairo.jpg,,"KATHMANDU: Traffic along the NarayanghatMuglin road section will be temporarily suspended to facilitate slope-cutting work at the landslide-prone Tuin Khola area.
The Chitwan Division Road Office ha… [+2090 chars]",,"Der Verkehr muss wegen Arbeiten zur Eindämmung von Erdrutschen auf der Straße Narayanghat–Muglin gestoppt werden. KATHMANDU: Der Verkehr auf dem Straßenabschnitt Narayanghat–Muglin wird vorübergehend eingestellt, um Hangschneidearbeiten im erdrutschgefährdeten Gebiet Tuin Khola zu erleichtern. Das Straßenamt der Chitwan-Division hat den Auftragnehmer, der für die Eindämmung von Erdrutschen verantwortlich ist, angewiesen …",Traffic to be halted for landslide mitigation work on Narayanghat–Muglin road. KATHMANDU: Traffic along the Narayanghat–Muglin road section will be temporarily suspended to facilitate slope-cutting work at the landslide-prone Tuin Khola area. The Chitwan Division Road Office has instructed the contractor responsible for landslide mitiga…,Negotiatio claudicare ad LAPSUS diminutionis opus in via Narayanghat-Muglin. KATHMANDU: Negotiatio secundum sectionem viarum Narayanghat-Muglin suspendetur ad faciliorem clivum secandum laborem in area prona Tuin Khola. The Chitwan Division Road officium instruxit redemptore author pro LAPSUS mitiga…,2026-07-27 21:08:50+00:00
46f338699c391a2672a95c423e99ec64,2026-07-24T11:52:48Z,'landslide',economictimes.indiatimes.com,en,0.9,Priyanka Gandhi to visit Wayanad landslide site on July 25,Congress MP Priyanka Gandhi Vadra will visit the Wayanad landslide site on July 25. She will reach Kozhikode and travel to Kalladi by road for the visit. Vadra will also meet those injured in the July 7 incident. The disaster occurred at the Anakkampoyil-Mepp…,https://economictimes.indiatimes.com/news/india/priyanka-gandhi-to-visit-wayanad-landslide-site-on-july-25/articleshow/132604599.cms,"https://img.etimg.com/thumb/msid-132604772,width-1200,height-630,imgsize-153234,overlay-economictimes/articleshow.jpg",http://web.archive.org/web/20260725145556/https://economictimes.indiatimes.com/news/india/priyanka-gandhi-to-visit-wayanad-landslide-site-on-july-25/articleshow/132604599.cms,"Wayanad: Congress MP Priyanka Gandhi Vadra will visit the landslide site at Kalladi here on July 25, her first after the disaster that claimed eight lives, party sources said on Friday.The Congress M… [+751 chars]",,Priyanka Gandhi wird am 25. Juli den Erdrutschort Wayanad besuchen. Die Kongressabgeordnete Priyanka Gandhi Vadra wird am 25. Juli den Erdrutschort Wayanad besuchen. Sie wird Kozhikode erreichen und für den Besuch auf der Straße nach Kalladi reisen. Vadra wird auch die Verletzten des Vorfalls vom 7. Juli treffen. Die Katastrophe ereignete sich im Anakkampoyil-Mepp…,Priyanka Gandhi to visit Wayanad landslide site on July 25. Congress MP Priyanka Gandhi Vadra will visit the Wayanad landslide site on July 25. She will reach Kozhikode and travel to Kalladi by road for the visit. Vadra will also meet those injured in the July 7 incident. The disaster occurred at the Anakkampoyil-Mepp…,Priyanka Gandhi ad locum terrae Wayanad visitandum die XXV mensis Iulii. Congressus MP Priyanka Gandhi Vadra visitabit locum terrae Wayanad die XXV Iulii. Kozhikode perveniet et ad Kalladi per viam visitationis proficiscetur. Vadra etiam obviam laesis in die 7 mensis Iulii incident. Clades apud Anakkampoyil-Mepp facta est…,2026-07-27 21:08:50+00:00
f72d3401311f844a65d6110da05795fb,2026-07-24T23:37:23Z,'landslide',punchng.com,en,0.9,I lost four brilliant kids to landslide in one night – C’River mother,"A grieving mother in Calabar, Cross River State, recounts the tragic night she lost four brilliant children to a devastating landslide caused by heavy rain

Read More: https://punchng.com/i-lost-four-brilliant-kids-to-landslide-in-one-night-criver-mother/",https://punchng.com/i-lost-four-brilliant-kids-to-landslide-in-one-night-criver-mother/,https://punchng.com/wp-content/uploads/2026/07/untitled-3_1784929651-1000x630.webp,http://web.archive.org/web/20260725034727/https://punchng.com/i-lost-four-brilliant-kids-to-landslide-in-one-night-criver-mother/,"A grieving mother of seven, Mrs Mercy Edu, from Ikot Anwatim community, Calabar, Cross River State, shares with EMEM JULIUS how she lost four children to a landslide caused by hours of heavy rainfall… [+7818 chars]",,"Ich habe in einer Nacht vier brillante Kinder durch einen Erdrutsch verloren – C’River-Mutter. Eine trauernde Mutter in Calabar im Bundesstaat Cross River erzählt von der tragischen Nacht, in der sie vier brillante Kinder durch einen verheerenden Erdrutsch verlor, der durch starken Regen verursacht wurde

Weiterlesen: https://punchng.com/i-lost-four-brilliant-kids-to-landslide-in-one-night-criver-mother/","I lost four brilliant kids to landslide in one night – C’River mother. A grieving mother in Calabar, Cross River State, recounts the tragic night she lost four brilliant children to a devastating landslide caused by heavy rain

Read More: https://punchng.com/i-lost-four-brilliant-kids-to-landslide-in-one-night-criver-mother/","Quattuor clarissimos haedos perdidi in una nocte prolapsi sunt – matrem C'River. Mater dolorosa in Calabar, Civitatis Cross River, tristissimam noctem narrat, quae quattuor natos splendidos amisit ad ruinam vastandam imbribus.

Lege More: https://punchng.com/i-lost-four-brilliant-kids-to-landslide-in-one-night-criver-mother/",2026-07-27 21:08:50+00:00
7be6e213c22736e3fcca749514a57860,2026-07-26T00:19:59Z,'landslide',english.khabarhub.com,en,0.9,"Flash flood, landslide risk rises as heavy rain expected","KATHMANDU: Monsoon conditions continue to affect Nepal, with heavy rainfall likely at one or two places in the hilly and mountainous areas of Bagmati, Gandaki and Karnali provinces today. According to the Department of Hydrology and Meteorology, the monsoon t…",https://english.khabarhub.com/2026/26/560275/,https://english.khabarhub.com/wp-content/uploads/2025/04/weather-2.jpg,,"KATHMANDU: Monsoon conditions continue to affect Nepal, with heavy rainfall likely at one or two places in the hilly and mountainous areas of Bagmati, Gandaki and Karnali provinces today.
According … [+1974 chars]",,"Sturzflut und Erdrutschgefahr steigen, da starker Regen erwartet wird. KATHMANDU: Monsunbedingungen beeinträchtigen Nepal weiterhin, wobei heute an ein oder zwei Stellen in den Hügel- und Berggebieten der Provinzen Bagmati, Gandaki und Karnali heftige Regenfälle zu erwarten sind. Nach Angaben der Abteilung für Hydrologie und Meteorologie ist die Monsunzeit…","Flash flood, landslide risk rises as heavy rain expected. KATHMANDU: Monsoon conditions continue to affect Nepal, with heavy rainfall likely at one or two places in the hilly and mountainous areas of Bagmati, Gandaki and Karnali provinces today. According to the Department of Hydrology and Meteorology, the monsoon t…","Mico diluvium, LAPSUS periculum surgit, quod pluviae exspectantur. KATHMANDU: Monsoon condiciones Nepal afficere pergunt, cum gravibus pluviis verisimile unum vel alterum in locis montanis et montanis Bagmati, Gandaki et Karnali provinciis hodie. Secundum Department of Hydrologiae et Meteorologiae, monsoon t…",2026-07-27 21:08:50+00:00
b7984d7219b71fdde275eda179bc81ed,2026-07-26T01:20:22Z,'landslide road',english.khabarhub.com,en,0.9,Floods and landslides disrupt traffic on major highways,"KATHMANDU: Floods and landslides triggered by continuous rainfall have disrupted traffic on several major highways and road sections across the country. According to Nepal Police, the nighttime ban on vehicle movement along the BP Highway connecting Kavrepala…",https://english.khabarhub.com/2026/26/560279/,https://english.khabarhub.com/wp-content/uploads/2026/07/Mechi-Highway-bad-road.jpg,,"KATHMANDU: Floods and landslides triggered by continuous rainfall have disrupted traffic on several major highways and road sections across the country.
According to Nepal Police, the nighttime ban … [+1415 chars]",,"Überschwemmungen und Erdrutsche beeinträchtigen den Verkehr auf wichtigen Autobahnen. KATHMANDU: Durch anhaltende Regenfälle ausgelöste Überschwemmungen und Erdrutsche haben den Verkehr auf mehreren wichtigen Autobahnen und Straßenabschnitten im ganzen Land beeinträchtigt. Nach Angaben der nepalesischen Polizei gilt das nächtliche Fahrverbot für Fahrzeuge auf dem BP Highway, der Kavrepala verbindet…","Floods and landslides disrupt traffic on major highways. KATHMANDU: Floods and landslides triggered by continuous rainfall have disrupted traffic on several major highways and road sections across the country. According to Nepal Police, the nighttime ban on vehicle movement along the BP Highway connecting Kavrepala…","Flumina et proruit commercium in maioribus viis perturbare. KATHMANDU: Flumina et ruinae continuae pluviae urgentes negotiationes in pluribus viis maioribus et sectionibus viae per regionem disiecerunt. Secundum Nepal Vigilum, nocturnum bannum in vehiculo per motum BP via Kavrepala connectens…",2026-07-27 21:08:50+00:00
d107665b7685305055a46ca21bf3d9a8,2026-07-26T11:45:51Z,'landslide',english.khabarhub.com,en,0.9,Two bodies recovered after Rolpa landslide,"DANG: The bodies of two people who went missing after being buried in a landslide in Rolpa have been recovered, police said on Sunday. According to the District Police Office, Rolpa, the victims were identified as 51-year-old Asauji Gharti Magar and 36-year-o…",https://english.khabarhub.com/2026/26/560366/,https://english.khabarhub.com/wp-content/uploads/2026/07/IMG_0707.jpeg,,"DANG: The bodies of two people who went missing after being buried in a landslide in Rolpa have been recovered, police said on Sunday.
According to the District Police Office, Rolpa, the victims wer… [+567 chars]",,"Nach dem Erdrutsch in Rolpa wurden zwei Leichen geborgen. ACHTUNG: Die Leichen von zwei Personen, die nach einem Erdrutsch in Rolpa vermisst wurden, wurden geborgen, teilte die Polizei am Sonntag mit. Nach Angaben des Bezirkspolizeiamtes Rolpa wurden die Opfer als der 51-jährige Asauji Gharti Magar und der 36-jährige … identifiziert.","Two bodies recovered after Rolpa landslide. DANG: The bodies of two people who went missing after being buried in a landslide in Rolpa have been recovered, police said on Sunday. According to the District Police Office, Rolpa, the victims were identified as 51-year-old Asauji Gharti Magar and 36-year-o…","Duo corpora post Rolpa proruit. DANG: Corpora duorum hominum qui absentis erant postquam sepulta sunt in lapsus in Rolpa recuperata sunt, vigilum die Dominico dixit. Secundum officium Districtus, Rolpa, victimae asauji Gharti Magar et 36 annos o ... notae sunt ut 51 annos.",2026-07-27 21:08:50+00:00
fcb482a9415eaf26be76d0e2e8b20f10,2026-07-26T17:28:36Z,'landslide road',timesofindia.indiatimes.com,en,0.9,80 hectare of land affected due to landslide across Nashik district,"Heavy rains trigger landslides in Nashik, affecting 80 hectares and 48 farmers; 32 houses damaged, two injured, no deaths; assessments underway.",https://timesofindia.indiatimes.com/city/nashik/80-hectare-of-land-affected-due-to-landslide-across-nashik-district/articleshow/132645476.cms,"https://static.toiimg.com/thumb/msid-132645475,width-1280,height-720,resizemode-6,overlay-toi_sw,pt-32,y_pad-600/photo.jpg",http://web.archive.org/web/20260727023500/https://timesofindia.indiatimes.com/city/nashik/80-hectare-of-land-affected-due-to-landslide-across-nashik-district/articleshow/132645476.cms,"<ul><li>News</li>
<li>80 hectare of land affected due to landslide across Nashik district</li></ul>
Follow Us On Social Media
Naidu cautions TDP leaders against sharing stage with YSRCP leadersDoc… [+1282 chars]",,"80 Hektar Land im gesamten Bezirk Nashik von Erdrutsch betroffen. Heftige Regenfälle lösen Erdrutsche in Nashik aus, von denen 80 Hektar und 48 Bauern betroffen sind; 32 Häuser beschädigt, zwei verletzt, keine Todesfälle; Beurteilungen im Gange.","80 hectare of land affected due to landslide across Nashik district. Heavy rains trigger landslides in Nashik, affecting 80 hectares and 48 farmers; 32 houses damaged, two injured, no deaths; assessments underway.","80 hectare terre affecta ex regione Nashik in LAPSUS. Imbres graves in Nashik proruit, 80 hectares et 48 agricolas afficiens; 32 laesa domorum duo laesa, nulla mortes; censibus comparatis.",2026-07-27 21:08:50+00:00
bb4d46be573fea1dccaf8de982ccbd6c,2026-07-26T19:50:50Z,'landslide',www.nzherald.co.nz,en,0.9,Bay of Plenty MP Tom Rutherford says fresh Mauao slips at deadly site ‘really sad’ for community,"The fatal landslide from January reactivated, prompting road closures.",https://www.nzherald.co.nz/nz/bay-of-plenty-mp-tom-rutherford-says-fresh-mauao-slips-at-deadly-site-really-sad-for-community/46TNOCIZARDALOSYUPWKZNFAUU/,https://www.nzherald.co.nz/resizer/v2/SSJELGIOT5DDZPEMAILMDSQNZM.jpg?auth=a6386cb65bf9731843fbb8c77fecef99d402267367f4594d42cc2be8e20dc559&width=1200&height=675&quality=70&focal=949%2C771&smart=false,http://web.archive.org/web/20260727042032/https://www.nzherald.co.nz/nz/bay-of-plenty-mp-tom-rutherford-says-fresh-mauao-slips-at-deadly-site-really-sad-for-community/46TNOCIZARDALOSYUPWKZNFAUU/,State Highway 73 was closed at the time of the crash last Sunday.,,"Tom Rutherford, Abgeordneter der Bay of Plenty, sagt, frische Mauao-Ausrutscher an tödlicher Stelle seien „wirklich traurig“ für die Gemeinschaft. Der tödliche Erdrutsch vom Januar reaktivierte sich und führte zu Straßensperrungen.","Bay of Plenty MP Tom Rutherford says fresh Mauao slips at deadly site ‘really sad’ for community. The fatal landslide from January reactivated, prompting road closures.","Bay Plenty MP Tom Rutherford dicit nova Mauao lapsus in situ mortifero 'vere tristis' pro communitate. Fatalis ruina ab Ianuario reactivated, via commissuras impellens.",2026-07-27 21:08:50+00:00
6d87c6823fc21c836484baa8bd846c1c,2026-07-17T17:57:21Z,'landslide',www.channelnewsasia.com,en,0.9,"China landslide kills 8, at least 34 missing: officials","A landslide in southwest China's Chongqing killed at least eight people, left 34 missing, and triggered a major rescue operation.",https://www.channelnewsasia.com/world/china-landslide-kills-8-least-34-missing-officials-6261851,"https://dam.mediacorp.sg/image/upload/s--h_yHmOaC--/c_fill,g_auto,h_676,w_1200/fl_relative,g_south_east,l_mediacorp:cna:watermark:2024-04:reuters_1,w_0.1/f_auto,q_auto/v1/one-cms/core/2026-07-17T135429Z_1_LYNXMPEM6G0UL_RTROPTP_3_CHINA-LANDSLIDE.JPG?itok=w9M4LPJ2",http://web.archive.org/web/20260718005133/https://www.channelnewsasia.com/world/china-landslide-kills-8-least-34-missing-officials-6261851,"BEIJING: A landslide in southwest China killed at least eight people and left 34 missing on Friday (Jul 17), local authorities said, with Chinese President Xi Jinping urging comprehensive inspections… [+595 chars]",,"Bei Erdrutsch in China sind 8 Menschen ums Leben gekommen, mindestens 34 werden vermisst: Beamte. Ein Erdrutsch im südwestchinesischen Chongqing tötete mindestens acht Menschen, 34 wurden vermisst und löste eine große Rettungsaktion aus.","China landslide kills 8, at least 34 missing: officials. A landslide in southwest China's Chongqing killed at least eight people, left 34 missing, and triggered a major rescue operation.","Sina LAPSUS necat 8. saltem 34 absentis: magistratus. LAPSUS in meridiem Sinarum Chongqing occidit saltem octo homines, 34 relicto carens, et maiorem operationem liberandi Urguet.",2026-07-28 11:57:05+00:00
ee1ff49dceadc812afffd444e2330110,2026-07-18T14:10:00Z,'landslide',www.newser.com,en,0.9,"8 Dead, Dozens Missing After Landslide in China",Rescue crews on Saturday raced to find survivors from a landslide in the southern Chinese city of Chongqing that killed at least eight people and left 34 missing. The landslide occurred in Pengshui County on Friday morning on the outskirts of the Chongqing mu…,https://www.newser.com/story/393071/8-dead-dozens-missing-after-landslide-in-china.html,https://cdn.newser.com/image/1699456-12-20260718102836.jpeg,http://web.archive.org/web/20260719034302/https://www.newser.com/story/393071/8-dead-dozens-missing-after-landslide-in-china.html,Rescue crews on Saturday raced to find survivors from a landslide in the southern Chinese city of Chongqing that killed at least eight people and left 34 missing. The landslide occurred in Pengshui C… [+2121 chars],,"8 Tote, Dutzende Vermisste nach Erdrutsch in China. Rettungskräfte machten sich am Samstag auf die Suche nach Überlebenden eines Erdrutschs in der südchinesischen Stadt Chongqing, bei dem mindestens acht Menschen ums Leben kamen und 34 vermisst wurden. Der Erdrutsch ereignete sich am Freitagmorgen im Kreis Pengshui am Rande der Stadt Chongqing.","8 Dead, Dozens Missing After Landslide in China. Rescue crews on Saturday raced to find survivors from a landslide in the southern Chinese city of Chongqing that killed at least eight people and left 34 missing. The landslide occurred in Pengshui County on Friday morning on the outskirts of the Chongqing mu…","8 Mortuus, Dozens Absentis Post Landslide in Sina. Eripe nautas die Sabbati currendi ut reliquias ex lapsu urbis Chongqing in Sinensi meridionali invenias, qui saltem octo homines occiderunt et 34 desunt. LAPSUS occurrit in Comitatu Pengshui die Veneris mane in extrema Chongqing mu ...",2026-07-28 11:57:05+00:00
06a441a3c2698fc3423eea1bf233e030,2026-07-20T08:20:14Z,'landslide',newsonjapan.com,en,0.9,Husband and Wife Killed in Ashikaga Landslide,"Two people found dead in a collapsed home following a landslide in Ashikaga, Tochigi Prefecture, have been identified as a married couple in their 60s who lived at the property, city officials said. (News On Japan)",https://newsonjapan.com/article/150027.php,https://i2.ytimg.com/vi/1ELeqz9t5pI/maxresdefault.jpg,http://web.archive.org/web/20260721063419/https://newsonjapan.com/article/150027.php,"TOCHIGI -
 Two people found dead in a collapsed home following a landslide in Ashikaga, Tochigi Prefecture, have been identified as a married couple in their 60s who lived at the property, city offi… [+667 chars]",,"Ehemann und Ehefrau bei Erdrutsch in Ashikaga getötet. Zwei Menschen, die nach einem Erdrutsch in Ashikaga, Präfektur Tochigi, in einem eingestürzten Haus tot aufgefunden wurden, wurden als verheiratetes Paar in den Sechzigern identifiziert, das auf dem Grundstück lebte, sagten Stadtbeamte. (Neuigkeiten über Japan)","Husband and Wife Killed in Ashikaga Landslide. Two people found dead in a collapsed home following a landslide in Ashikaga, Tochigi Prefecture, have been identified as a married couple in their 60s who lived at the property, city officials said. (News On Japan)","Maritus et Uxor in Ashikaga Landslide occiditur. Duo homines mortui reperti in domo collapsa sequentes lapsus in Ashikaga, Praefecturae Tochigi, noti sunt ut coniuges in 60s suis, qui in possessione habitabant, magistratus civitatis dixerunt. (News On Japan)",2026-07-28 11:57:05+00:00
dd27fe4659442c6957c38eb7fd66dd96,2026-07-22T12:01:29Z,'landslide',www.tvinsider.com,en,0.9,World Cup Final Breaks Major Ratings Record,Spain's win over Argentina became the most-watched soccer telecast in U.S. history by a landslide.,https://www.tvinsider.com/1276929/world-cup-final-2026-ratings-record-soccer-united-states-fox/,https://s.yimg.com/lo/mysterio/api/359c343743d90e485568bef181ce7f7fa6077bf8db246873930f2664a0282223/lightyear_networkapi/resizefill_w1200;quality_80;format_webp/https:%2F%2Fmedia.zenfs.com%2Fen%2Ftv_insider_639%2Fa528442e842691ece0874f649137a635,http://web.archive.org/web/20260723094151/https://www.tvinsider.com/1276929/world-cup-final-2026-ratings-record-soccer-united-states-fox/,"The 2026 FIFA World Cup took the United States by storm, and the ratings prove it. Even though the U.S. team was eliminated in the round of 16, the final game of the tournament between Spain and Arge… [+1938 chars]",,WM-Finale bricht wichtigen Einschaltquoten-Rekord. Spaniens Sieg über Argentinien wurde durch einen Erdrutsch zur meistgesehenen Fußballübertragung in der Geschichte der USA.,World Cup Final Breaks Major Ratings Record. Spain's win over Argentina became the most-watched soccer telecast in U.S. history by a landslide.,World Cup Final Breaks Major Ratings Record. Hispania de Argentina conciliandus factus est omnium morbi telecasti in US historia per procursum vigilatum.,2026-07-28 11:57:05+00:00
714488b834e48abe0af2e55241af71c3,2026-07-23T17:29:12Z,'landslide',www.vanguardngr.com,en,0.9,2027: Tinubu’ll win Ondo landslide – Oke,"Dismisses post-primary crisis as threat to APC’s chances By Dayo Johnson, Akure A chieftain of the All Progressives Congress (APC) in Ondo State, Chief Olusola Oke, SAN, has predicted a landslide victory for President Bola Tinubu in the state during the 2027 …",https://www.vanguardngr.com/2026/07/2027-tinubull-win-ondo-landslide-oke/,https://cdn.vanguardngr.com/wp-content/uploads/2026/07/WhatsApp-Image-2026-07-23-at-12.30.08-PM.jpeg,http://web.archive.org/web/20260723183500/https://www.vanguardngr.com/2026/07/2027-tinubull-win-ondo-landslide-oke/,"Dismisses post-primary crisis as threat to APCs chances
By Dayo Johnson, Akure
A chieftain of the All Progressives Congress (APC) in Ondo State, Chief Olusola Oke, SAN, has predicted a landslide vi… [+1743 chars]",,"2027: Tinubu wird Ondo erdrutschartig gewinnen – Oke. Tut Krise nach den Vorwahlen als Bedrohung für die Chancen der APC ab Von Dayo Johnson, Akure Ein Häuptling des All Progressives Congress (APC) im Bundesstaat Ondo, Häuptling Olusola Oke, SAN, hat einen Erdrutschsieg für Präsident Bola Tinubu im Bundesstaat im Jahr 2027 vorhergesagt …","2027: Tinubu’ll win Ondo landslide – Oke. Dismisses post-primary crisis as threat to APC’s chances By Dayo Johnson, Akure A chieftain of the All Progressives Congress (APC) in Ondo State, Chief Olusola Oke, SAN, has predicted a landslide victory for President Bola Tinubu in the state during the 2027 …","2027: Tinubu in terra Ondo vinces – Oke. Dimittit post-primarium discrimen ut minas casusque APC By Dayo Johnson, Akure Princeps Congressus omnium progressivorum (APC) in Ondo State, dux Olusola Oke, SAN, victoriam nuntiat pro Praeside Bola Tinubu in re publica anno MMXXVII.",2026-07-28 11:57:05+00:00
8449511d31b706935d70fbc4fb0cd616,2026-07-24T01:51:21Z,'landslide',punchng.com,en,0.9,"Ondo APC crisis temporary, Tinubu will win landslide — Oke","Chief Olusola Oke (SAN) assures that the Ondo APC crisis will be resolved before 2027, predicting a landslide victory for President Tinubu in the state.

Read More: https://punchng.com/ondo-apc-crisis-temporary-tinubu-will-win-landslide-oke/",https://punchng.com/ondo-apc-crisis-temporary-tinubu-will-win-landslide-oke/,https://punchng.com/wp-content/uploads/2026/07/APC_1783987175-1200x630.webp,http://web.archive.org/web/20260725072642/https://punchng.com/ondo-apc-crisis-temporary-tinubu-will-win-landslide-oke/,"A legal practitioner and chieftain of the All Progressives Congress in Ondo State, Chief Olusola Oke (SAN), on Thursday expressed assurance that the ongoing internal wrangling in the party in the sta… [+2676 chars]",,"Ondo APC-Krise vorübergehend, Tinubu wird Erdrutsch gewinnen – Oke. Chief Olusola Oke (SAN) versichert, dass die APC-Krise in Ondo vor 2027 gelöst sein wird, und prognostiziert einen Erdrutschsieg für Präsident Tinubu im Bundesstaat.

Lesen Sie mehr: https://punchng.com/ondo-apc-crisis-temporary-tinubu-will-win-landslide-oke/","Ondo APC crisis temporary, Tinubu will win landslide — Oke. Chief Olusola Oke (SAN) assures that the Ondo APC crisis will be resolved before 2027, predicting a landslide victory for President Tinubu in the state.

Read More: https://punchng.com/ondo-apc-crisis-temporary-tinubu-will-win-landslide-oke/","Ondo APC discriminis temporalis, Tinubu lapsu feret — Oke. Dux Olusola Oke (SAN) promittit discrimen Ondo APC ante 2027 solutum iri, victoriam nuntians pro praeside Tinubu in re publica.

Lege More: https://punchng.com/ondo-apc-crisis-temporary-tinubu-will-win-landslide-oke/",2026-07-28 11:57:05+00:00
17fe8b052ed3b7203bc7156d31d9de95,2026-07-23T19:01:35Z,'landslide road',timesofindia.indiatimes.com,en,0.9,Heavy rain batters Valsad,"Heavy rain floods Valsad, Gujarat; Umargam gets 684 mm in 12 hours. Bridges damaged, 474 roads shut, 500+ evacuated; one woman killed in landslide.",https://timesofindia.indiatimes.com/city/surat/heavy-rain-batters-valsad/articleshow/132590908.cms,https://static.toiimg.com/photo/msid-47529300/47529300.jpg,http://web.archive.org/web/20260723232450/https://timesofindia.indiatimes.com/city/surat/heavy-rain-batters-valsad/articleshow/132590908.cms,"Follow Us On Social Media
Copyright © 2026 Bennett, Coleman &amp; Co. Ltd. All rights reserved. For reprint rights: Times Syndication Service",,"Heftiger Regen erschüttert Valsad. Starker Regen überschwemmt Valsad, Gujarat; Umargam schafft 684 mm in 12 Stunden. Brücken beschädigt, 474 Straßen gesperrt, über 500 evakuiert; Eine Frau kam bei einem Erdrutsch ums Leben.","Heavy rain batters Valsad. Heavy rain floods Valsad, Gujarat; Umargam gets 684 mm in 12 hours. Bridges damaged, 474 roads shut, 500+ evacuated; one woman killed in landslide.","Imber gravis quatit Valsad. Imbres inundationes Valsad, Gujarat; Umargam DCLXXXIV mm in XII horis accipit. Pontes vexati, 474. viae clausae, 500+ cessere; una mulier occidit in LAPSUS.",2026-07-28 21:05:25+00:00
f69c36da950065ea0ba228a3fdd22a07,2026-07-27T17:18:10Z,'landslide',timesofindia.indiatimes.com,en,0.9,"Neglected roads, landslide debris push Bageshwar villages to the brink","Landslide debris and poor road maintenance in Uttarakhand’s Bageshwar leave Aamkhet and Thakla cut off, disrupting services and fuelling migration.",https://timesofindia.indiatimes.com/city/dehradun/neglected-roads-landslide-debris-push-bageshwar-villages-to-the-brink/articleshow/132667306.cms,"https://static.toiimg.com/thumb/msid-132667303,width-1280,height-720,resizemode-6,overlay-toi_sw,pt-32,y_pad-600/photo.jpg",http://web.archive.org/web/20260727230944/https://timesofindia.indiatimes.com/city/dehradun/neglected-roads-landslide-debris-push-bageshwar-villages-to-the-brink/articleshow/132667306.cms,"<ul><li>News</li>
<li>Neglected roads, landslide debris push Bageshwar villages to the brink</li></ul>
Follow Us On Social Media
Interim relief for Jauhar University: Moradabad divisional commissi… [+1479 chars]",,"Vernachlässigte Straßen und Erdrutschschutt bringen Bageshwar-Dörfer an den Rand des Abgrunds. Erdrutschtrümmer und schlechte Straßeninstandhaltung in Bageshwar in Uttarakhand führen dazu, dass Aamkhet und Thakla abgeschnitten sind, wodurch der Verkehr unterbrochen und die Migration angeheizt wird.","Neglected roads, landslide debris push Bageshwar villages to the brink. Landslide debris and poor road maintenance in Uttarakhand’s Bageshwar leave Aamkhet and Thakla cut off, disrupting services and fuelling migration.","Viae neglectae, LAPSUS strages dis Bageshwar villas ad fauces. Obstantia strages terrae et sustentatio pauperum via in Uttarakhand's Bageshwar abeunt Aamkhet et Thakla abscissa, officia turbantes et migrationes fueling.",2026-07-28 21:05:25+00:00
ad8f715ea518ce1e48b391544541a26d,2026-07-22T20:20:02Z,'landslide',post.rlsbb.cc,en,0.9,The Deep Dark 2023 1080p WEB H264-OUTPOST31,"Gueules noires (original title) – Awards 13 wins & 27 nominations total See more awards »Plot: Miners are forced to take a professor underground with them, to take samples for his measurements. After a landslide prevents them from going back up, they discover…",https://post.rlsbb.cc/the-deep-dark-2023-1080p-web-h264-outpost31/,,,"Gueules noires (original title) – Awards 13 wins &amp; 27 nominations total See more awards »
Plot: Miners are forced to take a professor underground with them, to take samples for his measurements.… [+1481 chars]",,"The Deep Dark 2023 1080p WEB H264-OUTPOST31. Gueules noires (Originaltitel) – Auszeichnungen 13 Siege und 27 Nominierungen insgesamt Weitere Auszeichnungen » Handlung: Bergleute werden gezwungen, einen Professor unter Tage mitzunehmen, um Proben für seine Messungen zu entnehmen. Nachdem ein Erdrutsch sie am Wiederaufstieg hindert, entdecken sie ...","The Deep Dark 2023 1080p WEB H264-OUTPOST31. Gueules noires (original title) – Awards 13 wins & 27 nominations total See more awards »Plot: Miners are forced to take a professor underground with them, to take samples for his measurements. After a landslide prevents them from going back up, they discover…","The deep Dark 2023 1080p WEB H264-OUTPOST31. Gueules noires (original title) - Praemia 13 conciliat & 27 nominationes summas Sedes plura praemia »Plo: Fossores professorem sub terra secum sumere coguntur, pro mensuris suis exempla accipere. Postquam lapsus prohibetur a tergo ascendere, inveniunt.",2026-07-29 11:59:49+00:00
fc99a752818c4a93d1f34b6ae16b484f,2026-07-24T00:08:00Z,'landslide',www.vanguardngr.com,en,0.9,"Collapse after a landslide: Starmer’s fall may not be the last, by Azu Ishiekwene","It was painful to watch him outside No. 10 on Monday. Despite his immaculate suit and well-groomed hair, British Prime Minister Sir Keir Starmer looked like he was facing a public execution. The bespoke podium, which had been in use since David Cameron’s tenu…",https://www.vanguardngr.com/2026/07/collapse-after-a-landslide-starmers-fall-may-not-be-the-last-by-azu-ishiekwene/,https://cdn.vanguardngr.com/wp-content/uploads/2017/01/Azubuike-Ishiekwene-e1719556316775.jpg,http://web.archive.org/web/20260724073952/https://www.vanguardngr.com/2026/07/collapse-after-a-landslide-starmers-fall-may-not-be-the-last-by-azu-ishiekwene/,"It was painful to watch him outside No. 10 on Monday. Despite his immaculate suit and well-groomed hair, British Prime Minister Sir Keir Starmer looked like he was facing a public execution. The besp… [+7283 chars]",,"Zusammenbruch nach einem Erdrutsch: Starmers Sturz könnte nicht der letzte sein, von Azu Ishiekwene. Es war schmerzhaft, ihn am Montag vor der Nummer 10 zu beobachten. Trotz seines makellosen Anzugs und seiner gepflegten Frisur wirkte der britische Premierminister Sir Keir Starmer, als würde ihm eine öffentliche Hinrichtung bevorstehen. Das maßgeschneiderte Podium, das seit David Camerons Amtszeit im Einsatz war …","Collapse after a landslide: Starmer’s fall may not be the last, by Azu Ishiekwene. It was painful to watch him outside No. 10 on Monday. Despite his immaculate suit and well-groomed hair, British Prime Minister Sir Keir Starmer looked like he was facing a public execution. The bespoke podium, which had been in use since David Cameron’s tenu…","Collapsa post proiectum: Starmer casus ultimus esse non potest, per Azu Ishiekwene. Acerbum erat eum extra No. 10 die Lunae vigilare. Quamvis sectam immaculatam et capillos bene comptostos, primus minister Britanniae Sir Keir Starmer videbatur similem esse supplicium contra publicam. Bespoke podium, quod in usu fuerat cum David Cameronis tenu…",2026-07-29 11:59:49+00:00
bd220610c3561a2ed4db7bdcb242e269,2026-07-24T11:41:51Z,'rockfall',economictimes.indiatimes.com,en,0.9,"13 dead, two injured as falling boulders crush moving vehicle in Himachal's Lahaul-Spiti",Thirteen people died after massive boulders fell onto a moving taxi in Himachal Pradesh.  Two occupants of the SUV managed to escape the sudden rockfall.  The vehicle was completely crushed and caught fire following the impact.  Relief and rescue operations a…,https://economictimes.indiatimes.com/news/india/13-dead-two-injured-as-falling-boulders-crush-moving-vehicle-in-himachals-lahaul-spiti/articleshow/132604418.cms,"https://img.etimg.com/thumb/msid-132604515,width-1200,height-630,imgsize-84428,overlay-economictimes/articleshow.jpg",http://web.archive.org/web/20260724123853/https://economictimes.indiatimes.com/news/india/13-dead-two-injured-as-falling-boulders-crush-moving-vehicle-in-himachals-lahaul-spiti/articleshow/132604418.cms,Shimla: Thirteen people were killed while two others had a narrow escape after massive boulders from a nearby hill suddenly fell onto a moving taxi on the Udaipur-Pangi road in Himachal Pradesh's Lah… [+1624 chars],,"13 Tote, zwei Verletzte, als herabfallende Felsbrocken fahrendes Fahrzeug in Himachals Lahaul-Spiti zertrümmern. Dreizehn Menschen starben, nachdem riesige Felsbrocken in Himachal Pradesh auf ein fahrendes Taxi fielen.  Zwei Insassen des SUV konnten dem plötzlichen Steinschlag entkommen.  Das Fahrzeug wurde durch den Aufprall völlig zerstört und fing Feuer.  Hilfs- und Rettungseinsätze …","13 dead, two injured as falling boulders crush moving vehicle in Himachal's Lahaul-Spiti. Thirteen people died after massive boulders fell onto a moving taxi in Himachal Pradesh.  Two occupants of the SUV managed to escape the sudden rockfall.  The vehicle was completely crushed and caught fire following the impact.  Relief and rescue operations a…",13. Mortui duo vulnerati tamquam saxa cadentia comminuunt vehiculi in Himachal Lahaul-Spiti movendo. Tredecim homines mortui sunt postquam magna saxa in motum taxi in Himachal Pradesh ceciderunt.  Duo incolarum SUV saxa repentina effugere curo.  Vehiculum funditus oppressit et sequenti ictum incendium cepit.  Relevium et liberandum operationes a…,2026-07-29 16:20:59+00:00
34d689b2776737d8475bb013d084f6a6,2026-07-17T05:58:48Z,'landslide charity',www.bbc.co.uk,en,0.3,When does Andy Burnham become prime minister? Six key questions answered,He is set to replace Sir Keir Starmer as the UK's PM on Monday after winning Labour's leadership race.,https://www.bbc.co.uk/news/articles/clyv9qe6wj7o,https://ichef.bbci.co.uk/ace/branded_news/1200/cpsprodpb/78e7/live/3e1aa300-8117-11f1-8b8c-8f0447398806.jpg,,"Starmer won a landslide general election victory two years ago - but he began losing public support within weeks of arriving in Downing Street after a series of polcy mis-steps and U-turns.
The fina… [+1160 chars]",,"Wann wird Andy Burnham Premierminister? Sechs Schlüsselfragen beantwortet. Er wird am Montag Sir Keir Starmer als britischen Premierminister ablösen, nachdem er Labours Rennen um die Führung gewonnen hat.",When does Andy Burnham become prime minister? Six key questions answered. He is set to replace Sir Keir Starmer as the UK's PM on Monday after winning Labour's leadership race.,Quando Andy Burnham primus minister factus est? Sex quaestiones clavis respondit. Constitutus est ut Sir Keir Starmer reponeret ut in UK PM die Lunae post genus ductus Laboris conciliatus.,2026-07-29 20:54:22+00:00
02f2028c8bc82b9574ff52410964c34f,2026-07-17T16:37:34Z,'landslide',www.aljazeera.com,en,0.9,"Eight killed, at least 34 missing after landslide in China’s Chongqing","Landslide has buried homes and forced more than 1,100 people to evacuate.",https://www.aljazeera.com/news/2026/7/17/eight-killed-at-least-34-missing-after-landslide-in-chinas-chongqing,https://www.aljazeera.com/wp-content/uploads/2026/07/afp_6a5a4f941a53-1784303508.jpg?resize=1920%2C1440,,"Rescuers are rushing to locate dozens of people missing in the southwestern Chinese city of Chongqing, after a deadly landslide buried homes in the area, according to Chinese authorities.
The landsl… [+1876 chars]",,"Acht Tote, mindestens 34 Vermisste nach Erdrutsch im chinesischen Chongqing. Der Erdrutsch hat Häuser begraben und mehr als 1.100 Menschen zur Evakuierung gezwungen.","Eight killed, at least 34 missing after landslide in China’s Chongqing. Landslide has buried homes and forced more than 1,100 people to evacuate.","Octo occisus, saltem 34 defuit post LAPSUS in Sinis Chongqing. LAPSUS domos abdidit et plus quam 1,100 homines decedere coegit.",2026-07-29 20:54:22+00:00
b69966277cf6fdde18a6c6d290f4a6f6,2026-07-18T00:33:59Z,'landslide',www.aljazeera.com,en,0.9,Landslide in southwest China kills eight and leaves 34 missing,A landslide on the outskirts of the southwestern Chinese city of Chongqing has killed at least eight and left 34 missing,https://www.aljazeera.com/video/newsfeed/2026/7/18/landslide-in-southwest-china-kills-eight-and-leaves-34-missing,https://www.aljazeera.com/wp-content/uploads/2026/07/2026-07-17T135216Z_695478774_RC2JFMAF1BQ3_RTRMADP_3_CHINA-LANDSLIDE_1_1_optimized_5000-1784334762.jpg?resize=1920%2C1440,,"NewsFeed
A landslide on the outskirts of the southwestern Chinese city of Chongqing has killed at least eight people and left 34 missing. 10 residential buildings have been buried, forcing more than… [+33 chars]",,"Bei einem Erdrutsch im Südwesten Chinas kommen acht Menschen ums Leben, 34 werden vermisst. Bei einem Erdrutsch am Rande der südwestchinesischen Stadt Chongqing sind mindestens acht Menschen getötet und 34 vermisst worden",Landslide in southwest China kills eight and leaves 34 missing. A landslide on the outskirts of the southwestern Chinese city of Chongqing has killed at least eight and left 34 missing,Landslide in Sina meridiem occidentem octingenta necat et folia 34 desunt. A Chongqing urbem Chongqing LAPSUS ad meridiem usque ad meridiem occidit saltem octo et reliquit XXXIV defuit,2026-07-29 20:54:22+00:00
7d9daf5ffee19726890353c61ae97d16,2026-07-20T07:25:18Z,'landslide',consent.yahoo.com,en,0.9,Chinese rescuers use explosives to clear boulders trapping landslide victims,,https://consent.yahoo.com/v2/collectConsent?sessionId=1_cc-session_4cf91b23-7f79-4e10-ba28-0620f169fc0f,,,"If you click 'Accept all', we and our partners, including 250 who are part of the IAB Transparency &amp; Consent Framework, will also store and / or access information on a device (in other words, us… [+1046 chars]",,"Chinesische Retter setzen Sprengsätze ein, um Felsbrocken zu räumen, in denen Erdrutschopfer eingeschlossen sind. Keiner",Chinese rescuers use explosives to clear boulders trapping landslide victims. None,Sinenses salvatores explosives utuntur ad clarissimas petras captandas victimas LAPSUS. Nullus,2026-07-29 20:54:22+00:00
8b75f29bd4fc6fe8450b80f03b48bde2,2026-07-18T16:15:49Z,'landlide climate change',english.khabarhub.com,en,0.2,Today’s News in a Nutshell,"KATHMANDU: Khabarhub brings you a glimpse of major developments of the day in Nepal, including politics, business/economy, sports, entertainment, and more. NC to mark BP Memorial Day with Green Run, Climate Dialogue The Nepali Congress (NC) has announced vari…",https://english.khabarhub.com/2026/18/559224/,https://english.khabarhub.com/wp-content/uploads/2024/05/News-Nutshell.jpg,,"KATHMANDU: Khabarhub brings you a glimpse of major developments of the day in Nepal, including politics, business/economy, sports, entertainment, and more.
NC to mark BP Memorial Day with Green Run,… [+8655 chars]",,"Die heutigen Nachrichten in Kürze. KATHMANDU: Khabarhub gibt Ihnen einen Einblick in die wichtigsten aktuellen Entwicklungen in Nepal, darunter Politik, Wirtschaft, Sport, Unterhaltung und mehr. NC feiert den BP Memorial Day mit Green Run und Klimadialog Der Nepali Congress (NC) hat verschiedene… angekündigt","Today’s News in a Nutshell. KATHMANDU: Khabarhub brings you a glimpse of major developments of the day in Nepal, including politics, business/economy, sports, entertainment, and more. NC to mark BP Memorial Day with Green Run, Climate Dialogue The Nepali Congress (NC) has announced vari…","Hodie News in Nutshell. KATHMANDU: Khabarhub in Nepal, in re politica, negotia/economia, ludi, ludi, spectacula, et plura adducit. NC notare BP Memorial Diem cum Viride Run, Clima Dialogus Congressus Nepalica (NC) vari…nuntiavit.",2026-07-30 02:10:15+00:00
567963c86bf0eedde4e598c6028a471e,2026-07-19T01:30:07Z,'landslide',english.khabarhub.com,en,0.9,"Rain disrupts highways, some roads closed during night hours","KATHMANDU: Continuous rainfall has affected several highways across the country, with floods and landslides disrupting traffic movement. Some road sections have been completely blocked, while nighttime travel restrictions have been imposed on others due to sa…",https://english.khabarhub.com/2026/19/559258/,https://english.khabarhub.com/wp-content/uploads/2025/08/Landslide-Muglin-Narayangadh.jpg,,"KATHMANDU: Continuous rainfall has affected several highways across the country, with floods and landslides disrupting traffic movement. Some road sections have been completely blocked, while nightti… [+1309 chars]",,"Regen beeinträchtigt die Autobahnen, einige Straßen sind nachts gesperrt. KATHMANDU: Anhaltende Regenfälle haben mehrere Autobahnen im ganzen Land beeinträchtigt, wobei Überschwemmungen und Erdrutsche den Verkehrsfluss beeinträchtigt haben. Einige Straßenabschnitte wurden komplett gesperrt, während auf anderen aufgrund der Brandgefahr nächtliche Reisebeschränkungen verhängt wurden.","Rain disrupts highways, some roads closed during night hours. KATHMANDU: Continuous rainfall has affected several highways across the country, with floods and landslides disrupting traffic movement. Some road sections have been completely blocked, while nighttime travel restrictions have been imposed on others due to sa…","Pluviis vias disruptas, nonnullae viae noctu horis clausae. KATHMANDU: Imbribus continuis varias vias per patriam adfecit, cum inundationes et ruinas motus negotiationis perturbantes. Quaedam sectiones viarum omnino obstructae sunt, dum nocturnum iter restrictiones aliis ob sa…",2026-07-30 02:10:15+00:00
4d4352cba3397a998bd0c06a6825ea6f,2026-07-19T08:45:00Z,'landslide road',peoplesreview.com.np,en,0.9,Heavy rain shuts major highways across Nepal,"Kathmandu, July 19: Continuous rainfall, along with the resulting floods and landslides, has disrupted traffic on several major highways across Nepal. According to the latest data from Nepal Police, roads in Koshi, Bagmati, Gandaki and Lumbini provinces have …",https://peoplesreview.com.np/2026/07/19/heavy-rain-shuts-major-highways-across-nepal/,https://peoplesreview.com.np/wp-content/uploads/2026/07/raj.jpg,,"Kathmandu, July 19: Continuous rainfall, along with the resulting floods and landslides, has disrupted traffic on several major highways across Nepal.
According to the latest data from Nepal Police,… [+1372 chars]",,"Heftiger Regen sperrt wichtige Autobahnen in ganz Nepal. Kathmandu, 19. Juli: Anhaltende Regenfälle sowie die daraus resultierenden Überschwemmungen und Erdrutsche haben den Verkehr auf mehreren wichtigen Autobahnen in ganz Nepal gestört. Nach den neuesten Daten der nepalesischen Polizei sind Straßen in den Provinzen Koshi, Bagmati, Gandaki und Lumbini …","Heavy rain shuts major highways across Nepal. Kathmandu, July 19: Continuous rainfall, along with the resulting floods and landslides, has disrupted traffic on several major highways across Nepal. According to the latest data from Nepal Police, roads in Koshi, Bagmati, Gandaki and Lumbini provinces have …","Imber gravis vias maioris trans Nepalia claudit. Kathmandu, Iulii 19: Imbres continui, cum inundationibus et prolapsionibus provenientes, mercaturam in pluribus viis maioribus trans Nepaliam disruperunt. Secundum recentissima notitia ex Police Nepal, itinera Koshi, Bagmati, Gandaki et Lumbini provincias habent …",2026-07-30 02:10:15+00:00
618c703c0c9eb4df7343f39286c6fc6a,2026-07-29T03:40:05Z,'landslide rain',english.khabarhub.com,en,0.9,"Landslides, floods and rain disrupt traffic on highways","KATHMANDU: Continuous rainfall, landslides, and flooding have disrupted vehicular movement on major highways and road sections in several districts across the country. According to Nepal Police, some roads have been completely blocked, while night-time vehicl…",https://english.khabarhub.com/2026/29/560775/,https://english.khabarhub.com/wp-content/uploads/2026/05/Landslide-Muglin.jpg,,"KATHMANDU: Continuous rainfall, landslides, and flooding have disrupted vehicular movement on major highways and road sections in several districts across the country.
According to Nepal Police, som… [+1700 chars]",,"Erdrutsche, Überschwemmungen und Regen beeinträchtigen den Verkehr auf Autobahnen. KATHMANDU: Anhaltende Regenfälle, Erdrutsche und Überschwemmungen haben den Fahrzeugverkehr auf wichtigen Autobahnen und Straßenabschnitten in mehreren Bezirken im ganzen Land beeinträchtigt. Nach Angaben der nepalesischen Polizei wurden einige Straßen vollständig blockiert, während nachts Fahrzeuge unterwegs waren.","Landslides, floods and rain disrupt traffic on highways. KATHMANDU: Continuous rainfall, landslides, and flooding have disrupted vehicular movement on major highways and road sections in several districts across the country. According to Nepal Police, some roads have been completely blocked, while night-time vehicl…","Procursus, flumina et pluviae commercium in viis perturbant. KATHMANDU: Imbres continui, ruinae et inundationes motus vehiculares in maioribus viis et sectionibus viae in pluribus regionibus per regionem disiecerunt. Iuxta Vigilum Nepal, quaedam viae totaliter obstructae sunt, dum tempus nocturnum vehitur...",2026-07-31 11:58:51+00:00
5ff9566faed652241d71d21ad42f24eb,2026-07-29T17:10:02Z,'landslide',economictimes.indiatimes.com,en,0.9,"Nagaland landslide kills two siblings, injures mother after heavy rain",Two brothers died in a landslide in Nagaland's Mokokchung town after heavy rains.  Assam's flood death toll has now reached seventy-five people.  The state government increased ex-gratia compensation for deceased flood victims.  Many displaced people are taki…,https://economictimes.indiatimes.com/news/india/nagaland-landslide-kills-two-siblings-injures-mother-after-heavy-rain/articleshow/132718129.cms,"https://img.etimg.com/thumb/msid-132718123,width-1200,height-630,imgsize-21810,overlay-economictimes/articleshow.jpg",,Guwahati: Two people were killed and their mother injured after a rain-triggered landslide in Nagalands Mokokchung town on Wednesday.The victims were identified as Muwalong Sangtam and Thridiba Sangt… [+2756 chars],,Erdrutsch in Nagaland tötet zwei Geschwister und verletzt Mutter nach starkem Regen. Zwei Brüder kamen nach heftigen Regenfällen bei einem Erdrutsch in der Stadt Mokokchung in Nagaland ums Leben.  Die Zahl der Todesopfer bei der Überschwemmung in Assam liegt inzwischen bei 75 Menschen.  Die Landesregierung erhöhte die freiwillige Entschädigung für verstorbene Flutopfer.  Viele Vertriebene werden entführt…,"Nagaland landslide kills two siblings, injures mother after heavy rain. Two brothers died in a landslide in Nagaland's Mokokchung town after heavy rains.  Assam's flood death toll has now reached seventy-five people.  The state government increased ex-gratia compensation for deceased flood victims.  Many displaced people are taki…","Nagaland LAPSUS duas siblings necat, matrem laedat post pluviam gravem. Duo fratres mortui sunt in LAPSA in oppido Nagalandi Mokokchung post imbribus.  Mortui Assam inundatio vectigal iam septuaginta quinque homines pervenerunt.  Publica gubernatio aucta est ex- gratia mercedis inundationis victimarum defunctorum.  Multi moti sunt taki…",2026-07-31 11:58:51+00:00
107f06c9b737f66fe08621cc003f595f,2026-07-30T03:48:18Z,'landslide',economictimes.indiatimes.com,en,0.9,"Heavy rain swells Uttarakhand rivers, Char Dham Yatra remains suspended","Heavy rains caused major Uttarakhand rivers to swell significantly on Wednesday. Authorities suspended the Char Dham Yatra and are battling numerous road blockages from landslides. Several rivers, including Ganga and Alaknanda, are flowing near warning levels…",https://economictimes.indiatimes.com/news/india/heavy-rain-swells-uttarakhand-rivers-char-dham-yatra-remains-suspended/articleshow/132726297.cms,"https://img.etimg.com/thumb/msid-132726312,width-1200,height-630,imgsize-315052,overlay-economictimes/articleshow.jpg",,"Dehradun: Major rivers across Uttarakhand, including the Ganga, swelled after incessant rain on Wednesday, forcing authorities to suspend the Char Dham Yatra and battle landslides that blocked 109 ro… [+1836 chars]",,"Starker Regen lässt die Flüsse Uttarakhands anschwellen, Char Dham Yatra bleibt ausgesetzt. Heftige Regenfälle ließen am Mittwoch große Flüsse in Uttarakhand stark anschwellen. Die Behörden haben die Char Dham Yatra gesperrt und kämpfen mit zahlreichen Straßenblockaden aufgrund von Erdrutschen. Mehrere Flüsse, darunter Ganga und Alaknanda, fließen nahe der Warnstufe …","Heavy rain swells Uttarakhand rivers, Char Dham Yatra remains suspended. Heavy rains caused major Uttarakhand rivers to swell significantly on Wednesday. Authorities suspended the Char Dham Yatra and are battling numerous road blockages from landslides. Several rivers, including Ganga and Alaknanda, are flowing near warning levels…","Imber gravis Uttarakhand tumet flumina, Char Dham Yatra suspensus manet. Imbres pluviae maiores Uttarakhand flumina die Mercurii signanter intumescebant. Auctoritates Char Dham Yatra suspenderunt et in itinere frequentes impedimenta proruit. Flumina complura, inter Ganga et Alaknanda, fluunt prope gradus admonitionis…",2026-07-31 11:58:51+00:00
0f36c5247b46aaba4971f3f35438aa94,2026-07-30T11:00:00Z,'rock fall',www.cbc.ca,en,0.9,"Highway near Canmore, Kananaskis targeting mid-August reopening after rockfall","A popular stretch of highway that lets people access Kananaskis Country through Canmore, Alta., could be open by the middle of August after a rockfall has left it closed for two months.",https://www.cbc.ca/news/canada/calgary/kananaskis-country-spray-lakes-road-rockfall-9.7286376,"https://i.cbc.ca/ais/b272160b-38d4-44cd-92c4-53e45d2a1f6c,1785374019138/full/max/0/default.jpg?im=Crop%2Crect%3D%280%2C192%2C2048%2C1152%29%3BResize%3D620",,"A popular stretch of highway accessing Kananaskis Country through Canmore could reopen by the middle of August after a rockfall has left it closed for two months.
Alberta's Ministry of Transportatio… [+2879 chars]",,"Autobahn in der Nähe von Canmore, Kananaskis, soll nach Steinschlag Mitte August wieder geöffnet werden. Ein beliebter Autobahnabschnitt, der den Menschen den Zugang zum Kananaskis Country über Canmore, Alta, ermöglicht, könnte Mitte August geöffnet sein, nachdem er aufgrund eines Steinschlags zwei Monate lang gesperrt war.","Highway near Canmore, Kananaskis targeting mid-August reopening after rockfall. A popular stretch of highway that lets people access Kananaskis Country through Canmore, Alta., could be open by the middle of August after a rockfall has left it closed for two months.","Via prope Canmore, Kananaskis medium Augustum rescindere post rockfall. Popularis viae tractus, qui aditum Kananaskis Patriae per Canmore, Alta., per Canmore, Alta., populo aditum patere potuit, medio Augusto postquam scopulus duos menses clausos reliquit.",2026-07-31 16:44:38+00:00
63a809ae04260dec354bc06e6f2ddef0,2026-07-18T09:02:49Z,'landslide',nypost.com,en,0.9,China landslide kills at least 8 as rescuers race to find survivors in rain,"One of the fallen rocks appeared larger than a multistory building, with ruins scattered across the steep terrain.",https://nypost.com/2026/07/18/world-news/china-landslide-kills-at-least-8-as-rescuers-race-to-find-survivors-in-the-rain/,https://nypost.com/wp-content/uploads/sites/2/2026/07/newspress-collage-ymbhov2yo-1784363265806.jpg?quality=75&strip=all&1784348968&w=1200,http://web.archive.org/web/20260718104244/https://nypost.com/2026/07/18/world-news/china-landslide-kills-at-least-8-as-rescuers-race-to-find-survivors-in-the-rain/,"Rescue crews on Saturday raced to find survivors from a landslide in the southwestern Chinese city of Chongqing that killed at least eight people and left 34 missing.
The landslide occurred in Pengs… [+2501 chars]",,"Bei einem Erdrutsch in China kommen mindestens acht Menschen ums Leben, während Rettungskräfte im Regen nach Überlebenden suchen. Einer der umgestürzten Felsen schien größer als ein mehrstöckiges Gebäude zu sein, und die Ruinen waren über das steile Gelände verstreut.","China landslide kills at least 8 as rescuers race to find survivors in rain. One of the fallen rocks appeared larger than a multistory building, with ruins scattered across the steep terrain.","Sina in LAPSUS necat saltem VIII quasi servatores generis ut superstites in pluvia inveniantur. Una e saxorum lapsorum maior quam multis structio visa est, cum per arduos locorum ruinae sparsae.",2026-07-31 21:03:00+00:00
15d78431e7baa834f25fe4f780945809,2026-07-18T10:41:03Z,'landslide rain',www.dailymail.com,en,0.9,Moment terrifying landslide engulfs street in China and kills eight with 34 more missing as resuers race to reach survivors,"A massive landslide swept through a street in China, killing at least eight people and leaving 34 unaccounted for.",https://www.dailymail.com/news/article-15986999/Moment-terrifying-landslide-engulfs-street-China-kills-eight-34-missing-resuers-race-reach-survivors.html,https://i.dailymail.com/1s/2026/07/18/11/110100539-0-image-m-37_1784371054074.jpg,http://web.archive.org/web/20260719034106/https://www.dailymail.com/news/article-15986999/Moment-terrifying-landslide-engulfs-street-China-kills-eight-34-missing-resuers-race-reach-survivors.html,"A massive landslide swept through a street in China, killing at least eight people and leaving 34 unaccounted for. 
The landslide occurred in the southwestern Chinese city of Chongqing on Friday mor… [+2931 chars]",,"Ein schrecklicher Erdrutsch erschüttert eine Straße in China und fordert acht Todesopfer. 34 weitere werden vermisst, während Rettungskräfte um die Überlebenden kämpfen. Ein gewaltiger Erdrutsch erschütterte eine Straße in China, wobei mindestens acht Menschen ums Leben kamen und 34 vermisst blieben.","Moment terrifying landslide engulfs street in China and kills eight with 34 more missing as resuers race to reach survivors. A massive landslide swept through a street in China, killing at least eight people and leaving 34 unaccounted for.","Momento terribili in Sinis vicum prolapsum inundat et octo cum 34 plus deest ut resuersorum generis ad superstites necat. Lapsus ingens per vicum in Sinis versatus est, occisis saltem octo hominibus et 34 sine causa relinquens.",2026-07-31 21:03:00+00:00
4194ece4f2eb1c807c9b5cab94392814,2026-07-18T10:41:36Z,'landslide',abcnews.com,en,0.9,Rescuers race to find survivors in the rain after a landslide in China kills at least 8,Rescue crews are racing against the clock to find survivors after a landslide in the southwestern Chinese city of Chongqing killed at least eight people and left 34 missing,https://abcnews.com/International/wireStory/rescuers-race-find-survivors-rain-after-landslide-china-134869169,https://i.abcnewsfe.com/a/5af8cada-b047-4010-9f1b-9e736002f447/wirestory_270b9a953c7e9daa09ccc955bef34e5e_16x9.jpg?w=1600,http://web.archive.org/web/20260719023000/https://abcnews.com/International/wireStory/rescuers-race-find-survivors-rain-after-landslide-china-134869169,"CHONGQING, China -- Rescue crews on Saturday raced to find survivors from a landslide in the southwestern Chinese city of Chongqing that killed at least eight people and left 34 missing. 
The landsl… [+2330 chars]",,"Rettungskräfte rennen im Regen um Überlebende, nachdem bei einem Erdrutsch in China mindestens acht Menschen ums Leben kamen. Rettungsmannschaften kämpfen gegen die Zeit, um Überlebende zu finden, nachdem bei einem Erdrutsch in der südwestlichen chinesischen Stadt Chongqing mindestens acht Menschen ums Leben kamen und 34 vermisst wurden",Rescuers race to find survivors in the rain after a landslide in China kills at least 8. Rescue crews are racing against the clock to find survivors after a landslide in the southwestern Chinese city of Chongqing killed at least eight people and left 34 missing,Rescuers genus ad residuos in pluvia post LAPSUS in Sinis necat saltem 8. Liberare nautae currentes contra horologium ut superstites inveniantur post LAPSUS in urbe Chongqing Sinensium meridiem occisorum saltem octo homines et 34 absentes reliquerunt.,2026-07-31 21:03:00+00:00
c5c1c7ca38631b87b63d4db1a4eb9d0a,2026-07-19T04:53:50Z,'landslide',abcnews.com,en,0.9,Rescuers in China search the rubble for survivors of landslide that killed 8 and left 34 missing,Rescue crews are using excavators on Sunday to search the rubble for survivors of a landslide in the southwestern Chinese city of Chongqing that killed at least eight people and left another 34 missing,https://abcnews.com/International/wireStory/rescuers-china-search-rubble-survivors-landslide-killed-8-134886911,https://i.abcnewsfe.com/a/e0d4adc5-f290-4cbc-8864-3eb866bcfae1/wirestory_bd443c1fc952b1cc073cd03f054dc9ff_16x9.jpg?w=1600,http://web.archive.org/web/20260720042201/https://abcnews.com/International/wireStory/rescuers-china-search-rubble-survivors-landslide-killed-8-134886911,"CHONGQING, China -- Rescue crews used excavators on Sunday to comb through the rubble in search of survivors from a landslide in the southwestern Chinese city of Chongqing that killed at least eight … [+1921 chars]",,"Retter in China durchsuchen die Trümmer nach Überlebenden eines Erdrutschs, bei dem acht Menschen ums Leben kamen und 34 vermisst wurden. Rettungskräfte suchen am Sonntag mit Baggern in den Trümmern nach Überlebenden eines Erdrutschs in der südwestchinesischen Stadt Chongqing, bei dem mindestens acht Menschen ums Leben kamen und weitere 34 vermisst wurden",Rescuers in China search the rubble for survivors of landslide that killed 8 and left 34 missing. Rescue crews are using excavators on Sunday to search the rubble for survivors of a landslide in the southwestern Chinese city of Chongqing that killed at least eight people and left another 34 missing,Resutores in Sinis rudera quaerere pro reliquiis in terra ruinae quae occubuit 8 et 34 desunt. Eripe nautae excavatis die Dominico utantur ad investigandum rudera pro reliquiis lapsu in urbe Chongqing Sinensi meridiem occidentalem occisorum saltem octo homines et alium 34 absentis reliquerunt.,2026-07-31 21:03:00+00:00
264b8dcecf08cb8212ae05ee1de93dbb,2026-07-19T05:15:33Z,'landslide rain',www.channelnewsasia.com,en,0.9,Rescuers race to find survivors after landslide in southwest China's Chongqing,"Even as rain eased slightly, unstable wet weather conditions have made the search and rescue operation more challenging, officials said.",https://www.channelnewsasia.com/east-asia/china-chongqing-landslide-rescue-operation-weather-challenging-6263526,"https://dam.mediacorp.sg/image/upload/s--AsRDaSd4--/c_fill,g_auto,h_676,w_1200/fl_relative,g_south_east,l_mediacorp:cna:watermark:2024-04:reuters_1,w_0.1/f_auto,q_auto/v1/one-cms/core/2026-07-17T135429Z_1_LYNXMPEM6G0UM_RTROPTP_3_CHINA-LANDSLIDE.JPG?itok=SI7lXGAw",http://web.archive.org/web/20260719211041/https://www.channelnewsasia.com/east-asia/china-chongqing-landslide-rescue-operation-weather-challenging-6263526,"While rescue operations are being carried out on one side of the massive rocks, teams will later need to look beneath them, where they may risk injury if the boulders become unstable and slide, CCTV … [+985 chars]",,"Retter suchen nach einem Erdrutsch im südwestchinesischen Chongqing nach Überlebenden. Obwohl der Regen etwas nachließ, machten instabile nasse Wetterbedingungen die Such- und Rettungsaktion schwieriger, sagten Beamte.","Rescuers race to find survivors after landslide in southwest China's Chongqing. Even as rain eased slightly, unstable wet weather conditions have made the search and rescue operation more challenging, officials said.","Rescuers genus ad inveniendum residuos post LAPSUS in meridiem Sinarum scriptor Chongqing. Etiam pluviae modice sedati, tempestatum humidae instabiles condiciones facto inquisitionem et operationem provocandam fecerunt, magistratus dixerunt.",2026-07-31 21:03:00+00:00
a02be3b04081a775692289236ac151f3,2026-07-31T14:20:25Z,'landslide',www.theatlantic.com,en,0.9,Climate Change Is Destabilizing the Ground Beneath Our Feet,"Mountains are shifting, permafrost is melting, and the risk of landslides is rising.",https://www.theatlantic.com/science/2026/07/climate-change-land/688129/,https://cdn.theatlantic.com/thumbor/morkNd9DuZcj9New2Jz4hVCqY-c=/0x61:2876x1559/1200x625/media/img/mt/2026/07/2026_07_22_Unstable_ground/original.jpg,http://web.archive.org/web/20260801035140/https://www.theatlantic.com/science/2026/07/climate-change-land/688129/,"On geologic timescales, the Earth is a dynamic place. Tectonic plates shift. Continents move. Mountains rise and fall. But during humanity’s tenure on Earth, the ground beneath our feet has largely s… [+8491 chars]",,"Der Klimawandel destabilisiert den Boden unter unseren Füßen. Berge verschieben sich, der Permafrost schmilzt und die Gefahr von Erdrutschen steigt.","Climate Change Is Destabilizing the Ground Beneath Our Feet. Mountains are shifting, permafrost is melting, and the risk of landslides is rising.","Clima Mutatio Destabilizing Ground Sub Our Pedes. Montes vagantur, permafrost tabescunt, et periculum proruit oritur.",2026-08-01 20:50:15+00:00
f4de7918907eceef3d83e2fbf44debee,2026-07-30T17:48:00Z,'landslide',www.channelnewsasia.com,en,0.9,"Death toll from China landslide rises to 51, 10 missing: authorities","A large-scale rescue operation is continuing after more than 1,100 residents were safely evacuated.",https://www.channelnewsasia.com/world/china-landslide-death-toll-chongqing-missing-rescue-6289226,"https://dam.mediacorp.sg/image/upload/s--dRQw1gmT--/c_fill,g_auto,h_676,w_1200/f_auto,q_auto/v1/mediacorp/cna/image/2026/07/31/000_c2gm2en.jpg?itok=GKEIWgJo",http://web.archive.org/web/20260730212652/https://www.channelnewsasia.com/world/china-landslide-death-toll-chongqing-missing-rescue-6289226,"BEIJING: The death toll from a landslide in southwestern China earlier this month rose to 51, with 10 people still missing, authorities said Thursday (Jul 30).
The landslide, which occurred on Jul 1… [+895 chars]",,"Zahl der Todesopfer durch Erdrutsch in China steigt auf 51, 10 werden vermisst: Behörden. Eine groß angelegte Rettungsaktion wird fortgesetzt, nachdem mehr als 1.100 Bewohner sicher evakuiert wurden.","Death toll from China landslide rises to 51, 10 missing: authorities. A large-scale rescue operation is continuing after more than 1,100 residents were safely evacuated.","Mortuus vectigal e Sinis LAPSUS exoritur 51, 10 missing: potestates. Magna-scalae operationis liberandae continuatur postquam plus quam 1,100 incolas tuto emittitur.",2026-08-02 07:31:05+00:00
854e9ba6006a49cf646c264d9e7b2709,2026-07-30T20:44:26Z,'landslide',researchbuzz.me,en,0.9,"American Landslide Risk, Comedy Fee Tracker, Bing Earnings, More: Thursday Afternoon ResearchBuzz, July 30, 2026",NEW RESOURCES University of Washington: 6.5 million Americans face landslide risks — a new database shows where they live. “The new Landslide Exposure Database is the first resource to map building-level landslide […],https://researchbuzz.me/2026/07/30/american-landslide-risk-comedy-fee-tracker-bing-earnings-more-thursday-afternoon-researchbuzz-july-30-2026/,https://s0.wp.com/_si/?t=eyJpbWciOiJodHRwczpcL1wvczAud3AuY29tXC9pXC9ibGFuay5qcGciLCJ0eHQiOiJSZXNlYXJjaEJ1enoiLCJ0ZW1wbGF0ZSI6ImhpZ2h3YXkiLCJmb250IjoiIiwiYmxvZ19pZCI6NDMyODc1Nn0.BjdcPIDlw4ZG0Ki13B-quwxnrzAxn9iB5rJXagRMNlcMQ,http://web.archive.org/web/20260801013548/https://researchbuzz.me/2026/07/30/american-landslide-risk-comedy-fee-tracker-bing-earnings-more-thursday-afternoon-researchbuzz-july-30-2026/,"NEW RESOURCES 
University of Washington: 6.5 million Americans face landslide risks a new database shows where they live. “The new Landslide Exposure Database is the first resource to map building-l… [+4370 chars]",,"Amerikanisches Erdrutschrisiko, Comedy Fee Tracker, Bing Earnings, Mehr: Thursday Afternoon ResearchBuzz, 30. Juli 2026. NEUE RESSOURCEN University of Washington: 6,5 Millionen Amerikaner sind dem Risiko eines Erdrutschs ausgesetzt – eine neue Datenbank zeigt, wo sie leben. „Die neue Landslide Exposure Database ist die erste Ressource, die Erdrutsche auf Gebäudeebene kartiert […]","American Landslide Risk, Comedy Fee Tracker, Bing Earnings, More: Thursday Afternoon ResearchBuzz, July 30, 2026. NEW RESOURCES University of Washington: 6.5 million Americans face landslide risks — a new database shows where they live. “The new Landslide Exposure Database is the first resource to map building-level landslide […]","American Landslide Risk, Comoedia Fee Tracker, Bing CAPTURA, More: Die Lunae Post meridiem ResearchBuzz, die 30 Iulii 2026. NOVAE RESOURCES University of Washington: 6.5 decies centena millia Americani pericula facie terrae - novum datorum ostendit ubi vivunt. ""Novus Landslides Patefacio Database prima resource fabricae-gradu ad tabulam LAPSA […]",2026-08-02 07:31:05+00:00
c67d2a2b512a9e8409d2ad86dde3fa2e,2026-07-28T06:39:25Z,'landslide',www.abc.net.au,en,0.9,Body pulled from landslide at Solomon Islands gold mine,A man's body has been recovered from the site of a landslide at Solomon Islands's only large-scale gold mine.,https://www.abc.net.au/news/2026-07-28/solomon-islands-gold-ridge-mine-landslide/106966620,https://live-production.wcms.abc-cdn.net.au/d9128c22892fdf49f70da378bf36aea6?impolicy=wcms_watermark_news&cropH=597&cropW=1062&xPos=217&yPos=244&width=862&height=485&imformat=generic,http://web.archive.org/web/20260728123645/https://www.abc.net.au/news/2026-07-28/solomon-islands-gold-ridge-mine-landslide/106966620,"Police in Solomon Islands say a man's body has been recovered from the site of a landslide at the country's only large-scale gold mine.
The landslide occurred in one of the pits at the Gold Ridge mi… [+2491 chars]",,Leiche aus Erdrutsch in Goldmine auf den Salomonen geborgen. Die Leiche eines Mannes wurde an der Stelle eines Erdrutschs in der einzigen großen Goldmine der Salomonen geborgen.,Body pulled from landslide at Solomon Islands gold mine. A man's body has been recovered from the site of a landslide at Solomon Islands's only large-scale gold mine.,Corpus e LAPSO ad Insulas Salomonis evulsum meum aurum. Corpus hominis recuperatum est e situ fundi in Insulis Salomonis solum auri magni ponderis.,2026-08-02 11:15:34+00:00
01fd8b37678583588d8d03acf908d666,2026-07-29T06:18:34Z,'landslide road',abcnews.com,en,0.9,"Man killed in landslide at Solomon Islands gold mine, police say",Officials have recovered a man's body from a landslide at a gold mine in the Solomon Islands,https://abcnews.com/International/wireStory/man-killed-landslide-solomon-islands-gold-mine-police-135178544,https://s.abcnews.com/images/US/abc_news_default_2000x2000_update_16x9_992.jpg,http://web.archive.org/web/20260730062427/https://abcnews.com/International/wireStory/man-killed-landslide-solomon-islands-gold-mine-police-135178544,"WELLINGTON, New Zealand -- A mans body has been recovered from the site of a landslide at a gold mine in Solomon Islands, officials said. 
The body was found Tuesday, a day after the landslide at th… [+1795 chars]",,Nach Angaben der Polizei ist ein Mann bei einem Erdrutsch in einer Goldmine auf den Salomonen getötet worden. Beamte haben die Leiche eines Mannes aus einem Erdrutsch in einer Goldmine auf den Salomonen geborgen,"Man killed in landslide at Solomon Islands gold mine, police say. Officials have recovered a man's body from a landslide at a gold mine in the Solomon Islands","Homo occidit in insulis Salomonis aurum meum, vigiles dicunt. Magistratus corpus hominis e lapsu auri mei in insulis Salomonis recuperaverunt",2026-08-02 11:15:34+00:00
2124b8ea6c70c5676a8fe7d11ce48f51,2026-07-28T18:35:28Z,'landslide',timesofindia.indiatimes.com,en,0.9,Mizoram minister meets UNDRR representative to boost disaster resilience,"Mizoram disaster minister meets UNDRR in Delhi to boost resilience via technical cooperation, early warning, landslide mitigation, and a regional conclave; seeks ASF aid.",https://timesofindia.indiatimes.com/city/guwahati/mizoram-minister-meets-undrr-representative-to-boost-disaster-resilience/articleshow/132693123.cms,"https://static.toiimg.com/thumb/msid-132693121,width-1280,height-720,resizemode-6,overlay-toi_sw,pt-32,y_pad-600/photo.jpg",,"Follow Us On Social Media
Jon Stewart Unloads On Trump, Calls Out POTUS' WHCD Appearance In Savage RoastJimmy Kimmel BRUTALLY Trolls Mitch McConnell's Latest 'Proof Of Life' Photo As Fallon Piles On… [+1561 chars]",,"Mizoram-Minister trifft UNDRR-Vertreter, um die Widerstandsfähigkeit gegen Katastrophen zu stärken. Katastrophenminister von Mizoram trifft UNDRR in Delhi, um die Widerstandsfähigkeit durch technische Zusammenarbeit, Frühwarnung, Eindämmung von Erdrutschen und ein regionales Konklave zu stärken; sucht ASF-Hilfe.","Mizoram minister meets UNDRR representative to boost disaster resilience. Mizoram disaster minister meets UNDRR in Delhi to boost resilience via technical cooperation, early warning, landslide mitigation, and a regional conclave; seeks ASF aid.","Mizoram minister occurrit UNDRR repraesentativum ad calamitatem mollitiem boost. Minister calamitatis Mizoram UNDRR in Delhi occurrit ut mollitia boost per cooperationem technicam, praematuram admonitionem, lapsus mitigationem et conclave regionalem; quaerit ASF auxilium.",2026-08-03 17:08:19+00:00
b861eb85887fba27d911e5cc053fdf7f,2026-07-29T15:45:36Z,'landslide',gizmodo.com,en,0.7,6.5 Million Americans Live in Landslide Hazard Zones. A New Map Reveals if You’re One of Them,"These disasters can be deadly, and understanding your risk will become increasingly important as the world warms.",https://gizmodo.com/6-5-million-americans-live-in-landslide-hazard-zones-a-new-map-reveals-if-youre-one-of-them-2000792301,https://gizmodo.com/app/uploads/2026/07/landslide-hazard-map-1200x675.jpg,http://web.archive.org/web/20260730024902/https://gizmodo.com/6-5-million-americans-live-in-landslide-hazard-zones-a-new-map-reveals-if-youre-one-of-them-2000792301,While studying the deadliest landslide in U.S. historythe 2014 Oso disaster that killed 43 people in Washington’s Steelhead Haven neighborhoodJoseph Wartman found himself perplexed. While most of his… [+5691 chars],,"6,5 Millionen Amerikaner leben in erdrutschgefährdeten Gebieten. Eine neue Karte zeigt, ob Sie einer von ihnen sind. Diese Katastrophen können tödlich sein, und das Verständnis Ihres Risikos wird mit der Erwärmung der Welt immer wichtiger.","6.5 Million Americans Live in Landslide Hazard Zones. A New Map Reveals if You’re One of Them. These disasters can be deadly, and understanding your risk will become increasingly important as the world warms.","6.5 Million Americani in Zona discriminis Landslide habitant. Nova Tabula Revelata si unus es ex illis. Hae clades funestae esse possunt, ac periculum tuum intellegens magis magisque augebit quam mundus temperat.",2026-08-05 02:21:31+00:00
15c9edccbb6697d35b5c6c15346317ea,2026-07-27T11:45:18Z,'landslide',english.khabarhub.com,en,0.9,Narayangadh–Muglin highway fully reopens after landslide clearance,CHITWAN: The Narayangadh–Muglin highway has fully reopened to two-way traffic after landslides at multiple locations were cleared. The road was blocked earlier on Sunday after rocks fell at the 17-kilometre section and a mud-and-rock landslide occurred near S…,https://english.khabarhub.com/2026/27/560538/,https://english.khabarhub.com/wp-content/uploads/2022/01/narayangadh-muglin-road.jpg,,"CHITWAN: The NarayangadhMuglin highway has fully reopened to two-way traffic after landslides at multiple locations were cleared.
The road was blocked earlier on Sunday after rocks fell at the 17-ki… [+520 chars]",,"Die Autobahn Narayangadh–Muglin ist nach der Beseitigung eines Erdrutschs wieder vollständig geöffnet. CHITWAN: Die Autobahn Narayangadh–Muglin ist wieder vollständig für den Gegenverkehr freigegeben, nachdem an mehreren Stellen Erdrutsche beseitigt wurden. Die Straße war am Sonntag zuvor blockiert worden, nachdem auf dem 17 Kilometer langen Abschnitt Steine ​​herabstürzten und es in der Nähe von S. zu einem Erdrutsch aus Schlamm und Steinen kam.",Narayangadh–Muglin highway fully reopens after landslide clearance. CHITWAN: The Narayangadh–Muglin highway has fully reopened to two-way traffic after landslides at multiple locations were cleared. The road was blocked earlier on Sunday after rocks fell at the 17-kilometre section and a mud-and-rock landslide occurred near S…,Narayangadh-Muglin via plene rescissa post LAPSUS alvi. CHITWAN: Via Narayangadh-Muglin plene rescissa est ad bivium commercii postquam proruit multis locis purgata sunt. Via ante diem Dominico claudebatur postquam saxa in sectione 17 chiliometrorum ceciderunt et lapsu limo et saxo prope S…,2026-08-07 20:38:56+00:00
4eed6f9939f9122d26afc021631fc4a4,2026-07-28T04:15:56Z,'landslide',english.khabarhub.com,en,0.9,"Dry landslide blocks Mugling-Narayangadh highway, traffic suspended",KATHMANDU: Vehicular movement along the Mugling-Narayangadh highway has been completely disrupted after a dry landslide struck near Mugling Bazaar in Ichchhakamana Rural Municipality-5 of Chitwan on Tuesday morning. According to Deputy Superintendent of Polic…,https://english.khabarhub.com/2026/28/560612/,https://english.khabarhub.com/wp-content/uploads/2025/08/Landslide-Muglin-Narayangadh.jpg,,KATHMANDU: Vehicular movement along the Mugling-Narayangadh highway has been completely disrupted after a dry landslide struck near Mugling Bazaar in Ichchhakamana Rural Municipality-5 of Chitwan on … [+524 chars],,"Trockener Erdrutsch blockiert Autobahn Mugling-Narayangadh, Verkehr eingestellt. KATHMANDU: Der Fahrzeugverkehr auf der Autobahn Mugling-Narayangadh wurde nach einem trockenen Erdrutsch am Dienstagmorgen in der Nähe des Mugling-Basars in der ländlichen Gemeinde Ichchhakamana-5 in Chitwan völlig unterbrochen. Laut dem stellvertretenden Polizeikommissar …","Dry landslide blocks Mugling-Narayangadh highway, traffic suspended. KATHMANDU: Vehicular movement along the Mugling-Narayangadh highway has been completely disrupted after a dry landslide struck near Mugling Bazaar in Ichchhakamana Rural Municipality-5 of Chitwan on Tuesday morning. According to Deputy Superintendent of Polic…","Terra arida impedit stratam Mugling-Narayangadh, negotiatio suspenditur. KATHMANDU: Motus Vehicularis in via Mugling-Narayangadh omnino turbata est postquam in scopulo sicco percussus prope Mugling Bazaar in Ichchhakamana Ruris Municipality 5 Chitwan die Martis mane. Secundum Deputatum Superintendentem Polic…",2026-08-07 20:38:56+00:00
162321dd3d7ca7d555c8f12b808efe11,2026-07-30T04:45:35Z,'landslide road',english.khabarhub.com,en,0.9,"Landslides, flooding obstruct traffic on multiple highways","KATHMANDU: Vehicular movement has been disrupted in several districts following heavy rainfall, landslides and flooding, according to Nepal Police. Police said some highways have been completely blocked, while traffic has been restricted on several road secti…",https://english.khabarhub.com/2026/30/560942/,https://english.khabarhub.com/wp-content/uploads/2024/07/Fisling_Landslide-jpg.webp,,"KATHMANDU: Vehicular movement has been disrupted in several districts following heavy rainfall, landslides and flooding, according to Nepal Police.
Police said some highways have been completely blo… [+930 chars]",,"Erdrutsche und Überschwemmungen behindern den Verkehr auf mehreren Autobahnen. KATHMANDU: Nach Angaben der nepalesischen Polizei wurde der Fahrzeugverkehr in mehreren Bezirken nach starken Regenfällen, Erdrutschen und Überschwemmungen gestört. Die Polizei sagte, einige Autobahnen seien komplett gesperrt, während der Verkehr auf mehreren Straßenabschnitten eingeschränkt sei.","Landslides, flooding obstruct traffic on multiple highways. KATHMANDU: Vehicular movement has been disrupted in several districts following heavy rainfall, landslides and flooding, according to Nepal Police. Police said some highways have been completely blocked, while traffic has been restricted on several road secti…","Proruit, inundatio obtrusa commercii multiplicibus viis. KATHMANDU: Motus Vehicularis in pluribus regionibus post pluvias graves, proruit et inundationes, secundum Nepal Police, turbatus est. Magistratus dixerunt aliquas vias omnino obstructas esse, cum negotiatio in pluribus sectae viarum restricta fuerit.",2026-08-07 20:38:56+00:00
ac45903ad77ecdbe461ad2d6c301350f,2026-07-31T03:15:51Z,'landslide rain',english.khabarhub.com,en,0.9,Landslides and floods disrupt traffic on major highways,"KATHMANDU: Continuous heavy rainfall, landslides and flooding have disrupted vehicular movement on several major highways and road sections across the country. According to Nepal Police, some highways have been completely blocked, while traffic has been restr…",https://english.khabarhub.com/2026/31/561167/,https://english.khabarhub.com/wp-content/uploads/2026/05/Landslide-Muglin.jpg,,"KATHMANDU: Continuous heavy rainfall, landslides and flooding have disrupted vehicular movement on several major highways and road sections across the country.
According to Nepal Police, some highwa… [+1460 chars]",,"Erdrutsche und Überschwemmungen beeinträchtigen den Verkehr auf wichtigen Autobahnen. KATHMANDU: Anhaltende starke Regenfälle, Erdrutsche und Überschwemmungen haben den Fahrzeugverkehr auf mehreren wichtigen Autobahnen und Straßenabschnitten im ganzen Land beeinträchtigt. Nach Angaben der nepalesischen Polizei wurden einige Autobahnen vollständig gesperrt, während der Verkehr eingeschränkt wurde.","Landslides and floods disrupt traffic on major highways. KATHMANDU: Continuous heavy rainfall, landslides and flooding have disrupted vehicular movement on several major highways and road sections across the country. According to Nepal Police, some highways have been completely blocked, while traffic has been restr…","Terrae et inundationes mercaturam in maioribus viis perturbant. KATHMANDU: Imbres continui, ruinae et inundationes motus vehiculares disiecerunt in pluribus viis maioribus et sectionibus viae per regionem. Secundum Nepal Vigilum aliquae viae totaliter obstructae sunt, cum negotiatio restr…",2026-08-07 20:38:56+00:00
e0dbd5026fd991afd13c7bd38856d189,2026-07-31T07:45:00Z,'landslide',peoplesreview.com.np,en,0.9,"Araniko Highway shut for two weeks, trade with China hit","Kathmandu, July 31: The Araniko Highway, Nepal’s main trade route linking the Tatopani border with China, has remained completely blocked for the past two weeks after repeated landslides damaged the road at multiple locations, disrupting cross-border trade an…",https://peoplesreview.com.np/2026/07/31/araniko-highway-shut-for-two-weeks-trade-with-china-hit/,https://peoplesreview.com.np/wp-content/uploads/2025/06/arnikohighway0-64af1c52.jpg,http://web.archive.org/web/20260731122959/https://peoplesreview.com.np/2026/07/31/araniko-highway-shut-for-two-weeks-trade-with-china-hit/,"Kathmandu, July 31: The Araniko Highway, Nepal’s main trade route linking the Tatopani border with China, has remained completely blocked for the past two weeks after repeated landslides damaged the … [+2188 chars]",,"Araniko Highway zwei Wochen lang gesperrt, Handel mit China beeinträchtigt. Kathmandu, 31. Juli: Der Araniko Highway, Nepals wichtigste Handelsroute, die die Grenze zu Tatopani mit China verbindet, ist in den letzten zwei Wochen vollständig blockiert, nachdem wiederholte Erdrutsche die Straße an mehreren Stellen beschädigt haben und den grenzüberschreitenden Handel und…","Araniko Highway shut for two weeks, trade with China hit. Kathmandu, July 31: The Araniko Highway, Nepal’s main trade route linking the Tatopani border with China, has remained completely blocked for the past two weeks after repeated landslides damaged the road at multiple locations, disrupting cross-border trade an…","Araniko via duabus hebdomadibus inclusi, commercium cum Sinis ferire. Kathmandu, July 31: The Araniko Highway, principalis itineris commercii Nepalis cum Tatopani coniungens terminum cum Sinis, iam per duas septimanas perfecte obsessus permansit, postquam iteratis lapsibus iter multiplicibus locis corrumpit, crucis confinium commercium turbans…",2026-08-07 20:38:56+00:00
a651bfd4bcff73630a6a94e1deef811f,2026-07-08T10:01:15Z,'landslide',www.thepinknews.com,en,0.9,Senegal amends constitution to ban same-sex marriage after landslide vote,"The National Assembly of Senegal has amended the country’s constitution to define marriage exclusively as “the union between a man and a woman”, thus banning same-sex marriage. The amendment was made on 29 June following a vote that saw all 129 members of the…",https://www.thepinknews.com/2026/07/08/senegal-lgbt-same-sex-marriage-ban/,https://www.thepinknews.com/wp-content/uploads/2026/07/senegal-lgbt.jpg,http://web.archive.org/web/20260709140532/https://www.thepinknews.com/2026/07/08/senegal-lgbt-same-sex-marriage-ban/,"The National Assembly of Senegal has amended the countrys constitution to define marriage exclusively as the union between a man and a woman, thus banning same-sex marriage.
Thanks for registering! … [+2727 chars]",,"Nach erdrutschartiger Abstimmung ändert Senegal seine Verfassung, um gleichgeschlechtliche Ehen zu verbieten. Die Nationalversammlung von Senegal hat die Verfassung des Landes geändert, um die Ehe ausschließlich als „die Verbindung zwischen einem Mann und einer Frau“ zu definieren und damit die gleichgeschlechtliche Ehe zu verbieten. Die Änderung wurde am 29. Juni nach einer Abstimmung vorgenommen, bei der alle 129 Mitglieder des…","Senegal amends constitution to ban same-sex marriage after landslide vote. The National Assembly of Senegal has amended the country’s constitution to define marriage exclusively as “the union between a man and a woman”, thus banning same-sex marriage. The amendment was made on 29 June following a vote that saw all 129 members of the…","Senegalia constitutionem emendant ut matrimonium sexus eiusdem banno post suffragium prolapsum. Coetus Nationalis Senegalia emendavit constitutionem regionis ad matrimonium solum definiendum sicut ""unio viri cum muliere"", ita prohibens matrimonium sexus. Emendatio facta est die 29 mensis Iunii sequenti suffragio qui omnia 129 membra ... vidit.",2026-08-10 01:38:50+00:00
6497f43ed309bd8fa92f289eb1a2730e,2026-07-18T17:50:19Z,'landslide',ca.news.yahoo.com,en,0.3,Hungary's president signs law change ending his term in office,"By Gergely Szakacs BUDAPEST, July 18 (Reuters) - Hungarian President Tamas Sulyok has signed a constitutional amendment passed by Prime Minister Peter Magyar...",https://ca.news.yahoo.com/hungarys-president-signs-law-change-163731790.html,https://s.yimg.com/lo/mysterio/api/5f022c255e35dd2480693eb5209b07ebe7a2d67b6ac3dd0aeec42ea3852375a5/lightyear_networkapi/resizefill_w800_h533;quality_80;format_webp/https:%2F%2Fmedia.zenfs.com%2Fen%2Freuters.com%2F84a41e4c1701456850008cad6e114de6,http://web.archive.org/web/20260718182443/https://ca.news.yahoo.com/hungarys-president-signs-law-change-163731790.html,"By Gergely Szakacs
BUDAPEST, July 18 (Reuters) - Hungarian President Tamas Sulyok has signed a constitutional amendment passed by Prime Minister Peter Magyar's ruling Tisza party that ends his term … [+2813 chars]",,"Ungarns Präsident unterzeichnet eine Gesetzesänderung, die seine Amtszeit beendet. Von Gergely Szakacs BUDAPEST, 18. Juli (Reuters) – Der ungarische Präsident Tamas Sulyok hat eine von Premierminister Peter Magyar verabschiedete Verfassungsänderung unterzeichnet...","Hungary's president signs law change ending his term in office. By Gergely Szakacs BUDAPEST, July 18 (Reuters) - Hungarian President Tamas Sulyok has signed a constitutional amendment passed by Prime Minister Peter Magyar...","Praeses Hungariae signa iuris mutandi in officio suo finiendo. Gergely Szakacs BUDAPEST, die 18 Iulii (Reuters) - Praeses Hungaricus Tamas Sulyok emendationem constitutionalem a Primo Ministro Petro Magyar latae subscripsit.",2026-08-12 15:57:55+00:00
cf3fdc7ce247a0923c0cec95a2e1ac88,2026-07-20T14:53:02Z,'landlide climate change',www.aljazeera.com,en,0.3,Andy Burnham pledges end to political instability as he becomes UK PM,Britain's seventh PM in a decade pledged major changes in bid to see off populist forces that are making large gains.,https://www.aljazeera.com/news/2026/7/20/andy-burnham-pledges-end-to-political-instability-as-he-becomes-uk-pm,https://www.aljazeera.com/wp-content/uploads/2026/07/afp_6a5e1e831071-1784553091.jpg?resize=1920%2C1440,http://web.archive.org/web/20260720234514/https://www.aljazeera.com/news/2026/7/20/andy-burnham-pledges-end-to-political-instability-as-he-becomes-uk-pm,"Andy Burnham has set out his vision for Britain as he took over as prime minister.
Burnhams appointment was confirmed on Monday as he met King Charles III at Buckingham Palace. Becoming the United K… [+2584 chars]",,"Andy Burnham verspricht mit seinem Amtsantritt als britischer Premierminister ein Ende der politischen Instabilität. Der siebte britische Premierminister in einem Jahrzehnt versprach große Veränderungen, um populistische Kräfte abzuwehren, die große Gewinne erzielen.",Andy Burnham pledges end to political instability as he becomes UK PM. Britain's seventh PM in a decade pledged major changes in bid to see off populist forces that are making large gains.,Andy Burnham spondet finem ad instabilitatem cum fit UK PM. Septimum PM Britanniae in decennium mutationes maiores pactae sunt in quibus ad videndum copiae popularium quae magna lucra faciunt.,2026-08-12 15:57:55+00:00
6ecbc3661ce5abcc94413a7b90cc29a8,2026-07-21T07:01:30Z,'landslide rain',economictimes.indiatimes.com,en,0.9,"UAE expresses solidarity with India, conveys condolences over flood, landslide victims",The United Arab Emirates expressed solidarity with India over recent flood and landslide victims. Heavy monsoon rains have caused significant damage and dozens of deaths across several Indian states. Jammu and Kashmir reported at least twenty-three deaths and…,https://economictimes.indiatimes.com/news/india/uae-expresses-solidarity-with-india-conveys-condolences-over-flood-landslide-victims/articleshow/132529851.cms,"https://img.etimg.com/thumb/msid-132530190,width-1200,height-630,imgsize-89678,overlay-economictimes/articleshow.jpg",http://web.archive.org/web/20260721131450/https://economictimes.indiatimes.com/news/india/uae-expresses-solidarity-with-india-conveys-condolences-over-flood-landslide-victims/articleshow/132529851.cms,Dubai: The United Arab Emirates (UAE) on Tuesday expressed solidarity with India over the loss of lives and damage caused by floods and landslides triggered by heavy rains.The message came as several… [+1354 chars],,Die Vereinigten Arabischen Emirate drücken ihre Solidarität mit Indien aus und sprechen ihr Beileid zu den Opfern von Überschwemmungen und Erdrutschen aus. Die Vereinigten Arabischen Emirate brachten ihre Solidarität mit Indien angesichts der jüngsten Opfer von Überschwemmungen und Erdrutschen zum Ausdruck. Heftige Monsunregenfälle haben in mehreren indischen Bundesstaaten erhebliche Schäden und Dutzende Todesfälle verursacht. Jammu und Kashmir meldeten mindestens 23 Todesfälle und…,"UAE expresses solidarity with India, conveys condolences over flood, landslide victims. The United Arab Emirates expressed solidarity with India over recent flood and landslide victims. Heavy monsoon rains have caused significant damage and dozens of deaths across several Indian states. Jammu and Kashmir reported at least twenty-three deaths and…","UAE solidarietatem cum India exprimit, solacia per diluvium, victimas proruit. Emirates Americae Arabum coniunctim cum India supra recentes diluvii victimas et ruinas expresserunt. Imbres graves ETESIAE significant damnum et justos mortis strages per plures civitates Indianas effecerunt. Jammu et Kashmir nuntiaverunt saltem viginti tres mortes et…",2026-08-13 15:57:44+00:00
93cc24bf0ba21c4b2f6ad5b8080c6daa,2026-07-28T15:56:11Z,'landslide death',abcnews.com,en,0.9,Death toll from Chongqing landslide in southwestern China climbs to 41,"Teams in southwestern China have identified 30 more victims from a recent landslide, bringing the death toll in Chongqing to 41",https://abcnews.com/International/wireStory/death-toll-chongqing-landslide-southwestern-china-climbs-41-135157619,https://i.abcnewsfe.com/a/49e672f8-cf86-4b50-9435-35d5aef8fd5e/wirestory_b8ce2b34b0f18a3310cafe6d72ed71ac_16x9.jpg?w=1600,,BEIJING -- Teams recovering bodies from a landslide this month in southwestern China have identified 30 more victims over the past week to bring the overall toll in Chongqing to 41 dead with 20 peopl… [+487 chars],,"Zahl der Todesopfer durch Erdrutsch in Chongqing im Südwesten Chinas steigt auf 41. Teams im Südwesten Chinas haben 30 weitere Opfer eines jüngsten Erdrutschs identifiziert, wodurch sich die Zahl der Todesopfer in Chongqing auf 41 erhöht","Death toll from Chongqing landslide in southwestern China climbs to 41. Teams in southwestern China have identified 30 more victims from a recent landslide, bringing the death toll in Chongqing to 41","Mors vectigal ex Chongqing in LAPSUS in Sinis meridiem occidentalem ascendit 41. Teams in Sinis meridiem occidentalem identificavit 30 plures victimas ex recenti lapsu, mortem in Chongqing ad 41 ferentem.",2026-08-14 06:11:59+00:00
9cd07ed5c950f5d1a158915f8f30aa05,2026-07-30T17:34:30Z,'landslide death',abcnews.com,en,0.9,"Death toll in China landslide climbs to 51 as land search ends, 10 remain missing",The death toll from a landslide in southwestern China has risen to 51,https://abcnews.com/International/wireStory/death-toll-china-landslide-climbs-51-land-search-135235858,https://s.abcnews.com/images/US/abc_news_default_2000x2000_update_16x9_992.jpg,,"BEIJING -- The death toll from a landslide in southwestern China this month has risen to 51 after search crews ended a search on land, local authorities said Thursday. Ten people remain missing.
Dre… [+571 chars]",,"Die Zahl der Todesopfer in China steigt durch einen Erdrutsch auf 51, da die Landsuche endet, 10 werden weiterhin vermisst. Die Zahl der Todesopfer durch einen Erdrutsch im Südwesten Chinas ist auf 51 gestiegen","Death toll in China landslide climbs to 51 as land search ends, 10 remain missing. The death toll from a landslide in southwestern China has risen to 51","Mortuus vectigal in Sinis LAPSUS conscenditur ad 51 fines terrae quaerendi, 10 manent desunt. Thelonei mortis ex prolapsione in Sinis meridiem occidentalem orta est 51 .",2026-08-14 06:11:59+00:00
5e517a5d38e61e2c709f0e76c8e40309,2026-07-30T21:34:46Z,'landslide death',nypost.com,en,0.9,Death toll rises to 51 in China landslides as resuce operation ends,"The death toll from landslides that impacted southwestern China earlier this month has climbed to 51, as rescue teams have ended land operations.",https://nypost.com/2026/07/30/world-news/death-toll-rises-to-51-in-china-landslides-as-resuce-operation-ends/,https://nypost.com/wp-content/uploads/sites/2/2026/07/136019307.jpg?quality=75&strip=all&w=1200,,"The death toll from a landslide in southwestern China this month has risen to 51 after search crews ended a search on land, local authorities said Thursday.
Ten people remain missing.
The death tol… [+1176 chars]",,"Nach Beendigung der Rettungsaktion steigt die Zahl der Todesopfer bei Erdrutschen in China auf 51. Die Zahl der Todesopfer durch Erdrutsche, die Anfang dieses Monats den Südwesten Chinas heimgesucht haben, ist auf 51 gestiegen, da Rettungsteams die Landeinsätze eingestellt haben.","Death toll rises to 51 in China landslides as resuce operation ends. The death toll from landslides that impacted southwestern China earlier this month has climbed to 51, as rescue teams have ended land operations.","Theloneum mors oritur 51 in Sinis proruit ut operandi fines resurrecturi. Mortuum vectigal ex prolapsionibus quae inter meridiem occidentalem Sinarum impacta antea hoc mense ad 51 ascendit, ut iunctae liberandae operationes terrestris finierint.",2026-08-14 06:11:59+00:00
c9c48a13698ee5a442e95ce129bc2324,2026-07-27T05:47:46Z,'landlide climate change',www.aljazeera.com,en,0.3,Climate change presents new threat to Philippines’ UNESCO rice terraces,Limited government resources undercut efforts of Ifugao people to safeguard heritage site from extreme weather effects.,https://www.aljazeera.com/features/2026/7/27/climate-change-presents-new-threat-to-philippines-unesco-rice-terraces,https://www.aljazeera.com/wp-content/uploads/2026/07/PHOTO6-1784532872.jpg?resize=1920%2C1440,http://web.archive.org/web/20260727175607/https://www.aljazeera.com/features/2026/7/27/climate-change-presents-new-threat-to-philippines-unesco-rice-terraces,"Ifugao, Philippines At first light, the village of Batad begins to stir to life beneath the towering cliffs surrounding its amphitheatre-like rice terraces, a UNESCO World Heritage Site.
Apu Penneng… [+6930 chars]",,"Der Klimawandel stellt eine neue Bedrohung für die UNESCO-Reisterrassen der Philippinen dar. Begrenzte staatliche Ressourcen untergraben die Bemühungen der Ifugao-Bevölkerung, das Kulturerbe vor extremen Wettereinflüssen zu schützen.",Climate change presents new threat to Philippines’ UNESCO rice terraces. Limited government resources undercut efforts of Ifugao people to safeguard heritage site from extreme weather effects.,Mutatio climatis novas comminationes in Philippinis UNESCO oryzae cenacula praebet. Limitata subsidia imperii Ifugao conatus hominum ad tuendam hereditatem ab extrema tempestatibus situs effectus.,2026-08-15 01:06:51+00:00
c02b6964a5b44ad7c31b8aa89ef0bd85,2026-07-18T04:01:07Z,'landslide',freerepublic.com,en,0.7,"News Summary-Intelligence Report 7/17/2026*Newsdump Friday*US War Wounded*14 Killed Gaza*Recall Cyclosporiasis Outbreak*China Landslide*US Air Quality Alerts*Iran War Attacks*China, Russia Reject Trump Allegations*ICE Agent Scrutinized*",A contracted employee of a federal immigration detention center...accused of shooting a protester... Seven killed in a Ukrainian drone attack in Russia's Tambov Region... Israeli election polling...parties opposed...Netanyahu at 62 seats... death toll...doubl…,https://freerepublic.com/focus/f-bloggers/4388406/posts,,http://web.archive.org/web/20260718152024/https://freerepublic.com/focus/f-bloggers/4388406/posts,"Skip to comments.
News Summary-Intelligence Report 7/17/2026*Newsdump Friday*US War Wounded*14 Killed Gaza*Recall Cyclosporiasis Outbreak*China Landslide*US Air Quality Alerts*Iran War Attacks*China… [+2911 chars]",,"Nachrichtenzusammenfassung – Geheimdienstbericht 17.07.2026*Newsdump Freitag*US-Kriegsverwundete*14 Tote in Gaza*Rückruf Cyclosporiasis-Ausbruch*Erdrutsch in China*US-Luftqualitätswarnungen*Iran-Kriegsangriffe*China und Russland weisen Trump-Vorwürfe zurück*ICE-Agent unter die Lupe genommen*. Ein Vertragsangestellter eines bundesstaatlichen Einwanderungsgefängnisses … wird beschuldigt, einen Demonstranten erschossen zu haben … Sieben Tote bei einem ukrainischen Drohnenangriff in der russischen Region Tambow … Israelische Wahlumfragen … Parteien waren dagegen … Netanyahu liegt bei 62 Sitzen … Zahl der Todesopfer … doppelt …","News Summary-Intelligence Report 7/17/2026*Newsdump Friday*US War Wounded*14 Killed Gaza*Recall Cyclosporiasis Outbreak*China Landslide*US Air Quality Alerts*Iran War Attacks*China, Russia Reject Trump Allegations*ICE Agent Scrutinized*. A contracted employee of a federal immigration detention center...accused of shooting a protester... Seven killed in a Ukrainian drone attack in Russia's Tambov Region... Israeli election polling...parties opposed...Netanyahu at 62 seats... death toll...doubl…","News Summary-Intelligence Report 7/17/2026*Newsdump Veneris*US Bellum vulneratum*14 Occisus Gaza*Revocatio Cyclosporiasis Outbreak*Sina Landslide*US Air Quality Alerts*Iran War Oppugnationes* China, Russia Reject Trump Allegations* Ice Agens Scrutari*. Contractus operarius de immigrationis foederati centri detentionis ... accusatus est emittentes protestationem ... Septem occisi in Ucraina fucus impetum in Tambov Regio Russiae ... electionem Israeli suffragium ... factiones Netanyahu in 62 sedibus ... morti vectigalium ... doubl ...",2026-08-15 05:22:40+00:00
