week,sentiment_mean,sentiment_std,subjectivity_mean,subjectivity_std,counting
2025-40,0.0042338598413253214,0.596690097777116,0.23702934507904533,0.7993833665209541,8.0
2025-41,0.10887620622949433,0.8925449115346256,0.14640252648126575,0.9112035432478303,31.0
2025-42,0.24174619901600564,0.7673432224190209,0.16123909373979398,0.7100494475277386,26.0
2025-43,-0.10101494955186113,0.7780901183600878,-0.01515748429291589,0.7867740331491709,61.0
2025-44,0.35229698299935097,0.6979303688124189,0.25875346126531,0.7557829977242428,36.0
2025-45,-0.16455484549835192,0.6801801761427012,0.08689005161486608,0.8461829776133131,55.0
2025-46,-0.4312533239678406,0.9402298510684174,-0.14918092662340893,0.7621284142115902,9.0
