topic,sentiment_mean,sentiment_std,subjectivity_mean,subjectivity_std,counting
Adaptation,-0.12396510900000896,0.8474717282331578,0.051108882290845474,0.8451706171390112,43.0
Causes,-0.13228298937877406,0.837986500640637,0.048991143531250315,0.860534904355669,75.0
Hazard,0.05035890871359123,0.9169470511908816,0.05621381625814321,0.9109385473579433,718.0
Impacts,-0.06302426127456971,0.8566525410613316,0.042023630478031995,0.8786775550565455,126.0
Mitigation,-0.11122703866377588,0.6639584989855453,-0.43388239938986667,1.0724490979273813,22.0
