topic,sentiment_mean,sentiment_std,subjectivity_mean,subjectivity_std,counting
Adaptation,-0.00951233576506626,0.8877857760727366,-0.006792502136372385,0.8139364536211138,39.0
Causes,0.0011004323833289909,0.8407312247389869,0.1313548503091456,0.8822543922661672,54.0
Hazard,0.008723778709146354,0.9040333706532039,0.050805722699638844,0.9059273214342614,413.0
Impacts,0.04849658643555505,0.8080955701685121,0.10186338845855672,0.7979929536417438,95.0
Mitigation,0.03919418047951601,0.7403181044084457,-0.31431457166547583,1.079669572344234,17.0
