topic,sentiment_mean,sentiment_std,subjectivity_mean,subjectivity_std,counting
Adaptation,0.05503462256534262,0.8161696979771168,0.04736018247900529,0.7505597999524126,33.0
Causes,-0.07525661504454938,0.7988209811508227,0.10833842739335318,0.8034552165327273,18.0
Hazard,-0.007979482364441546,0.8244458017465782,0.13247589708039126,0.8220726306112,108.0
Impacts,0.06468112267677446,0.7103555143325552,0.10214950059208233,0.8116323562625422,61.0
Mitigation,-0.04364506138728567,0.4553670938566755,-0.2662870090017204,0.7976885035439422,6.0
