week,sentiment_mean,sentiment_std,subjectivity_mean,subjectivity_std,counting
2025-40,0.01819384132686526,0.6133558856462247,0.26117178580116585,0.7589460583127331,8.0
2025-41,0.1259162112501676,0.8721591099994018,0.14620210731056407,0.8937192953504858,31.0
2025-42,0.08711331117063909,0.7631655864006811,0.1258670286041638,0.7364732983773162,21.0
2025-43,-0.10782227997959354,0.7793269005199395,-0.01955303441703576,0.7578518440904664,57.0
2025-44,0.33616869919911996,0.7115137876289367,0.24375132079536457,0.7466805579861553,34.0
2025-45,-0.14198334844973742,0.6725558184444288,0.10461421291926667,0.8097516305944955,55.0
