week,sentiment_mean,sentiment_std,subjectivity_mean,subjectivity_std,counting
2025-41,-0.044791666666666674,0.23128284301309993,0.45833333333333337,0.22391714737574012,2.0
2025-43,-0.30817081008251207,0.9785436819511708,-0.10014247277356758,0.6765764112609515,5.0
2025-44,0.21552342296823668,0.5821619583333243,0.1665176169120513,0.8611330460009108,8.0
