week,sentiment_mean,sentiment_std,subjectivity_mean,subjectivity_std,counting
2025-40,0.0012598806442999343,0.6405843349161455,0.25354475136717547,0.8379798306880812,8.0
2025-41,0.11309486363442871,0.9224697339379149,0.15323041314778216,0.8720995170361304,31.0
2025-42,0.11352214607572463,0.6657067070945873,0.12823344737787043,0.7143948405255565,26.0
2025-43,-0.15819347487289534,0.805171476767709,-0.08214196782969069,0.7867881970549178,62.0
2025-44,0.3526878949409289,0.7594037180449041,0.28172157190599395,0.7445557802791176,38.0
2025-45,-0.14198006356771337,0.7415473534317512,0.07280843656375365,0.9413328781701176,58.0
2025-46,-0.08069071976815702,0.846340890999238,-0.022367453742475917,0.7580257154308142,36.0
2025-47,0.2161809575660512,0.9192113129133391,0.22159977747840384,0.9558242564874273,22.0
