topic,sentiment_mean,sentiment_std,subjectivity_mean,subjectivity_std,counting
Adaptation,0.022799734279907977,0.9246728837074526,0.013618804389988916,0.7603019989896367,33.0
Causes,0.018085147176295346,0.8849386881508419,0.18121818583064397,0.7822277431422248,44.0
Hazard,,1.0,0.05931447755952337,0.8978093561410335,290.0
Impacts,0.06212233843359608,0.7976666051862996,0.11595547245224819,0.7587856833332819,84.0
Mitigation,0.06026760588034722,0.8314631292207735,-0.38336131954943065,1.094682090698327,16.0
