topic,sentiment_mean,sentiment_std,subjectivity_mean,subjectivity_std,counting
Adaptation,-0.11097613279733329,0.839422159313713,0.031986018695047594,0.843515282765005,42.0
Causes,-0.1251141340213307,0.8396324980511137,0.035286963779918454,0.8558678376340687,73.0
Hazard,0.04852487253321688,0.9160602334210497,0.05253200169987032,0.9095698278430184,654.0
Impacts,-0.06158924259918395,0.8704122711642476,0.06978365101598079,0.8950273665789529,115.0
Mitigation,-0.024216136076029376,0.7135308679990032,-0.42871976788180605,1.0971541674125733,20.0
