topic,sentiment_mean,sentiment_std,subjectivity_mean,subjectivity_std,counting
Adaptation,-0.12546014177033507,0.9442063998215179,0.03925896870820025,0.8594806025590811,43.0
Causes,-0.19451794159603777,0.8226776180174008,-0.01670184951741146,0.8497282631685437,86.0
Hazard,0.045818101173516555,0.9104795261839147,0.05560335630128289,0.9163689911701682,911.0
Impacts,-0.0731386074277133,0.869636645320108,0.0022725769023549855,0.900553798416644,141.0
Mitigation,0.09693846728845738,0.9651511016104704,-0.2885760686917565,1.0455740066216532,27.0
