topic,sentiment_mean,sentiment_std,subjectivity_mean,subjectivity_std,counting
Adaptation,-0.12931248114860824,0.8908935397470117,0.03366118715240886,0.8502883517573084,43.0
Causes,-0.18652451061667655,0.8288746222158823,0.014359350073211177,0.8561482448605043,78.0
Hazard,0.05053398518178357,0.914317703662393,0.05653524445945111,0.9108349039140297,806.0
Impacts,-0.053668544281165124,0.8607084051965148,0.028972327860253538,0.8847130565080205,129.0
Mitigation,-0.09270985600546917,0.6723249095440526,-0.41682989658834396,1.0518287262597221,23.0
