topic,sentiment_mean,sentiment_std,subjectivity_mean,subjectivity_std,counting
Causes,0.3485533905932738,0.5070710678118655,0.533553390593274,0.24544155877284324,2.0
Hazard,-0.048034691331350805,0.5974628273082695,0.15076230753914738,0.591450226012803,14.0
Impacts,-0.006411122986293427,0.8637174924407303,-0.021992289098458358,0.9171256406349793,9.0
