week,sentiment_mean,sentiment_std,subjectivity_mean,subjectivity_std,counting
2025-40,0.004629444770765002,0.6216613755955546,0.28671988945406895,0.7364559241832515,8.0
2025-41,0.12687999451964407,0.8443312070478829,0.11545701205260901,0.8628630835577568,30.0
2025-42,-0.07577012077971887,0.791237453634674,0.15291188517626142,0.6902026009723069,19.0
2025-43,-0.08501687902292353,0.7576805796728201,0.023722987602232844,0.7198897109287477,57.0
2025-44,0.2465533244531274,0.7096027803364944,0.18897772514911407,0.7543855131867679,31.0
2025-45,-0.08510363320364125,0.5910758028780206,0.1805823661032448,0.835606274731406,34.0
