topic,sentiment_mean,sentiment_std,subjectivity_mean,subjectivity_std,counting
Adaptation,-0.13311734615938278,0.9037520352419515,0.042278941984127516,0.8556718065325807,43.0
Causes,-0.18857803400318707,0.8283506171219578,-0.029007111840704407,0.8504922693242901,80.0
Hazard,0.049636939893892215,0.911779529749362,0.06178067376438435,0.9098326509921626,832.0
Impacts,-0.05874756908636939,0.8766320101558818,0.012711971640324303,0.9042801923821966,130.0
Mitigation,-0.08587798795423739,0.6769403063146725,-0.41265435325006566,1.0506295555094403,23.0
