week,sentiment_mean,sentiment_std,subjectivity_mean,subjectivity_std,counting
2025-40,-0.0161678413214901,0.6241610488706288,0.2662366437870636,0.8143296894782465,8.0
2025-41,0.09342829777148011,0.8909336362441015,0.1292516770565647,0.9041272678212235,31.0
2025-42,0.18148062098854884,0.7173856785061522,0.12253348086272002,0.7141627759871393,26.0
2025-43,-0.11097262700868872,0.7813400268988042,-0.03674770707192924,0.7933082513379227,61.0
2025-44,0.3438269412808225,0.714155326377295,0.24872540884627142,0.747892399969994,36.0
2025-45,-0.17980794764763677,0.7452369992513737,0.0665997810042424,0.8968677443784391,57.0
2025-46,0.04346867685773042,0.8594624007780143,0.1605612533375572,0.7506565894343207,28.0
