topic,sentiment_mean,sentiment_std,subjectivity_mean,subjectivity_std,counting
Adaptation,-0.13408782446883902,0.9409145560188101,0.033661287735817336,0.8542845948176379,43.0
Causes,-0.1907402781827741,0.8217350512799845,0.014815674023145983,0.8393703586786142,83.0
Hazard,0.0471722695159617,0.909319206725472,0.05587985020173499,0.9162176380937892,894.0
Impacts,-0.08063102846806507,0.8696350507880987,-0.014472290010871983,0.9004436438267626,140.0
Mitigation,0.09693846728845738,0.9651511016104704,-0.2885760686917565,1.0455740066216532,27.0
