topic,sentiment_mean,sentiment_std,subjectivity_mean,subjectivity_std,counting
Adaptation,-0.12957681962853831,0.9304745520074307,0.033498057427544484,0.8570679708543515,43.0
Causes,-0.18035140741892589,0.8188224884887743,-0.0020829975957338052,0.8535755789991546,83.0
Hazard,0.04553249015544107,0.9070399728583056,0.059120917127304176,0.9121046760902338,854.0
Impacts,-0.06607493181591868,0.8737699275249157,-0.004612859652091865,0.8971751954380266,135.0
Mitigation,0.10072832577312721,0.9647238332420206,-0.2991549977468155,1.0581272602562972,27.0
