topic,sentiment_mean,sentiment_std,subjectivity_mean,subjectivity_std,counting
Adaptation,-0.1286004127681683,0.9658567847292809,0.05366136164535365,0.8737950960049186,43.0
Causes,-0.2286743566461203,0.8464178145120155,-0.07699588599915065,0.8555264890643841,113.0
Hazard,0.05117238294792732,0.9148904610767001,0.05957860361112823,0.9203074566407167,979.0
Impacts,-0.07595895396741681,0.8511535400940489,-0.022709125066629747,0.9077721577037313,154.0
Mitigation,0.18903550285433016,0.986832795431781,-0.18507295174738966,1.0838612270769372,31.0
