week,sentiment_mean,sentiment_std,subjectivity_mean,subjectivity_std,counting
2025-40,0.7071067811865476,1.0,0.707106781186548,1.0,1.0
2025-41,-0.03895202020202021,0.1638541459609957,0.35808080808080806,0.2349918102891441,3.0
2025-42,0.03855892487492575,1.0021414766289556,-0.119623327562871,0.8438395203660867,4.0
2025-43,-0.2779725342394542,0.7180592360157817,0.03831685048606532,0.6721477159860652,9.0
2025-44,0.21552342296823668,0.5821619583333243,0.1665176169120513,0.8611330460009108,8.0
