topic,sentiment_mean,sentiment_std,subjectivity_mean,subjectivity_std,counting
Adaptation,0.08360835553036036,0.8252963779387944,0.06161112698703597,0.7139164908649327,33.0
Causes,0.009656743356152242,0.8060891697745124,0.145294961255107,0.8211256526836065,24.0
Hazard,0.005867149022902719,0.8491049056783425,0.09031777253941681,0.8748961288027582,149.0
Impacts,0.008075268783489159,0.7462717073584816,0.10123952519513887,0.7920555691519369,69.0
Mitigation,-0.12403744570406434,0.680121402377642,-0.3241795566181246,0.9088925381723533,6.0
