topic,sentiment_mean,sentiment_std,subjectivity_mean,subjectivity_std,counting
Hazard,-0.1306878259755341,0.5993697522492045,0.09842490884095507,0.6510474143769505,7.0
Impacts,0.1260705977285923,0.8197876030400697,0.13239010952606922,0.8462448923936572,8.0
