topic,sentiment_mean,sentiment_std,subjectivity_mean,subjectivity_std,counting
Adaptation,0.021675027666485734,0.9056915005863483,-0.001282505819159546,0.7499001787590085,33.0
Causes,0.01893355553813485,0.8739971073254484,0.17231277577175777,0.7992803902020074,44.0
Hazard,,1.0,0.06895000168919048,0.9014906976924159,279.0
Impacts,0.050269703434791445,0.828643164866971,0.13036666893107784,0.7655423690280827,83.0
Mitigation,-0.08223622024856408,0.5795055807336346,-0.6252384894120607,0.7474046388811351,14.0
