topic,sentiment_mean,sentiment_std,subjectivity_mean,subjectivity_std,counting
Adaptation,0.04663332359324746,0.8212199023671792,0.03877793614108371,0.745756376891544,33.0
Causes,-0.16644584457809547,0.7522202234009752,0.11563128050908608,0.7772072032153814,19.0
Hazard,0.013909038880803705,0.8287411098240822,0.1429486683533429,0.8308050410689534,125.0
Impacts,0.06019630855964401,0.7262439879828939,0.07758265502011456,0.821237187349263,64.0
Mitigation,0.015719663535992263,0.6243309001991967,-0.3305944747552256,0.8514055851622412,6.0
