topic,sentiment_mean,sentiment_std,subjectivity_mean,subjectivity_std,counting
Adaptation,-0.1234156287468994,0.8511401734341729,0.03481995165134329,0.8423872599006499,43.0
Causes,-0.17578009309078185,0.8372485464441537,0.02298253191916245,0.851247182113083,77.0
Hazard,0.05489841213186474,0.9132046929151452,0.059290363317028805,0.9085687793482172,764.0
Impacts,-0.07010633589771456,0.8597689976367899,0.03274710240937939,0.8875373039151819,127.0
Mitigation,-0.11119233973911796,0.682830944749447,-0.4396604063894802,1.0720267437645286,22.0
