topic,sentiment_mean,sentiment_std,subjectivity_mean,subjectivity_std,counting
Adaptation,0.03937867798540966,0.8878724073514022,0.007852908909287392,0.7534057524618964,33.0
Causes,0.010967634385863108,0.8738164596650488,0.14594032883423427,0.8024632764555026,42.0
Hazard,,1.0,0.07483304400051387,0.8975218529893457,255.0
Impacts,0.02016462373122792,0.7339838400304295,0.11991171765523755,0.7728401219578209,81.0
Mitigation,-0.03211507966648243,0.7452631939636218,-0.6235687340682973,0.7698238651925341,13.0
