topic,sentiment_mean,sentiment_std,subjectivity_mean,subjectivity_std,counting
Adaptation,-0.023063068221112225,0.9073530798178533,0.005228366530603457,0.820381256889217,39.0
Causes,-0.07197798079891396,0.8532816997805553,0.06243905830475087,0.8637010309442098,65.0
Hazard,0.03604536811842209,0.9097310071104117,0.06345940685270064,0.9033056098053233,507.0
Impacts,-0.040481516139215384,0.854911952222897,0.019525560811539007,0.8938546481372479,104.0
Mitigation,-0.0105421870578064,0.7484721861547301,-0.3922072214184707,1.120531264619462,18.0
