topic,sentiment_mean,sentiment_std,subjectivity_mean,subjectivity_std,counting
Adaptation,-0.13280632193568073,0.932718427537984,0.031015262356234193,0.8587588292965853,43.0
Causes,-0.17946119847056974,0.815995032065122,0.0020649887611376835,0.840272450012023,83.0
Hazard,0.04547812315682434,0.908547251651815,0.057261434185833016,0.9146912493281971,861.0
Impacts,-0.06692682765880748,0.8707431447693718,-0.001701711664920307,0.8971267770452532,136.0
Mitigation,0.10066807395979022,0.9647274829352022,-0.2885405829392198,1.0455365080601227,27.0
