topic,sentiment_mean,sentiment_std,subjectivity_mean,subjectivity_std,counting
Adaptation,0.03806913973458078,0.8907068592444476,0.0011246572808262414,0.7460926778436697,33.0
Causes,0.013085290377075271,0.8793066980613241,0.14708371955094687,0.8019174408298326,42.0
Hazard,,1.0,0.07329661198184545,0.9027256197946595,266.0
Impacts,0.016477217985443833,0.7366071550374748,0.12467354345167084,0.7636961733002431,81.0
Mitigation,-0.13793483580724622,0.5733721356770011,-0.6005818542924253,0.7622763430213748,13.0
