topic,sentiment_mean,sentiment_std,subjectivity_mean,subjectivity_std,counting
Adaptation,-0.10953558172865112,0.8422399397139181,0.033429570858921384,0.8441286585603963,42.0
Causes,-0.1251141340213307,0.8396324980511137,0.035286963779918454,0.8558678376340687,73.0
Hazard,0.049799511615455275,0.9171424301408146,0.05292960086419022,0.9112568336648322,656.0
Impacts,-0.06054276919315212,0.8667424323564524,0.06329178573354852,0.8936089307862314,117.0
Mitigation,-0.07034751203463867,0.7268838734024619,-0.3990920317952291,1.0779581445377047,21.0
