topic,sentiment_mean,sentiment_std,subjectivity_mean,subjectivity_std,counting
Adaptation,-0.12248847040190837,0.8405574725807512,0.05082174891544423,0.8432764414412904,43.0
Causes,-0.12599577138310686,0.8392800693778384,0.04168380891151592,0.8606726748049615,74.0
Hazard,0.05177962139391783,0.9174010494549275,0.056618792089986485,0.9089645157571868,706.0
Impacts,-0.0728399132300427,0.8567114343386102,0.04016345196049643,0.8918995233614443,122.0
Mitigation,-0.11167855579566567,0.6803774317333102,-0.4385076472591192,1.0691756243586839,22.0
