topic,sentiment_mean,sentiment_std,subjectivity_mean,subjectivity_std,counting
Adaptation,0.07697808562683835,0.8675410825755024,0.045887646044382634,0.726309302648042,33.0
Causes,0.02950401407254957,0.8292260570238338,0.18363340900918462,0.8081912372980155,39.0
Hazard,,1.0,0.08057270000205383,0.906300030843762,221.0
Impacts,0.019954897545546958,0.7335409864073607,0.14433290530169654,0.7293594628073408,79.0
Mitigation,-0.08088811311098804,0.7607862407025642,-0.6696373917732014,0.7655151148534879,12.0
