topic,sentiment_mean,sentiment_std,subjectivity_mean,subjectivity_std,counting
Adaptation,-0.14014076513954737,0.8668723717810737,0.036123700773696935,0.8480710017815839,43.0
Causes,-0.1805215301546969,0.8307463391312561,0.01695423610497418,0.8520125078924268,77.0
Hazard,0.05267968999289736,0.9137721060639872,0.05683180775181778,0.9099809388745199,792.0
Impacts,-0.06325146173220281,0.861869781631531,0.031110794645530473,0.8844556169471116,128.0
Mitigation,-0.09425110193231943,0.6721482886466362,-0.4202851611911789,1.0523857048054892,23.0
