topic,sentiment_mean,sentiment_std,subjectivity_mean,subjectivity_std,counting
Adaptation,0.10719388621246148,0.8157113503486496,0.05011748119921485,0.7383208131718229,33.0
Causes,0.037410713914267264,0.7886311830507493,0.10829050382694054,0.780222692309435,30.0
Hazard,-0.009738096514664715,0.8717228694239352,0.08129795108213085,0.8891662446403815,168.0
Impacts,0.010456377141583727,0.7405740847906497,0.12152062530733752,0.8007278397015571,71.0
Mitigation,-0.06771443299357975,0.6780379838560221,-0.34484062311045066,0.9363844064366602,6.0
