topic,sentiment_mean,sentiment_std,subjectivity_mean,subjectivity_std,counting
Adaptation,-0.04256003336744252,0.916907222450761,0.0023659497716176925,0.8319549717068475,39.0
Causes,-0.10378652965567829,0.8383480417961201,0.04675579499617535,0.8539045159678388,65.0
Hazard,0.03887544277220523,0.9121671453280532,0.06195758581807477,0.9065308542360515,544.0
Impacts,-0.03414368128271097,0.8523888231490495,0.02605613660568435,0.8874812614873528,108.0
Mitigation,-0.026758186480843552,0.7474578916053752,-0.40122910197946027,1.1274638573504008,18.0
