topic,sentiment_mean,sentiment_std,subjectivity_mean,subjectivity_std,counting
Adaptation,-0.12758453836547665,0.9576555907372851,0.052399368041756336,0.8722530775795119,43.0
Causes,-0.21999805949294662,0.8513998979380073,-0.08836418484456793,0.836633497722022,99.0
Hazard,0.049476890633802194,0.9147753535565645,0.062154721323668914,0.924158405455986,946.0
Impacts,-0.07808914007532936,0.8554727663963334,-0.0047314894131502425,0.8912742547739547,151.0
Mitigation,0.13182089256972787,0.9457480119267601,-0.25687135214780266,1.0101408760059352,30.0
