topic,sentiment_mean,sentiment_std,subjectivity_mean,subjectivity_std,counting
Adaptation,-0.03893191211760967,0.9268269008365393,0.0035198417042297094,0.8359144099338518,40.0
Causes,-0.10944621432729183,0.8503511949817427,0.03669884869728641,0.8652151018578749,67.0
Hazard,0.0402876275141141,0.911595306680988,0.05465928069714438,0.9089488206282182,568.0
Impacts,-0.03984677576179656,0.856827233707409,0.06054528659417477,0.8853641810425054,110.0
Mitigation,-0.022387644190414592,0.7525082725466966,-0.39396147535778847,1.1302425087970642,18.0
