topic,sentiment_mean,sentiment_std,subjectivity_mean,subjectivity_std,counting
Adaptation,-0.13093799561288336,0.9099592730655465,0.03623286420632665,0.8550158917798468,43.0
Causes,-0.1866715869821252,0.8289353679609119,-0.028133619887534857,0.8501736335133928,80.0
Hazard,0.05163540026834364,0.9116211384777536,0.06328866730890463,0.9107619008298415,840.0
Impacts,-0.07039941766357996,0.8748379643576294,0.007254662716994604,0.8984271134581389,133.0
Mitigation,-0.08657761842583053,0.6777083684946366,-0.41960385212419815,1.0510205768795113,23.0
