topic,sentiment_mean,sentiment_std,subjectivity_mean,subjectivity_std,counting
Adaptation,0.010648975180288484,0.908683552262098,-0.00038135029324499635,0.8229319265472235,39.0
Causes,-0.007622318412538295,0.8635538326039991,0.09717458182300867,0.8525114425280241,60.0
Hazard,0.0205849985349781,0.9003596239767477,0.05876036308292292,0.903856780091398,460.0
Impacts,-0.026294262266973564,0.8605964468324374,0.038483041571675876,0.876356104166217,102.0
Mitigation,0.05660450226936302,0.7416372996997247,-0.31765817108012023,1.0932104445643331,17.0
