topic,sentiment_mean,sentiment_std,subjectivity_mean,subjectivity_std,counting
Adaptation,0.02357337757991932,0.8263829650575927,0.06949530632160986,0.6982858368993219,33.0
Causes,0.0661993295565814,0.7920309975216165,-0.0037057164242323137,0.8903120117222421,8.0
Hazard,-0.005652869243683454,0.7660814850296869,0.19961546199111851,0.7903050837862587,74.0
Impacts,0.028158399719317214,0.6789366510666603,0.1108612793146353,0.7612836746972951,58.0
Mitigation,-0.03582007208675372,0.46828222255259155,-0.24201370813182757,0.7610007203357531,6.0
