topic,sentiment_mean,sentiment_std,subjectivity_mean,subjectivity_std,counting
Adaptation,0.10028170826853515,0.8214523311122532,0.0454335993886585,0.7402342342730672,33.0
Causes,0.028870733123103634,0.794132426700242,0.10966597314107845,0.7571735778426872,32.0
Hazard,-0.004986581538507612,0.8780597005755877,0.08566114068356402,0.9044422327981076,181.0
Impacts,0.014447949552925849,0.7348003831635079,0.10045347351662616,0.7791048242689166,73.0
Mitigation,-0.06771443299357975,0.6780379838560221,-0.34484062311045066,0.9363844064366602,6.0
