domain,sentiment_mean,sentiment_std,subjectivity_mean,subjectivity_std,counting
english.khabarhub.com,-0.007212000962000957,0.051024174987202124,0.30240440115440115,0.12363834071084488,6.0
nep123.com,0.23072916666666668,0.21581488217464423,0.6680803571428572,0.21749846974889783,2.0
www.foxnews.com,0.2431818181818182,0.1510637214353079,0.42727272727272725,0.03856946079199349,2.0
www.bbc.com,0.0,1.0,0.0,1.0,1.0
www.cbsnews.com,0.0,1.0,0.0,1.0,1.0
www.thestar.com.my,0.0,1.0,0.0,1.0,1.0
www.tmz.com,0.0,1.0,0.0,1.0,1.0
www.wpxi.com,0.0,1.0,0.0,1.0,1.0
