topic,sentiment_mean,sentiment_std,subjectivity_mean,subjectivity_std,counting
Adaptation,0.016735286447316602,0.9341512996278828,0.013854281475934802,0.7648712650414464,33.0
Causes,-0.005559336687992811,0.8893444043366351,0.12474655343428967,0.8460568091188245,49.0
Hazard,0.008695896788603849,0.8876091883457058,0.06386261996228598,0.9050087336825995,353.0
Impacts,0.0487499141956764,0.7492453092390564,0.09095346978269823,0.755098774279776,88.0
Mitigation,0.021354287686327255,0.7259909659697634,-0.29793269808012524,1.081091369178795,17.0
