keyword,sentiment_mean,sentiment_std,subjectivity_mean,subjectivity_std,counting
'landslide road',0.1260705977285923,0.8197876030400697,0.13239010952606922,0.8462448923936572,8.0
'landslide',0.06458333333333333,0.58501246425468,0.17541666666666694,0.6201931822693093,4.0
'rock fall',-0.044791666666666674,0.23128284301309993,0.45833333333333337,0.22391714737574012,2.0
'rockfall',-1.0835647818287386,1.0,-0.929358971446649,1.0,1.0
