topic,sentiment_mean,sentiment_std,subjectivity_mean,subjectivity_std,counting
Adaptation,0.0712941232916639,0.8162341181221247,0.04244616574402448,0.7420475351388357,33.0
Causes,-0.15178558595744918,0.8866834467192116,0.036296381852877625,0.8694729257553718,13.0
Hazard,0.013347240122498815,0.774836536084261,0.1688501734265412,0.8020021916209276,96.0
Impacts,0.0311593288306639,0.7156170320256185,0.09455473504031527,0.7807897370099536,58.0
Mitigation,-0.019159185327538835,0.44505797958165255,-0.2291194742285306,0.7487259802288911,6.0
