topic,sentiment_mean,sentiment_std,subjectivity_mean,subjectivity_std,counting
Adaptation,-0.104388131184468,0.8425737610463546,0.036312480112981084,0.8471691250296973,42.0
Causes,-0.1311196184193961,0.8334902023347603,0.03849131665937198,0.8673131309113774,73.0
Hazard,0.050554836165617394,0.918521315096125,0.057187681539980266,0.907924311701403,682.0
Impacts,-0.06745519191020914,0.8611506880077433,0.040013084848237665,0.8946359568535182,122.0
Mitigation,-0.11004553057418347,0.6811056320835003,-0.4375877647148548,1.0686383044002312,22.0
