keyword,sentiment_mean,sentiment_std,subjectivity_mean,subjectivity_std,counting
'landslide rain',0.3485533905932738,0.5070710678118655,0.533553390593274,0.24544155877284324,2.0
'landslide road',-0.006411122986293427,0.8637174924407303,-0.021992289098458358,0.9171256406349793,9.0
'landslide',0.04551476695665097,0.5846710118841207,0.19303314639345875,0.5587412646335375,11.0
'rock fall',-0.044791666666666674,0.23128284301309993,0.45833333333333337,0.22391714737574012,2.0
'rockfall',-1.0835647818287386,1.0,-0.929358971446649,1.0,1.0
